fold_id,shipment_date,customer_state,n_shipments,y_pred_lgb,y_pred_seasn,is_operational
1,2017-11-01,AC,0,0.0,0.0,1
1,2017-11-02,AC,0,0.0,0.0,0
1,2017-11-03,AC,0,0.0,0.0,1
1,2017-11-04,AC,0,0.0,0.0,1
1,2017-11-05,AC,0,0.0,0.0,0
1,2017-11-06,AC,0,0.005303441613627483,0.0,1
1,2017-11-07,AC,1,0.0,0.0,1
1,2017-11-08,AC,0,0.0,0.0,1
1,2017-11-09,AC,0,0.0,0.0,1
1,2017-11-10,AC,0,0.0,0.0,1
1,2017-11-11,AC,0,0.0,0.0,1
1,2017-11-12,AC,0,0.0,0.0,0
1,2017-11-13,AC,0,0.0,0.0,1
1,2017-11-14,AC,0,0.0,0.0,1
1,2017-11-15,AC,0,0.0,0.0,0
1,2017-11-16,AC,0,0.0,0.0,1
1,2017-11-17,AC,0,0.001059844583224431,0.0,1
1,2017-11-18,AC,0,0.0,0.0,1
1,2017-11-19,AC,0,0.0,0.0,0
1,2017-11-20,AC,0,0.029362191625718452,0.0,1
1,2017-11-21,AC,0,0.0,0.0,1
1,2017-11-22,AC,0,0.0,0.0,1
1,2017-11-23,AC,0,0.0,0.0,1
1,2017-11-24,AC,1,0.0,0.0,1
1,2017-11-25,AC,0,0.0,0.0,1
1,2017-11-26,AC,0,0.0,0.0,0
1,2017-11-27,AC,2,0.0,0.0,1
1,2017-11-28,AC,0,0.0,0.0,1
1,2017-11-29,AC,0,0.0,0.0,1
1,2017-11-30,AC,1,0.006957059698644368,0.0,1
1,2017-12-01,AC,0,0.036137110273253885,0.0,1
1,2017-12-02,AC,0,0.0,0.0,1
1,2017-12-03,AC,0,0.0,0.0,0
1,2017-12-04,AC,0,0.041098162230466403,0.0,1
1,2017-12-05,AC,0,0.0,0.0,1
1,2017-12-06,AC,0,0.0,0.0,1
1,2017-12-07,AC,0,0.0,0.0,1
1,2017-12-08,AC,0,0.0,0.0,1
1,2017-12-09,AC,0,0.0,0.0,1
1,2017-12-10,AC,0,0.0,0.0,0
1,2017-12-11,AC,0,0.0,0.0,1
1,2017-12-12,AC,1,0.015088158654690558,0.0,1
1,2017-12-13,AC,0,9.38497489666765e-06,0.0,1
1,2017-12-14,AC,0,0.025288256403077233,0.0,1
1,2017-12-15,AC,0,0.021676348578496797,0.0,1
1,2017-12-16,AC,0,0.0,0.0,1
1,2017-12-17,AC,0,0.0,0.0,0
1,2017-12-18,AC,1,0.1373131230486318,0.0,1
1,2017-12-19,AC,0,0.0,0.0,1
1,2017-12-20,AC,0,0.0,0.0,1
1,2017-12-21,AC,0,0.0,0.0,1
1,2017-12-22,AC,0,0.0,0.0,1
1,2017-12-23,AC,0,0.0,0.0,1
1,2017-12-24,AC,0,0.0,0.0,0
1,2017-12-25,AC,0,0.0,0.0,0
1,2017-12-26,AC,2,0.0409596185726088,0.0,1
1,2017-12-27,AC,1,0.034011782851012085,0.0,1
1,2017-12-28,AC,0,0.015759110752613603,0.0,1
1,2017-12-29,AC,0,0.011317721311536322,0.0,1
1,2017-12-30,AC,0,0.0,0.0,1
1,2017-12-31,AC,0,0.0,0.0,0
1,2018-01-01,AC,0,0.0,0.0,0
1,2018-01-02,AC,0,0.0,0.0,1
1,2018-01-03,AC,0,0.0,0.0,1
1,2018-01-04,AC,0,0.0,0.0,1
1,2018-01-05,AC,0,0.0,0.0,1
1,2018-01-06,AC,0,0.015442132291285963,0.0,1
1,2018-01-07,AC,0,0.0,0.0,0
1,2018-01-08,AC,0,0.10257008248557686,0.0,1
1,2018-01-09,AC,0,0.03570136595789494,0.0,1
1,2018-01-10,AC,1,0.0360308775208029,0.0,1
1,2018-01-11,AC,0,0.017785597870449196,0.0,1
1,2018-01-12,AC,2,0.08958120713463034,0.0,1
1,2018-01-13,AC,0,0.0,0.0,1
1,2018-01-14,AC,0,0.0,0.0,0
1,2018-01-15,AC,0,0.01213734788481097,0.0,1
1,2018-01-16,AC,1,0.0,0.0,1
1,2018-01-17,AC,1,0.0,0.0,1
1,2018-01-18,AC,0,0.0,0.0,1
1,2018-01-19,AC,0,0.0,0.0,1
1,2018-01-20,AC,0,0.04153459440995306,0.0,1
1,2018-01-21,AC,0,0.0,0.0,0
1,2018-01-22,AC,0,0.04903698306016398,0.0,1
1,2018-01-23,AC,0,0.0,0.0,1
1,2018-01-24,AC,0,0.0,0.0,1
1,2018-01-25,AC,0,0.038529156836212025,0.0,1
1,2018-01-26,AC,0,0.05153976348252296,0.0,1
1,2018-01-27,AC,0,0.0,0.0,1
1,2018-01-28,AC,0,0.0,0.0,0
1,2018-01-29,AC,0,0.07956036037789302,0.0,1
1,2018-01-30,AC,0,0.0823264212139021,0.0,1
1,2018-01-31,AC,0,0.06321076598205114,0.0,1
1,2017-11-01,AL,2,0.6279422913574874,1.0,1
1,2017-11-02,AL,0,0.0,0.0,0
1,2017-11-03,AL,2,0.540499971982736,0.0,1
1,2017-11-04,AL,0,0.042906995701156074,0.0,1
1,2017-11-05,AL,0,0.0,0.0,0
1,2017-11-06,AL,1,0.7949701915647627,1.0,1
1,2017-11-07,AL,3,0.7471957094104065,2.0,1
1,2017-11-08,AL,0,0.6739354877409701,1.0,1
1,2017-11-09,AL,0,0.5126032205075034,0.0,1
1,2017-11-10,AL,3,0.5517261387625589,0.0,1
1,2017-11-11,AL,0,0.0392354554021276,0.0,1
1,2017-11-12,AL,0,0.0,0.0,0
1,2017-11-13,AL,0,0.8080054630699082,1.0,1
1,2017-11-14,AL,0,0.5212834347352124,2.0,1
1,2017-11-15,AL,0,0.0,1.0,0
1,2017-11-16,AL,1,0.5670576796613145,0.0,1
1,2017-11-17,AL,2,0.7096176097024628,0.0,1
1,2017-11-18,AL,0,0.18912680331253517,0.0,1
1,2017-11-19,AL,0,0.0,0.0,0
1,2017-11-20,AL,0,0.782467355158532,1.0,1
1,2017-11-21,AL,1,0.7390397008643443,2.0,1
1,2017-11-22,AL,1,0.6304758302572362,1.0,1
1,2017-11-23,AL,1,0.736096879791744,0.0,1
1,2017-11-24,AL,1,0.7307034195878406,0.0,1
1,2017-11-25,AL,0,0.1496826939140452,0.0,1
1,2017-11-26,AL,0,0.0,0.0,0
1,2017-11-27,AL,1,0.8264304518877026,1.0,1
1,2017-11-28,AL,7,0.7896443534831139,2.0,1
1,2017-11-29,AL,1,0.5883776379555841,1.0,1
1,2017-11-30,AL,1,0.8937963240867827,0.0,1
1,2017-12-01,AL,1,0.7228177420467642,0.0,1
1,2017-12-02,AL,0,0.15558674595360739,0.0,1
1,2017-12-03,AL,0,0.0,0.0,0
1,2017-12-04,AL,1,0.8329521869013089,1.0,1
1,2017-12-05,AL,3,0.7870479816082413,2.0,1
1,2017-12-06,AL,1,0.7027748610990704,1.0,1
1,2017-12-07,AL,0,0.7144414284356359,0.0,1
1,2017-12-08,AL,0,0.7084967630890976,0.0,1
1,2017-12-09,AL,0,0.15996383813207055,0.0,1
1,2017-12-10,AL,0,0.0,0.0,0
1,2017-12-11,AL,1,0.8095983241794981,1.0,1
1,2017-12-12,AL,2,0.5401233699451634,2.0,1
1,2017-12-13,AL,0,0.5480404400334637,1.0,1
1,2017-12-14,AL,1,0.46681140367618335,0.0,1
1,2017-12-15,AL,0,0.4615243908441068,0.0,1
1,2017-12-16,AL,0,0.098101368155807,0.0,1
1,2017-12-17,AL,0,0.0,0.0,0
1,2017-12-18,AL,1,0.6082177302937923,1.0,1
1,2017-12-19,AL,0,0.49657936968495675,2.0,1
1,2017-12-20,AL,1,0.5035836756567761,1.0,1
1,2017-12-21,AL,0,0.5234444730003176,0.0,1
1,2017-12-22,AL,0,0.5173428459951689,0.0,1
1,2017-12-23,AL,0,0.13653797127171827,0.0,1
1,2017-12-24,AL,0,0.0,0.0,0
1,2017-12-25,AL,0,0.0,1.0,0
1,2017-12-26,AL,0,0.5386952830873044,2.0,1
1,2017-12-27,AL,1,0.5471276448767044,1.0,1
1,2017-12-28,AL,1,0.5209012655292156,0.0,1
1,2017-12-29,AL,0,0.525392949902986,0.0,1
1,2017-12-30,AL,0,0.14539787937823773,0.0,1
1,2017-12-31,AL,0,0.0,0.0,0
1,2018-01-01,AL,0,0.0,1.0,0
1,2018-01-02,AL,0,0.45964121846400824,2.0,1
1,2018-01-03,AL,0,0.46446105619237277,1.0,1
1,2018-01-04,AL,1,0.4219824663503198,0.0,1
1,2018-01-05,AL,2,0.4607057287684175,0.0,1
1,2018-01-06,AL,0,0.17095769193874508,0.0,1
1,2018-01-07,AL,0,0.0,0.0,0
1,2018-01-08,AL,0,0.4352610686190754,1.0,1
1,2018-01-09,AL,1,0.4909205980262776,2.0,1
1,2018-01-10,AL,0,0.4957516501363709,1.0,1
1,2018-01-11,AL,1,0.452223030241648,0.0,1
1,2018-01-12,AL,2,0.5162666662056955,0.0,1
1,2018-01-13,AL,0,0.1151263170383252,0.0,1
1,2018-01-14,AL,0,0.0,0.0,0
1,2018-01-15,AL,6,0.4424723689741076,1.0,1
1,2018-01-16,AL,1,0.5174612527946812,2.0,1
1,2018-01-17,AL,4,0.45993420330435886,1.0,1
1,2018-01-18,AL,0,0.40799033859723377,0.0,1
1,2018-01-19,AL,1,0.49106399702421155,0.0,1
1,2018-01-20,AL,1,0.10491188708250819,0.0,1
1,2018-01-21,AL,0,0.0,0.0,0
1,2018-01-22,AL,0,0.6514889294907981,1.0,1
1,2018-01-23,AL,5,0.4883388101594534,2.0,1
1,2018-01-24,AL,0,0.43080360226888625,1.0,1
1,2018-01-25,AL,3,0.41759375932575193,0.0,1
1,2018-01-26,AL,2,0.43431509340782953,0.0,1
1,2018-01-27,AL,0,0.05391449796789538,0.0,1
1,2018-01-28,AL,0,0.0,0.0,0
1,2018-01-29,AL,2,0.7544787043294481,1.0,1
1,2018-01-30,AL,2,0.6374981046453135,2.0,1
1,2018-01-31,AL,1,0.6319352326881832,1.0,1
1,2017-11-01,AM,0,0.0,0.0,1
1,2017-11-02,AM,0,0.0,0.0,0
1,2017-11-03,AM,0,0.028052198002283313,0.0,1
1,2017-11-04,AM,0,0.0,0.0,1
1,2017-11-05,AM,0,0.0,0.0,0
1,2017-11-06,AM,0,0.033172410855026584,0.0,1
1,2017-11-07,AM,1,0.0,0.0,1
1,2017-11-08,AM,0,0.0,0.0,1
1,2017-11-09,AM,0,0.0,0.0,1
1,2017-11-10,AM,0,0.0,0.0,1
1,2017-11-11,AM,0,0.0,0.0,1
1,2017-11-12,AM,0,0.0,0.0,0
1,2017-11-13,AM,0,0.003908694790385072,0.0,1
1,2017-11-14,AM,1,0.0,0.0,1
1,2017-11-15,AM,0,0.0,0.0,0
1,2017-11-16,AM,1,0.0,0.0,1
1,2017-11-17,AM,0,0.03157447963801474,0.0,1
1,2017-11-18,AM,0,0.0,0.0,1
1,2017-11-19,AM,0,0.0,0.0,0
1,2017-11-20,AM,1,0.02522855145949756,0.0,1
1,2017-11-21,AM,0,0.0,0.0,1
1,2017-11-22,AM,1,0.0,0.0,1
1,2017-11-23,AM,0,0.0002968452397528957,0.0,1
1,2017-11-24,AM,1,0.0,0.0,1
1,2017-11-25,AM,0,0.0,0.0,1
1,2017-11-26,AM,0,0.0,0.0,0
1,2017-11-27,AM,0,0.030542651916781984,0.0,1
1,2017-11-28,AM,0,0.0,0.0,1
1,2017-11-29,AM,1,0.0,0.0,1
1,2017-11-30,AM,2,0.09777674409939674,0.0,1
1,2017-12-01,AM,0,0.038772104957178206,0.0,1
1,2017-12-02,AM,0,0.0,0.0,1
1,2017-12-03,AM,0,0.0,0.0,0
1,2017-12-04,AM,1,0.03676723471788254,0.0,1
1,2017-12-05,AM,0,0.0,0.0,1
1,2017-12-06,AM,1,0.0,0.0,1
1,2017-12-07,AM,0,0.007023341263732158,0.0,1
1,2017-12-08,AM,0,0.0,0.0,1
1,2017-12-09,AM,0,0.0,0.0,1
1,2017-12-10,AM,0,0.0,0.0,0
1,2017-12-11,AM,0,0.03905059502565811,0.0,1
1,2017-12-12,AM,1,0.0,0.0,1
1,2017-12-13,AM,1,0.0022900360786717493,0.0,1
1,2017-12-14,AM,0,0.0,0.0,1
1,2017-12-15,AM,1,0.023785877980950342,0.0,1
1,2017-12-16,AM,0,0.0,0.0,1
1,2017-12-17,AM,0,0.0,0.0,0
1,2017-12-18,AM,0,0.11421768964646775,0.0,1
1,2017-12-19,AM,0,0.0008991441578067648,0.0,1
1,2017-12-20,AM,0,0.0,0.0,1
1,2017-12-21,AM,0,0.018281945837035327,0.0,1
1,2017-12-22,AM,0,0.0,0.0,1
1,2017-12-23,AM,0,0.0,0.0,1
1,2017-12-24,AM,0,0.0,0.0,0
1,2017-12-25,AM,0,0.0,0.0,0
1,2017-12-26,AM,0,0.0,0.0,1
1,2017-12-27,AM,0,0.03631516537177955,0.0,1
1,2017-12-28,AM,1,0.0,0.0,1
1,2017-12-29,AM,0,0.01343513318323922,0.0,1
1,2017-12-30,AM,0,0.0,0.0,1
1,2017-12-31,AM,0,0.0,0.0,0
1,2018-01-01,AM,0,0.0,0.0,0
1,2018-01-02,AM,1,0.0,0.0,1
1,2018-01-03,AM,0,0.0,0.0,1
1,2018-01-04,AM,0,0.0,0.0,1
1,2018-01-05,AM,0,0.0,0.0,1
1,2018-01-06,AM,0,0.01621503530544246,0.0,1
1,2018-01-07,AM,0,0.0,0.0,0
1,2018-01-08,AM,0,0.13175788859686585,0.0,1
1,2018-01-09,AM,1,0.0,0.0,1
1,2018-01-10,AM,0,0.0376104532074921,0.0,1
1,2018-01-11,AM,0,0.0,0.0,1
1,2018-01-12,AM,0,0.09236205977085298,0.0,1
1,2018-01-13,AM,0,0.0,0.0,1
1,2018-01-14,AM,0,0.0,0.0,0
1,2018-01-15,AM,2,0.04306674497023129,0.0,1
1,2018-01-16,AM,1,0.0,0.0,1
1,2018-01-17,AM,1,0.0,0.0,1
1,2018-01-18,AM,0,0.0,0.0,1
1,2018-01-19,AM,0,0.0,0.0,1
1,2018-01-20,AM,0,0.04248622107960314,0.0,1
1,2018-01-21,AM,0,0.0,0.0,0
1,2018-01-22,AM,0,0.08011983334151984,0.0,1
1,2018-01-23,AM,2,0.0,0.0,1
1,2018-01-24,AM,2,0.0015890797943097273,0.0,1
1,2018-01-25,AM,0,0.0,0.0,1
1,2018-01-26,AM,1,0.05479980050880011,0.0,1
1,2018-01-27,AM,0,0.0,0.0,1
1,2018-01-28,AM,0,0.0,0.0,0
1,2018-01-29,AM,0,0.1104144413262726,0.0,1
1,2018-01-30,AM,1,0.08548991544204693,0.0,1
1,2018-01-31,AM,0,0.029180077132787367,0.0,1
1,2017-11-01,AP,0,0.0,2.0,1
1,2017-11-02,AP,0,0.0,0.0,0
1,2017-11-03,AP,0,0.0,0.0,1
1,2017-11-04,AP,0,0.0,0.0,1
1,2017-11-05,AP,0,0.0,0.0,0
1,2017-11-06,AP,1,0.0,0.0,1
1,2017-11-07,AP,0,0.0,0.0,1
1,2017-11-08,AP,0,0.0,2.0,1
1,2017-11-09,AP,0,0.0,0.0,1
1,2017-11-10,AP,0,0.0,0.0,1
1,2017-11-11,AP,0,0.0,0.0,1
1,2017-11-12,AP,0,0.0,0.0,0
1,2017-11-13,AP,0,0.0,0.0,1
1,2017-11-14,AP,0,0.0,0.0,1
1,2017-11-15,AP,0,0.0,2.0,0
1,2017-11-16,AP,0,0.0,0.0,1
1,2017-11-17,AP,0,0.0,0.0,1
1,2017-11-18,AP,0,0.0,0.0,1
1,2017-11-19,AP,0,0.0,0.0,0
1,2017-11-20,AP,0,0.0,0.0,1
1,2017-11-21,AP,0,0.0,0.0,1
1,2017-11-22,AP,0,0.0,2.0,1
1,2017-11-23,AP,0,0.0,0.0,1
1,2017-11-24,AP,0,0.0,0.0,1
1,2017-11-25,AP,0,0.0,0.0,1
1,2017-11-26,AP,0,0.0,0.0,0
1,2017-11-27,AP,2,0.0,0.0,1
1,2017-11-28,AP,0,0.0,0.0,1
1,2017-11-29,AP,0,0.0,2.0,1
1,2017-11-30,AP,0,0.0,0.0,1
1,2017-12-01,AP,0,0.0,0.0,1
1,2017-12-02,AP,0,0.0,0.0,1
1,2017-12-03,AP,0,0.0,0.0,0
1,2017-12-04,AP,0,0.0,0.0,1
1,2017-12-05,AP,1,0.0,0.0,1
1,2017-12-06,AP,1,0.0,2.0,1
1,2017-12-07,AP,0,0.0,0.0,1
1,2017-12-08,AP,0,0.0,0.0,1
1,2017-12-09,AP,0,0.0,0.0,1
1,2017-12-10,AP,0,0.0,0.0,0
1,2017-12-11,AP,0,0.002126923713208551,0.0,1
1,2017-12-12,AP,1,0.0,0.0,1
1,2017-12-13,AP,0,0.0,2.0,1
1,2017-12-14,AP,0,0.0,0.0,1
1,2017-12-15,AP,0,0.0,0.0,1
1,2017-12-16,AP,0,0.0,0.0,1
1,2017-12-17,AP,0,0.0,0.0,0
1,2017-12-18,AP,0,0.007311712969445684,0.0,1
1,2017-12-19,AP,0,0.0,0.0,1
1,2017-12-20,AP,1,0.0,2.0,1
1,2017-12-21,AP,0,0.0,0.0,1
1,2017-12-22,AP,0,0.0,0.0,1
1,2017-12-23,AP,0,0.0,0.0,1
1,2017-12-24,AP,0,0.0,0.0,0
1,2017-12-25,AP,0,0.0,0.0,0
1,2017-12-26,AP,0,0.0,0.0,1
1,2017-12-27,AP,0,0.0,2.0,1
1,2017-12-28,AP,1,0.0,0.0,1
1,2017-12-29,AP,0,0.0,0.0,1
1,2017-12-30,AP,0,0.0,0.0,1
1,2017-12-31,AP,0,0.0,0.0,0
1,2018-01-01,AP,0,0.0,0.0,0
1,2018-01-02,AP,0,0.0,0.0,1
1,2018-01-03,AP,1,0.0,2.0,1
1,2018-01-04,AP,0,0.0,0.0,1
1,2018-01-05,AP,1,0.0,0.0,1
1,2018-01-06,AP,0,0.017731077726090463,0.0,1
1,2018-01-07,AP,0,0.0,0.0,0
1,2018-01-08,AP,2,0.044684597069226444,0.0,1
1,2018-01-09,AP,0,0.0,0.0,1
1,2018-01-10,AP,0,0.0,2.0,1
1,2018-01-11,AP,0,0.0,0.0,1
1,2018-01-12,AP,0,0.015882444937227392,0.0,1
1,2018-01-13,AP,0,0.0,0.0,1
1,2018-01-14,AP,0,0.0,0.0,0
1,2018-01-15,AP,0,0.0,0.0,1
1,2018-01-16,AP,0,0.0,0.0,1
1,2018-01-17,AP,1,0.0,2.0,1
1,2018-01-18,AP,0,0.0,0.0,1
1,2018-01-19,AP,1,0.0,0.0,1
1,2018-01-20,AP,0,0.05009244046218788,0.0,1
1,2018-01-21,AP,0,0.0,0.0,0
1,2018-01-22,AP,2,0.07353691640129438,0.0,1
1,2018-01-23,AP,1,0.0,0.0,1
1,2018-01-24,AP,1,0.0,2.0,1
1,2018-01-25,AP,0,0.0,0.0,1
1,2018-01-26,AP,0,0.03717543866506822,0.0,1
1,2018-01-27,AP,0,0.0,0.0,1
1,2018-01-28,AP,0,0.0,0.0,0
1,2018-01-29,AP,0,0.0,0.0,1
1,2018-01-30,AP,1,0.05956570998339045,0.0,1
1,2018-01-31,AP,0,0.03224930572866919,2.0,1
1,2017-11-01,BA,5,6.685767855856912,12.0,1
1,2017-11-02,BA,0,0.0,6.0,0
1,2017-11-03,BA,4,5.214106315064567,9.0,1
1,2017-11-04,BA,3,0.0,0.0,1
1,2017-11-05,BA,0,0.0,0.0,0
1,2017-11-06,BA,6,7.127671125994324,4.0,1
1,2017-11-07,BA,5,5.376199266551723,6.0,1
1,2017-11-08,BA,6,5.835523759947757,12.0,1
1,2017-11-09,BA,11,3.9263775727854564,6.0,1
1,2017-11-10,BA,4,4.7981905234823365,9.0,1
1,2017-11-11,BA,0,0.011024063884743418,0.0,1
1,2017-11-12,BA,0,0.0,0.0,0
1,2017-11-13,BA,3,6.027560531901739,4.0,1
1,2017-11-14,BA,11,6.014916589069273,6.0,1
1,2017-11-15,BA,0,0.0,12.0,0
1,2017-11-16,BA,9,5.280590289969716,6.0,1
1,2017-11-17,BA,10,5.024223202398741,9.0,1
1,2017-11-18,BA,0,0.0,0.0,1
1,2017-11-19,BA,0,0.0,0.0,0
1,2017-11-20,BA,4,6.32909577735612,4.0,1
1,2017-11-21,BA,14,6.198951779586284,6.0,1
1,2017-11-22,BA,11,4.091436605703106,12.0,1
1,2017-11-23,BA,13,5.759522964023205,6.0,1
1,2017-11-24,BA,13,5.3382905806119485,9.0,1
1,2017-11-25,BA,4,0.10857524927869389,0.0,1
1,2017-11-26,BA,0,0.0,0.0,0
1,2017-11-27,BA,29,6.16124152149481,4.0,1
1,2017-11-28,BA,23,6.1542760322158525,6.0,1
1,2017-11-29,BA,21,5.554140990851977,12.0,1
1,2017-11-30,BA,14,6.367711855116286,6.0,1
1,2017-12-01,BA,8,5.543588365262344,9.0,1
1,2017-12-02,BA,2,0.0,0.0,1
1,2017-12-03,BA,0,0.0,0.0,0
1,2017-12-04,BA,14,6.102248922285143,4.0,1
1,2017-12-05,BA,11,6.0796950605235685,6.0,1
1,2017-12-06,BA,13,5.966087013131705,12.0,1
1,2017-12-07,BA,14,5.8671912099121615,6.0,1
1,2017-12-08,BA,9,5.610098935877077,9.0,1
1,2017-12-09,BA,5,0.01085058826465999,0.0,1
1,2017-12-10,BA,0,0.0,0.0,0
1,2017-12-11,BA,3,6.1648196429810405,4.0,1
1,2017-12-12,BA,10,6.709617845652547,6.0,1
1,2017-12-13,BA,10,6.720610230158793,12.0,1
1,2017-12-14,BA,7,7.019780638841226,6.0,1
1,2017-12-15,BA,8,6.790897366292085,9.0,1
1,2017-12-16,BA,1,0.0,0.0,1
1,2017-12-17,BA,0,0.0,0.0,0
1,2017-12-18,BA,9,7.676044249370861,4.0,1
1,2017-12-19,BA,12,7.37262753622733,6.0,1
1,2017-12-20,BA,16,6.960690239449262,12.0,1
1,2017-12-21,BA,6,6.722529376904569,6.0,1
1,2017-12-22,BA,8,6.613323581454347,9.0,1
1,2017-12-23,BA,1,0.0,0.0,1
1,2017-12-24,BA,0,0.0,0.0,0
1,2017-12-25,BA,0,0.0,4.0,0
1,2017-12-26,BA,8,7.309081467543685,6.0,1
1,2017-12-27,BA,9,6.919601126606932,12.0,1
1,2017-12-28,BA,10,6.939796696000133,6.0,1
1,2017-12-29,BA,1,6.830647782332888,9.0,1
1,2017-12-30,BA,0,0.0,0.0,1
1,2017-12-31,BA,0,0.0,0.0,0
1,2018-01-01,BA,0,0.0,4.0,0
1,2018-01-02,BA,7,7.3651117545722675,6.0,1
1,2018-01-03,BA,15,7.015506469417802,12.0,1
1,2018-01-04,BA,7,7.026442097993614,6.0,1
1,2018-01-05,BA,9,7.032852710093467,9.0,1
1,2018-01-06,BA,0,0.12370144252102133,0.0,1
1,2018-01-07,BA,0,0.0,0.0,0
1,2018-01-08,BA,12,3.9940527339345104,4.0,1
1,2018-01-09,BA,18,7.716073478900228,6.0,1
1,2018-01-10,BA,9,7.354502211655753,12.0,1
1,2018-01-11,BA,10,7.339891261286049,6.0,1
1,2018-01-12,BA,4,7.286188203143921,9.0,1
1,2018-01-13,BA,3,0.0,0.0,1
1,2018-01-14,BA,0,0.0,0.0,0
1,2018-01-15,BA,12,7.143843347277848,4.0,1
1,2018-01-16,BA,12,7.635610399153681,6.0,1
1,2018-01-17,BA,21,7.433224419919256,12.0,1
1,2018-01-18,BA,10,7.452184081616189,6.0,1
1,2018-01-19,BA,9,7.42868392812311,9.0,1
1,2018-01-20,BA,1,0.0,0.0,1
1,2018-01-21,BA,1,0.0,0.0,0
1,2018-01-22,BA,8,8.166738716507458,4.0,1
1,2018-01-23,BA,12,8.902560874185962,6.0,1
1,2018-01-24,BA,12,7.346917759375875,12.0,1
1,2018-01-25,BA,10,7.498128969323752,6.0,1
1,2018-01-26,BA,6,7.361922201339888,9.0,1
1,2018-01-27,BA,0,0.0,0.0,1
1,2018-01-28,BA,0,0.0,0.0,0
1,2018-01-29,BA,12,8.167741536391196,4.0,1
1,2018-01-30,BA,10,8.925211950128894,6.0,1
1,2018-01-31,BA,8,7.685066049285137,12.0,1
1,2017-11-01,CE,1,2.7837129770603184,3.0,1
1,2017-11-02,CE,0,0.0,2.0,0
1,2017-11-03,CE,3,2.101397633160219,4.0,1
1,2017-11-04,CE,0,0.01745823351531815,0.0,1
1,2017-11-05,CE,0,0.0,0.0,0
1,2017-11-06,CE,4,2.093840296090308,4.0,1
1,2017-11-07,CE,3,2.190580047783369,4.0,1
1,2017-11-08,CE,7,1.5885347782790105,3.0,1
1,2017-11-09,CE,3,1.751330717922621,2.0,1
1,2017-11-10,CE,3,1.1616937272361865,4.0,1
1,2017-11-11,CE,1,0.09606160712057285,0.0,1
1,2017-11-12,CE,0,0.0,0.0,0
1,2017-11-13,CE,1,1.9013964947423183,4.0,1
1,2017-11-14,CE,8,1.802162691730777,4.0,1
1,2017-11-15,CE,0,0.0,3.0,0
1,2017-11-16,CE,8,1.3791730964371023,2.0,1
1,2017-11-17,CE,4,1.2964608079267554,4.0,1
1,2017-11-18,CE,0,0.18387020615398453,0.0,1
1,2017-11-19,CE,0,0.0,0.0,0
1,2017-11-20,CE,2,1.585335995942753,4.0,1
1,2017-11-21,CE,4,1.452309068459233,4.0,1
1,2017-11-22,CE,4,1.6479731758893132,3.0,1
1,2017-11-23,CE,4,1.458430170869043,2.0,1
1,2017-11-24,CE,2,1.4599410673063802,4.0,1
1,2017-11-25,CE,1,0.19059929391980818,0.0,1
1,2017-11-26,CE,0,0.0,0.0,0
1,2017-11-27,CE,15,1.540034135470307,4.0,1
1,2017-11-28,CE,9,1.5095061629890674,4.0,1
1,2017-11-29,CE,5,1.443124403310091,3.0,1
1,2017-11-30,CE,5,1.6629155775913236,2.0,1
1,2017-12-01,CE,6,1.4685350926742602,4.0,1
1,2017-12-02,CE,0,0.19805468513519794,0.0,1
1,2017-12-03,CE,0,0.0,0.0,0
1,2017-12-04,CE,2,1.5311329331550794,4.0,1
1,2017-12-05,CE,12,1.5654458806505087,4.0,1
1,2017-12-06,CE,5,1.5118682653240803,3.0,1
1,2017-12-07,CE,1,1.5034850580496621,2.0,1
1,2017-12-08,CE,4,1.46535040095347,4.0,1
1,2017-12-09,CE,0,0.18594616011260615,0.0,1
1,2017-12-10,CE,0,0.0,0.0,0
1,2017-12-11,CE,4,1.5805524670739532,4.0,1
1,2017-12-12,CE,5,1.601485648806027,4.0,1
1,2017-12-13,CE,8,1.6582838771201105,3.0,1
1,2017-12-14,CE,4,1.4008866365082389,2.0,1
1,2017-12-15,CE,2,1.1210925380040533,4.0,1
1,2017-12-16,CE,0,0.07429486311278992,0.0,1
1,2017-12-17,CE,0,0.0,0.0,0
1,2017-12-18,CE,1,1.8456345798227682,4.0,1
1,2017-12-19,CE,5,1.7086154786455856,4.0,1
1,2017-12-20,CE,7,1.6129885207496921,3.0,1
1,2017-12-21,CE,2,1.1591870234662593,2.0,1
1,2017-12-22,CE,1,1.1716190736417427,4.0,1
1,2017-12-23,CE,0,0.11065103125985028,0.0,1
1,2017-12-24,CE,0,0.0,0.0,0
1,2017-12-25,CE,0,0.0,4.0,0
1,2017-12-26,CE,5,1.7240484776740483,4.0,1
1,2017-12-27,CE,6,1.6721172382955498,3.0,1
1,2017-12-28,CE,3,1.2427010135573644,2.0,1
1,2017-12-29,CE,1,1.213438279267329,4.0,1
1,2017-12-30,CE,1,0.10606747720297577,0.0,1
1,2017-12-31,CE,0,0.0,0.0,0
1,2018-01-01,CE,0,0.0,4.0,0
1,2018-01-02,CE,3,1.6672384822798538,4.0,1
1,2018-01-03,CE,4,1.5430375994359016,3.0,1
1,2018-01-04,CE,2,1.0376176546936218,2.0,1
1,2018-01-05,CE,8,1.035835738579042,4.0,1
1,2018-01-06,CE,0,0.21469788940472143,0.0,1
1,2018-01-07,CE,0,0.0,0.0,0
1,2018-01-08,CE,5,1.4532624490699009,4.0,1
1,2018-01-09,CE,3,1.7444302372042508,4.0,1
1,2018-01-10,CE,7,1.6137978670855908,3.0,1
1,2018-01-11,CE,5,1.1560660417081394,2.0,1
1,2018-01-12,CE,1,1.1858110269783455,4.0,1
1,2018-01-13,CE,0,0.01628085507859455,0.0,1
1,2018-01-14,CE,0,0.0,0.0,0
1,2018-01-15,CE,9,1.4517856161498384,4.0,1
1,2018-01-16,CE,2,1.8061953601442498,4.0,1
1,2018-01-17,CE,2,1.613180316863217,3.0,1
1,2018-01-18,CE,2,1.1567514034656536,2.0,1
1,2018-01-19,CE,4,1.1862384648413078,4.0,1
1,2018-01-20,CE,3,0.0,0.0,1
1,2018-01-21,CE,0,0.0,0.0,0
1,2018-01-22,CE,3,1.603098605142224,4.0,1
1,2018-01-23,CE,4,1.7938094705033643,4.0,1
1,2018-01-24,CE,8,1.6165781700126842,3.0,1
1,2018-01-25,CE,4,1.2417109448601487,2.0,1
1,2018-01-26,CE,5,1.1942823108409706,4.0,1
1,2018-01-27,CE,2,0.1012838301760917,0.0,1
1,2018-01-28,CE,0,0.0,0.0,0
1,2018-01-29,CE,0,2.49899435081329,4.0,1
1,2018-01-30,CE,4,2.1393702132897037,4.0,1
1,2018-01-31,CE,2,1.9927254333721696,3.0,1
1,2017-11-01,DF,7,3.5507218375909297,2.0,1
1,2017-11-02,DF,0,0.0,3.0,0
1,2017-11-03,DF,5,3.219786967448458,7.0,1
1,2017-11-04,DF,0,0.0008800606429366452,0.0,1
1,2017-11-05,DF,0,0.0,0.0,0
1,2017-11-06,DF,1,3.5387784637010014,4.0,1
1,2017-11-07,DF,3,3.85298810679065,7.0,1
1,2017-11-08,DF,2,2.2076232901887964,2.0,1
1,2017-11-09,DF,7,2.5583371567000976,3.0,1
1,2017-11-10,DF,6,3.366681719275306,7.0,1
1,2017-11-11,DF,1,0.010822103639176175,0.0,1
1,2017-11-12,DF,0,0.0,0.0,0
1,2017-11-13,DF,3,4.128027388568408,4.0,1
1,2017-11-14,DF,9,4.139089782350709,7.0,1
1,2017-11-15,DF,0,0.0,2.0,0
1,2017-11-16,DF,12,2.3760412668214124,3.0,1
1,2017-11-17,DF,7,2.315885761834801,7.0,1
1,2017-11-18,DF,0,0.0,0.0,1
1,2017-11-19,DF,0,0.0,0.0,0
1,2017-11-20,DF,3,2.8858271338896317,4.0,1
1,2017-11-21,DF,5,3.0774906934953408,7.0,1
1,2017-11-22,DF,5,2.6446227810877065,2.0,1
1,2017-11-23,DF,4,3.0140606698573187,3.0,1
1,2017-11-24,DF,9,2.77102426416301,7.0,1
1,2017-11-25,DF,3,0.14466475159974712,0.0,1
1,2017-11-26,DF,0,0.0,0.0,0
1,2017-11-27,DF,14,3.9648773998158173,4.0,1
1,2017-11-28,DF,10,3.9353972939829,7.0,1
1,2017-11-29,DF,19,3.4752609189302865,2.0,1
1,2017-11-30,DF,10,3.663491310515648,3.0,1
1,2017-12-01,DF,10,3.3650106044454775,7.0,1
1,2017-12-02,DF,3,0.0,0.0,1
1,2017-12-03,DF,0,0.0,0.0,0
1,2017-12-04,DF,9,3.8105452138020977,4.0,1
1,2017-12-05,DF,5,3.774789173156451,7.0,1
1,2017-12-06,DF,13,3.6878579329378764,2.0,1
1,2017-12-07,DF,4,3.5997318220294856,3.0,1
1,2017-12-08,DF,5,3.4066501462802474,7.0,1
1,2017-12-09,DF,2,0.14168352272405943,0.0,1
1,2017-12-10,DF,0,0.0,0.0,0
1,2017-12-11,DF,8,4.082086761467999,4.0,1
1,2017-12-12,DF,9,4.16806533916653,7.0,1
1,2017-12-13,DF,10,3.7809461780681084,2.0,1
1,2017-12-14,DF,6,3.8446366574156072,3.0,1
1,2017-12-15,DF,6,3.5847466501823373,7.0,1
1,2017-12-16,DF,0,0.0,0.0,1
1,2017-12-17,DF,0,0.0,0.0,0
1,2017-12-18,DF,8,4.176734514099786,4.0,1
1,2017-12-19,DF,8,4.005715613748005,7.0,1
1,2017-12-20,DF,10,3.969119282899751,2.0,1
1,2017-12-21,DF,6,3.812862387943921,3.0,1
1,2017-12-22,DF,5,3.641822471786272,7.0,1
1,2017-12-23,DF,0,0.0,0.0,1
1,2017-12-24,DF,0,0.0,0.0,0
1,2017-12-25,DF,0,0.0,4.0,0
1,2017-12-26,DF,5,3.8131927043415983,7.0,1
1,2017-12-27,DF,6,3.858328515007138,2.0,1
1,2017-12-28,DF,1,3.7545389349964875,3.0,1
1,2017-12-29,DF,1,3.5781895444199043,7.0,1
1,2017-12-30,DF,0,0.0,0.0,1
1,2017-12-31,DF,0,0.0,0.0,0
1,2018-01-01,DF,0,0.0,4.0,0
1,2018-01-02,DF,6,3.9188102406027046,7.0,1
1,2018-01-03,DF,4,3.911874491269891,2.0,1
1,2018-01-04,DF,7,3.7935325965153304,3.0,1
1,2018-01-05,DF,9,3.724255501092756,7.0,1
1,2018-01-06,DF,0,0.07209696169443851,0.0,1
1,2018-01-07,DF,0,0.0,0.0,0
1,2018-01-08,DF,4,2.252237479064992,4.0,1
1,2018-01-09,DF,14,4.123662816210735,7.0,1
1,2018-01-10,DF,5,4.142696058448375,2.0,1
1,2018-01-11,DF,4,3.925907025714446,3.0,1
1,2018-01-12,DF,3,3.810003720321456,7.0,1
1,2018-01-13,DF,3,0.0,0.0,1
1,2018-01-14,DF,0,0.0,0.0,0
1,2018-01-15,DF,4,3.886388345109476,4.0,1
1,2018-01-16,DF,6,4.160988104651419,7.0,1
1,2018-01-17,DF,9,4.120836185502745,2.0,1
1,2018-01-18,DF,8,4.009948673003831,3.0,1
1,2018-01-19,DF,9,3.940943760829077,7.0,1
1,2018-01-20,DF,0,0.0,0.0,1
1,2018-01-21,DF,0,0.0,0.0,0
1,2018-01-22,DF,3,4.425989154656581,4.0,1
1,2018-01-23,DF,4,4.292318847458573,7.0,1
1,2018-01-24,DF,4,4.131205373543236,2.0,1
1,2018-01-25,DF,2,4.2087434063239675,3.0,1
1,2018-01-26,DF,3,3.9972771833704392,7.0,1
1,2018-01-27,DF,0,0.0,0.0,1
1,2018-01-28,DF,0,0.0,0.0,0
1,2018-01-29,DF,9,4.814450037187905,4.0,1
1,2018-01-30,DF,8,4.563295048544836,7.0,1
1,2018-01-31,DF,6,4.543287562259595,2.0,1
1,2017-11-01,ES,1,3.7927959651631236,8.0,1
1,2017-11-02,ES,1,0.0,5.0,0
1,2017-11-03,ES,4,2.4684751167157084,3.0,1
1,2017-11-04,ES,1,0.0,0.0,1
1,2017-11-05,ES,0,0.0,0.0,0
1,2017-11-06,ES,5,4.129037034505436,4.0,1
1,2017-11-07,ES,4,4.163069872229077,5.0,1
1,2017-11-08,ES,1,3.8852679846771654,8.0,1
1,2017-11-09,ES,2,2.1475537922255468,5.0,1
1,2017-11-10,ES,1,2.94249889299713,3.0,1
1,2017-11-11,ES,0,0.0,0.0,1
1,2017-11-12,ES,0,0.0,0.0,0
1,2017-11-13,ES,0,4.854292784746623,4.0,1
1,2017-11-14,ES,9,4.634935781232189,5.0,1
1,2017-11-15,ES,1,0.0,8.0,0
1,2017-11-16,ES,10,3.4097402835343438,5.0,1
1,2017-11-17,ES,8,2.8329881972154616,3.0,1
1,2017-11-18,ES,2,0.0,0.0,1
1,2017-11-19,ES,0,0.0,0.0,0
1,2017-11-20,ES,5,4.844564283292475,4.0,1
1,2017-11-21,ES,7,4.823317670057635,5.0,1
1,2017-11-22,ES,10,2.7345565832587124,8.0,1
1,2017-11-23,ES,2,3.3701540170490363,5.0,1
1,2017-11-24,ES,7,3.0718162102777975,3.0,1
1,2017-11-25,ES,1,0.0,0.0,1
1,2017-11-26,ES,0,0.0,0.0,0
1,2017-11-27,ES,24,4.795865933810765,4.0,1
1,2017-11-28,ES,11,4.774895888087055,5.0,1
1,2017-11-29,ES,11,3.4641007961320547,8.0,1
1,2017-11-30,ES,15,3.9564207500712754,5.0,1
1,2017-12-01,ES,6,3.0957874495885855,3.0,1
1,2017-12-02,ES,2,0.0,0.0,1
1,2017-12-03,ES,0,0.0,0.0,0
1,2017-12-04,ES,11,4.731681773885199,4.0,1
1,2017-12-05,ES,14,4.7196541284345805,5.0,1
1,2017-12-06,ES,11,3.6499488165309644,8.0,1
1,2017-12-07,ES,9,4.544988771169223,5.0,1
1,2017-12-08,ES,8,3.08770898101889,3.0,1
1,2017-12-09,ES,0,0.0,0.0,1
1,2017-12-10,ES,0,0.0,0.0,0
1,2017-12-11,ES,7,4.711202998422038,4.0,1
1,2017-12-12,ES,5,5.000627131633474,5.0,1
1,2017-12-13,ES,13,4.739576428791981,8.0,1
1,2017-12-14,ES,8,4.884591786669634,5.0,1
1,2017-12-15,ES,8,3.291386957686157,3.0,1
1,2017-12-16,ES,0,0.0,0.0,1
1,2017-12-17,ES,0,0.0,0.0,0
1,2017-12-18,ES,12,4.946085439962929,4.0,1
1,2017-12-19,ES,1,4.871248216231585,5.0,1
1,2017-12-20,ES,2,4.98362346047341,8.0,1
1,2017-12-21,ES,1,4.562224088886912,5.0,1
1,2017-12-22,ES,6,3.320366652124393,3.0,1
1,2017-12-23,ES,0,0.0,0.0,1
1,2017-12-24,ES,0,0.0,0.0,0
1,2017-12-25,ES,0,0.0,4.0,0
1,2017-12-26,ES,3,5.235724707160433,5.0,1
1,2017-12-27,ES,8,5.091050144163022,8.0,1
1,2017-12-28,ES,2,4.970537904191356,5.0,1
1,2017-12-29,ES,0,3.636580003222281,3.0,1
1,2017-12-30,ES,0,0.001808730672647614,0.0,1
1,2017-12-31,ES,0,0.0,0.0,0
1,2018-01-01,ES,0,0.0,4.0,0
1,2018-01-02,ES,1,5.18072189150752,5.0,1
1,2018-01-03,ES,6,5.066159715128636,8.0,1
1,2018-01-04,ES,5,4.9593700141351835,5.0,1
1,2018-01-05,ES,5,4.935864218984734,3.0,1
1,2018-01-06,ES,0,0.021422729517221507,0.0,1
1,2018-01-07,ES,0,0.0,0.0,0
1,2018-01-08,ES,8,2.7024659376934124,4.0,1
1,2018-01-09,ES,7,4.976618530340344,5.0,1
1,2018-01-10,ES,8,4.82506294275032,8.0,1
1,2018-01-11,ES,6,4.72707854588841,5.0,1
1,2018-01-12,ES,0,4.922806066695298,3.0,1
1,2018-01-13,ES,5,0.0,0.0,1
1,2018-01-14,ES,0,0.0,0.0,0
1,2018-01-15,ES,10,4.485994220740299,4.0,1
1,2018-01-16,ES,5,5.1241272278815035,5.0,1
1,2018-01-17,ES,6,5.0184871721127955,8.0,1
1,2018-01-18,ES,6,4.922352246629154,5.0,1
1,2018-01-19,ES,9,4.80373963244486,3.0,1
1,2018-01-20,ES,2,0.13173637392116352,0.0,1
1,2018-01-21,ES,0,0.0,0.0,0
1,2018-01-22,ES,1,5.496330887308342,4.0,1
1,2018-01-23,ES,4,5.404298164643444,5.0,1
1,2018-01-24,ES,4,5.149264062201413,8.0,1
1,2018-01-25,ES,5,5.229528042036502,5.0,1
1,2018-01-26,ES,6,4.883252191988614,3.0,1
1,2018-01-27,ES,0,0.0,0.0,1
1,2018-01-28,ES,0,0.0,0.0,0
1,2018-01-29,ES,13,6.084220164111453,4.0,1
1,2018-01-30,ES,5,5.538339366370772,5.0,1
1,2018-01-31,ES,4,5.683916424197061,8.0,1
1,2017-11-01,GO,3,3.134529735635223,2.0,1
1,2017-11-02,GO,0,0.0,7.0,0
1,2017-11-03,GO,5,2.6782244902138035,3.0,1
1,2017-11-04,GO,0,0.0,0.0,1
1,2017-11-05,GO,0,0.0,0.0,0
1,2017-11-06,GO,6,3.365812346130606,3.0,1
1,2017-11-07,GO,4,3.3767678908467786,7.0,1
1,2017-11-08,GO,6,2.5804675674737005,2.0,1
1,2017-11-09,GO,6,2.9100143756992094,7.0,1
1,2017-11-10,GO,6,3.1907445098141727,3.0,1
1,2017-11-11,GO,0,0.0,0.0,1
1,2017-11-12,GO,0,0.0,0.0,0
1,2017-11-13,GO,1,3.6847563731247397,3.0,1
1,2017-11-14,GO,6,4.219394475070912,7.0,1
1,2017-11-15,GO,0,0.0,2.0,0
1,2017-11-16,GO,7,2.4055122992801254,7.0,1
1,2017-11-17,GO,4,2.332369026318476,3.0,1
1,2017-11-18,GO,1,0.002300206896892492,0.0,1
1,2017-11-19,GO,0,0.0,0.0,0
1,2017-11-20,GO,2,2.9171074804836707,3.0,1
1,2017-11-21,GO,10,2.9846574534584094,7.0,1
1,2017-11-22,GO,11,2.7771411985086147,2.0,1
1,2017-11-23,GO,6,3.016533827117174,7.0,1
1,2017-11-24,GO,8,2.773494954959319,3.0,1
1,2017-11-25,GO,0,0.0,0.0,1
1,2017-11-26,GO,0,0.0,0.0,0
1,2017-11-27,GO,17,3.2162309154021784,3.0,1
1,2017-11-28,GO,15,3.816819774621186,7.0,1
1,2017-11-29,GO,11,3.3728715807937144,2.0,1
1,2017-11-30,GO,7,3.680378764719466,7.0,1
1,2017-12-01,GO,4,3.3746326421579926,3.0,1
1,2017-12-02,GO,0,0.16430285312066253,0.0,1
1,2017-12-03,GO,0,0.0,0.0,0
1,2017-12-04,GO,6,3.972378735181306,3.0,1
1,2017-12-05,GO,5,3.789085388746392,7.0,1
1,2017-12-06,GO,8,3.662556142652119,2.0,1
1,2017-12-07,GO,10,3.633971729767492,7.0,1
1,2017-12-08,GO,9,3.509357303132,3.0,1
1,2017-12-09,GO,2,0.0,0.0,1
1,2017-12-10,GO,0,0.0,0.0,0
1,2017-12-11,GO,11,3.855724796665388,3.0,1
1,2017-12-12,GO,5,4.07579813822241,7.0,1
1,2017-12-13,GO,8,3.759364482264276,2.0,1
1,2017-12-14,GO,7,3.8137470036328733,7.0,1
1,2017-12-15,GO,4,3.688436939371282,3.0,1
1,2017-12-16,GO,1,0.0,0.0,1
1,2017-12-17,GO,0,0.0,0.0,0
1,2017-12-18,GO,8,4.214840995653059,3.0,1
1,2017-12-19,GO,9,4.043874327731828,7.0,1
1,2017-12-20,GO,16,3.9328097974679133,2.0,1
1,2017-12-21,GO,5,3.8509228930872186,7.0,1
1,2017-12-22,GO,5,3.673916965781919,3.0,1
1,2017-12-23,GO,0,0.0,0.0,1
1,2017-12-24,GO,0,0.0,0.0,0
1,2017-12-25,GO,0,0.0,3.0,0
1,2017-12-26,GO,0,4.144129668936415,7.0,1
1,2017-12-27,GO,5,4.068444472082794,2.0,1
1,2017-12-28,GO,6,3.9646565651330974,7.0,1
1,2017-12-29,GO,0,3.7873562352450016,3.0,1
1,2017-12-30,GO,0,0.0,0.0,1
1,2017-12-31,GO,0,0.0,0.0,0
1,2018-01-01,GO,0,0.0,3.0,0
1,2018-01-02,GO,10,4.112087125136161,7.0,1
1,2018-01-03,GO,2,4.080047990184966,2.0,1
1,2018-01-04,GO,4,3.9617060954304035,7.0,1
1,2018-01-05,GO,2,3.8663329946780225,3.0,1
1,2018-01-06,GO,0,0.14086645233235934,0.0,1
1,2018-01-07,GO,0,0.0,0.0,0
1,2018-01-08,GO,5,2.4928648576543773,3.0,1
1,2018-01-09,GO,8,4.103674649275427,7.0,1
1,2018-01-10,GO,13,4.069870324789356,2.0,1
1,2018-01-11,GO,6,3.957983896412151,7.0,1
1,2018-01-12,GO,5,3.8342661735386554,3.0,1
1,2018-01-13,GO,5,0.0,0.0,1
1,2018-01-14,GO,0,0.0,0.0,0
1,2018-01-15,GO,13,3.9598006215804693,3.0,1
1,2018-01-16,GO,7,4.199076890420908,7.0,1
1,2018-01-17,GO,4,4.201792940069471,2.0,1
1,2018-01-18,GO,6,4.0764664551377345,7.0,1
1,2018-01-19,GO,8,3.9528029245874365,3.0,1
1,2018-01-20,GO,1,0.01864532460835925,0.0,1
1,2018-01-21,GO,0,0.0,0.0,0
1,2018-01-22,GO,8,4.474036866078215,3.0,1
1,2018-01-23,GO,10,4.330407633228063,7.0,1
1,2018-01-24,GO,7,4.169294159312726,2.0,1
1,2018-01-25,GO,2,4.246832192093459,7.0,1
1,2018-01-26,GO,6,4.009136347128799,3.0,1
1,2018-01-27,GO,0,0.0,0.0,1
1,2018-01-28,GO,0,0.0,0.0,0
1,2018-01-29,GO,4,4.8524933671283375,3.0,1
1,2018-01-30,GO,7,4.583934939791476,7.0,1
1,2018-01-31,GO,7,4.616913928019119,2.0,1
1,2017-11-01,MA,1,1.1852556283271618,2.0,1
1,2017-11-02,MA,0,0.0,2.0,0
1,2017-11-03,MA,5,1.1847705956386712,2.0,1
1,2017-11-04,MA,1,0.04059515764073341,0.0,1
1,2017-11-05,MA,0,0.0,0.0,0
1,2017-11-06,MA,3,1.6319080478773837,2.0,1
1,2017-11-07,MA,3,1.2903370762578552,0.0,1
1,2017-11-08,MA,3,0.9725769978359806,2.0,1
1,2017-11-09,MA,1,1.2095182698909877,2.0,1
1,2017-11-10,MA,0,0.9410945948336437,2.0,1
1,2017-11-11,MA,1,0.04496501942429649,0.0,1
1,2017-11-12,MA,0,0.0,0.0,0
1,2017-11-13,MA,1,1.1854155187464797,2.0,1
1,2017-11-14,MA,3,1.1844032035952583,0.0,1
1,2017-11-15,MA,0,0.0,2.0,0
1,2017-11-16,MA,2,1.0432768488044093,2.0,1
1,2017-11-17,MA,2,1.204280073919213,2.0,1
1,2017-11-18,MA,0,0.2103965187055897,0.0,1
1,2017-11-19,MA,0,0.0,0.0,0
1,2017-11-20,MA,1,1.004733850502849,2.0,1
1,2017-11-21,MA,2,1.242399158417107,0.0,1
1,2017-11-22,MA,1,1.3602918391430026,2.0,1
1,2017-11-23,MA,6,1.164388045201576,2.0,1
1,2017-11-24,MA,2,1.1534107381762728,2.0,1
1,2017-11-25,MA,0,0.0865193940638166,0.0,1
1,2017-11-26,MA,0,0.0,0.0,0
1,2017-11-27,MA,2,1.2764850312003404,2.0,1
1,2017-11-28,MA,5,1.2198084998564833,0.0,1
1,2017-11-29,MA,5,1.1365252240688095,2.0,1
1,2017-11-30,MA,3,1.3228529558143955,2.0,1
1,2017-12-01,MA,6,1.1530752900351067,2.0,1
1,2017-12-02,MA,1,0.0949635133413098,0.0,1
1,2017-12-03,MA,0,0.0,0.0,0
1,2017-12-04,MA,0,1.2794866303975063,2.0,1
1,2017-12-05,MA,4,1.1935373343396998,0.0,1
1,2017-12-06,MA,1,1.1385119562168904,2.0,1
1,2017-12-07,MA,1,1.1244948265357397,2.0,1
1,2017-12-08,MA,2,1.118477079615135,2.0,1
1,2017-12-09,MA,0,0.08288100985755609,0.0,1
1,2017-12-10,MA,0,0.0,0.0,0
1,2017-12-11,MA,3,1.2362274133825573,2.0,1
1,2017-12-12,MA,3,0.8653819251015352,0.0,1
1,2017-12-13,MA,1,0.8053018807594035,2.0,1
1,2017-12-14,MA,3,0.8169429615731415,2.0,1
1,2017-12-15,MA,1,0.8272908122519772,2.0,1
1,2017-12-16,MA,0,0.13052918501806854,0.0,1
1,2017-12-17,MA,0,0.0,0.0,0
1,2017-12-18,MA,1,0.9261268307588528,2.0,1
1,2017-12-19,MA,4,0.8340243323033623,0.0,1
1,2017-12-20,MA,3,0.8355578132623509,2.0,1
1,2017-12-21,MA,2,0.8930187530161523,2.0,1
1,2017-12-22,MA,3,0.8868738331183663,2.0,1
1,2017-12-23,MA,0,0.16875231382538985,0.0,1
1,2017-12-24,MA,0,0.0,0.0,0
1,2017-12-25,MA,0,0.0,2.0,0
1,2017-12-26,MA,1,0.8701500759034193,0.0,1
1,2017-12-27,MA,4,0.872450096459169,2.0,1
1,2017-12-28,MA,3,0.8833207422058402,2.0,1
1,2017-12-29,MA,0,0.8877780683469629,2.0,1
1,2017-12-30,MA,0,0.17015804628086453,0.0,1
1,2017-12-31,MA,0,0.0,0.0,0
1,2018-01-01,MA,0,0.0,2.0,0
1,2018-01-02,MA,3,0.7930066614269182,0.0,1
1,2018-01-03,MA,1,0.7923519444537152,2.0,1
1,2018-01-04,MA,1,0.7869547893381613,2.0,1
1,2018-01-05,MA,2,0.7527306928607633,2.0,1
1,2018-01-06,MA,1,0.2315640659093836,0.0,1
1,2018-01-07,MA,0,0.0,0.0,0
1,2018-01-08,MA,6,0.6669900015002654,2.0,1
1,2018-01-09,MA,6,0.9178483927871451,0.0,1
1,2018-01-10,MA,4,0.9172040221835305,2.0,1
1,2018-01-11,MA,3,0.9113160113062896,2.0,1
1,2018-01-12,MA,0,0.9749531965083607,2.0,1
1,2018-01-13,MA,4,0.08198507790363763,0.0,1
1,2018-01-14,MA,0,0.0,0.0,0
1,2018-01-15,MA,5,0.862313631038221,2.0,1
1,2018-01-16,MA,3,0.8702522024563603,0.0,1
1,2018-01-17,MA,2,0.8072240844980226,2.0,1
1,2018-01-18,MA,2,0.7875078102062497,2.0,1
1,2018-01-19,MA,3,0.94861451845713,2.0,1
1,2018-01-20,MA,0,0.15581882588898224,0.0,1
1,2018-01-21,MA,0,0.0,0.0,0
1,2018-01-22,MA,0,1.0787408510749732,2.0,1
1,2018-01-23,MA,1,0.8280170519488449,0.0,1
1,2018-01-24,MA,2,0.7709198088345549,2.0,1
1,2018-01-25,MA,3,0.8087914187086832,2.0,1
1,2018-01-26,MA,2,0.8192334205043704,2.0,1
1,2018-01-27,MA,0,0.13292015618354652,0.0,1
1,2018-01-28,MA,0,0.0,0.0,0
1,2018-01-29,MA,1,1.2708780134311441,2.0,1
1,2018-01-30,MA,1,1.0641606085439355,0.0,1
1,2018-01-31,MA,0,1.0610017523434838,2.0,1
1,2017-11-01,MG,22,23.02111609881189,22.0,1
1,2017-11-02,MG,0,0.0,22.0,0
1,2017-11-03,MG,12,20.847632029234845,29.0,1
1,2017-11-04,MG,0,0.9866920687821256,1.0,1
1,2017-11-05,MG,0,0.0,0.0,0
1,2017-11-06,MG,28,25.407927691317497,20.0,1
1,2017-11-07,MG,27,24.69005458587866,31.0,1
1,2017-11-08,MG,29,21.345886161863397,22.0,1
1,2017-11-09,MG,16,15.255428669501141,22.0,1
1,2017-11-10,MG,22,20.211270238141406,29.0,1
1,2017-11-11,MG,2,0.0,1.0,1
1,2017-11-12,MG,0,0.0,0.0,0
1,2017-11-13,MG,10,23.95181060522532,20.0,1
1,2017-11-14,MG,40,22.23742477803468,31.0,1
1,2017-11-15,MG,1,0.0,22.0,0
1,2017-11-16,MG,51,15.293948023524816,22.0,1
1,2017-11-17,MG,29,19.575051718230675,29.0,1
1,2017-11-18,MG,0,0.28217632009195825,1.0,1
1,2017-11-19,MG,0,0.0,0.0,0
1,2017-11-20,MG,19,22.58964569496888,20.0,1
1,2017-11-21,MG,38,22.65892472252607,31.0,1
1,2017-11-22,MG,48,14.019820151089764,22.0,1
1,2017-11-23,MG,30,16.66403205975306,22.0,1
1,2017-11-24,MG,38,19.65485101131295,29.0,1
1,2017-11-25,MG,9,0.3259918603030366,1.0,1
1,2017-11-26,MG,0,0.0,0.0,0
1,2017-11-27,MG,96,22.407968014448183,20.0,1
1,2017-11-28,MG,96,22.6839274032395,31.0,1
1,2017-11-29,MG,82,15.568707317914782,22.0,1
1,2017-11-30,MG,70,18.849253395609146,22.0,1
1,2017-12-01,MG,54,19.479470331418888,29.0,1
1,2017-12-02,MG,4,0.0,1.0,1
1,2017-12-03,MG,0,0.0,0.0,0
1,2017-12-04,MG,58,22.22332093629565,20.0,1
1,2017-12-05,MG,52,22.389293538609206,31.0,1
1,2017-12-06,MG,67,17.131972170176336,22.0,1
1,2017-12-07,MG,51,19.65481515737659,22.0,1
1,2017-12-08,MG,34,19.569464444862735,29.0,1
1,2017-12-09,MG,6,0.20316112609277703,1.0,1
1,2017-12-10,MG,0,0.0,0.0,0
1,2017-12-11,MG,49,22.461139065256187,20.0,1
1,2017-12-12,MG,39,24.360958030911455,31.0,1
1,2017-12-13,MG,37,22.44540290397699,22.0,1
1,2017-12-14,MG,36,21.53305654369328,22.0,1
1,2017-12-15,MG,35,21.538860792545943,29.0,1
1,2017-12-16,MG,6,0.4136940434252289,1.0,1
1,2017-12-17,MG,0,0.0,0.0,0
1,2017-12-18,MG,30,24.189138877049373,20.0,1
1,2017-12-19,MG,31,24.31544840954537,31.0,1
1,2017-12-20,MG,30,21.377242181544187,22.0,1
1,2017-12-21,MG,19,21.373551692104872,22.0,1
1,2017-12-22,MG,30,21.48562716402218,29.0,1
1,2017-12-23,MG,1,0.32178282992491974,1.0,1
1,2017-12-24,MG,0,0.0,0.0,0
1,2017-12-25,MG,0,0.0,20.0,0
1,2017-12-26,MG,19,26.85325775092085,31.0,1
1,2017-12-27,MG,15,22.722168834098287,22.0,1
1,2017-12-28,MG,35,22.449284383756524,22.0,1
1,2017-12-29,MG,7,22.41957052694155,29.0,1
1,2017-12-30,MG,0,0.7749263173775658,1.0,1
1,2017-12-31,MG,0,0.0,0.0,0
1,2018-01-01,MG,0,0.0,20.0,0
1,2018-01-02,MG,34,25.264776123131504,31.0,1
1,2018-01-03,MG,29,21.718268138849346,22.0,1
1,2018-01-04,MG,33,21.679981822304594,22.0,1
1,2018-01-05,MG,19,21.847120801481964,29.0,1
1,2018-01-06,MG,2,0.5015254474528626,1.0,1
1,2018-01-07,MG,0,0.0,0.0,0
1,2018-01-08,MG,33,13.027567935923779,20.0,1
1,2018-01-09,MG,46,25.3144511009871,31.0,1
1,2018-01-10,MG,30,20.991631828630286,22.0,1
1,2018-01-11,MG,32,20.673646403093105,22.0,1
1,2018-01-12,MG,18,20.922873114168137,29.0,1
1,2018-01-13,MG,23,0.0,1.0,1
1,2018-01-14,MG,0,0.0,0.0,0
1,2018-01-15,MG,54,20.700019572267927,20.0,1
1,2018-01-16,MG,39,25.43228121225957,31.0,1
1,2018-01-17,MG,49,20.87552766774776,22.0,1
1,2018-01-18,MG,43,20.809634848446972,22.0,1
1,2018-01-19,MG,41,20.885063711224177,29.0,1
1,2018-01-20,MG,11,0.682552810698649,1.0,1
1,2018-01-21,MG,0,0.0,0.0,0
1,2018-01-22,MG,28,23.875133616652,20.0,1
1,2018-01-23,MG,41,25.70186193831499,31.0,1
1,2018-01-24,MG,56,21.23111915454238,22.0,1
1,2018-01-25,MG,36,21.222519819828772,22.0,1
1,2018-01-26,MG,34,21.05675566985552,29.0,1
1,2018-01-27,MG,4,0.8534025510105798,1.0,1
1,2018-01-28,MG,0,0.0,0.0,0
1,2018-01-29,MG,39,25.13707896328676,20.0,1
1,2018-01-30,MG,34,27.62065713377541,31.0,1
1,2018-01-31,MG,24,24.077689084382047,22.0,1
1,2017-11-01,MS,0,0.6147916378119006,2.0,1
1,2017-11-02,MS,0,0.0,0.0,0
1,2017-11-03,MS,2,0.37663874903096,2.0,1
1,2017-11-04,MS,0,0.1661425027640043,0.0,1
1,2017-11-05,MS,0,0.0,0.0,0
1,2017-11-06,MS,2,1.5864689854995953,0.0,1
1,2017-11-07,MS,3,0.8280799344890235,4.0,1
1,2017-11-08,MS,1,0.8372082672500899,2.0,1
1,2017-11-09,MS,4,1.1945651510913382,0.0,1
1,2017-11-10,MS,0,0.8411490612842311,2.0,1
1,2017-11-11,MS,0,0.0,0.0,1
1,2017-11-12,MS,0,0.0,0.0,0
1,2017-11-13,MS,0,1.0584807694481986,0.0,1
1,2017-11-14,MS,3,1.4313561276606424,4.0,1
1,2017-11-15,MS,0,0.0,2.0,0
1,2017-11-16,MS,0,0.9718416477412553,0.0,1
1,2017-11-17,MS,2,1.0989693773625406,2.0,1
1,2017-11-18,MS,0,0.1479025325225677,0.0,1
1,2017-11-19,MS,0,0.0,0.0,0
1,2017-11-20,MS,2,0.8663705192252484,0.0,1
1,2017-11-21,MS,1,1.104036825382424,4.0,1
1,2017-11-22,MS,4,1.2339109277880211,2.0,1
1,2017-11-23,MS,3,1.0276982916659116,0.0,1
1,2017-11-24,MS,2,1.022286008103463,2.0,1
1,2017-11-25,MS,0,0.040520035141087714,0.0,1
1,2017-11-26,MS,0,0.0,0.0,0
1,2017-11-27,MS,3,1.1028738536613854,0.0,1
1,2017-11-28,MS,6,1.0533037792420206,4.0,1
1,2017-11-29,MS,1,0.8980378840655537,2.0,1
1,2017-11-30,MS,1,1.1646758598422768,0.0,1
1,2017-12-01,MS,2,1.0193784998187638,2.0,1
1,2017-12-02,MS,0,0.156785883123651,0.0,1
1,2017-12-03,MS,0,0.0,0.0,0
1,2017-12-04,MS,4,1.131944571271753,0.0,1
1,2017-12-05,MS,2,1.101786711167885,4.0,1
1,2017-12-06,MS,3,0.9946471818802883,2.0,1
1,2017-12-07,MS,3,0.9995249275340795,0.0,1
1,2017-12-08,MS,1,1.0259101634660754,2.0,1
1,2017-12-09,MS,0,0.1877812293795279,0.0,1
1,2017-12-10,MS,0,0.0,0.0,0
1,2017-12-11,MS,3,1.1090422733580072,0.0,1
1,2017-12-12,MS,1,0.7728415854038556,4.0,1
1,2017-12-13,MS,1,0.7752864909009263,2.0,1
1,2017-12-14,MS,2,0.7676797310504117,0.0,1
1,2017-12-15,MS,1,0.7624448228432308,2.0,1
1,2017-12-16,MS,0,0.07938846631539657,0.0,1
1,2017-12-17,MS,0,0.0,0.0,0
1,2017-12-18,MS,0,0.9177152014848602,0.0,1
1,2017-12-19,MS,4,0.8293720909832016,4.0,1
1,2017-12-20,MS,4,0.8315509683146232,2.0,1
1,2017-12-21,MS,1,0.8520703559118613,0.0,1
1,2017-12-22,MS,1,0.8460258317290215,2.0,1
1,2017-12-23,MS,0,0.14156051342935133,0.0,1
1,2017-12-24,MS,0,0.0,0.0,0
1,2017-12-25,MS,0,0.0,0.0,0
1,2017-12-26,MS,3,0.8662585568219352,4.0,1
1,2017-12-27,MS,0,0.8685576027281969,2.0,1
1,2017-12-28,MS,1,0.8424889124985794,0.0,1
1,2017-12-29,MS,0,0.8470441322161673,2.0,1
1,2017-12-30,MS,0,0.14306826990317717,0.0,1
1,2017-12-31,MS,0,0.0,0.0,0
1,2018-01-01,MS,0,0.0,0.0,0
1,2018-01-02,MS,1,0.7921876767753574,4.0,1
1,2018-01-03,MS,3,0.7249479575199772,2.0,1
1,2018-01-04,MS,1,0.6824677946810475,0.0,1
1,2018-01-05,MS,1,0.7212651737716875,2.0,1
1,2018-01-06,MS,1,0.21597605204561338,0.0,1
1,2018-01-07,MS,0,0.0,0.0,0
1,2018-01-08,MS,6,0.6895497311632397,0.0,1
1,2018-01-09,MS,4,0.9084860626864879,4.0,1
1,2018-01-10,MS,4,0.9078410748211433,2.0,1
1,2018-01-11,MS,7,0.8648118923284828,0.0,1
1,2018-01-12,MS,1,0.9347155913734108,2.0,1
1,2018-01-13,MS,2,0.05968040719782811,0.0,1
1,2018-01-14,MS,0,0.0,0.0,0
1,2018-01-15,MS,4,0.8600368656658829,0.0,1
1,2018-01-16,MS,1,0.8634174134783408,4.0,1
1,2018-01-17,MS,3,0.888611803447289,2.0,1
1,2018-01-18,MS,2,0.8374265860976092,0.0,1
1,2018-01-19,MS,4,0.9147497610294584,2.0,1
1,2018-01-20,MS,2,0.137170601593338,0.0,1
1,2018-01-21,MS,0,0.0,0.0,0
1,2018-01-22,MS,1,0.9718510595049226,0.0,1
1,2018-01-23,MS,2,0.8280746977078315,4.0,1
1,2018-01-24,MS,6,0.7680112536224504,2.0,1
1,2018-01-25,MS,2,0.8481345321600383,0.0,1
1,2018-01-26,MS,3,0.8649111704466647,2.0,1
1,2018-01-27,MS,0,0.0924443222210377,0.0,1
1,2018-01-28,MS,0,0.0,0.0,0
1,2018-01-29,MS,4,1.24856334873891,0.0,1
1,2018-01-30,MS,1,1.0418459438517023,4.0,1
1,2018-01-31,MS,1,1.0357206434339743,2.0,1
1,2017-11-01,MT,1,1.886167477863789,2.0,1
1,2017-11-02,MT,0,0.0,1.0,0
1,2017-11-03,MT,2,0.7702413760205796,3.0,1
1,2017-11-04,MT,0,0.04480327342775479,0.0,1
1,2017-11-05,MT,0,0.0,0.0,0
1,2017-11-06,MT,4,0.8974605937822147,4.0,1
1,2017-11-07,MT,2,1.7100515961435723,1.0,1
1,2017-11-08,MT,3,1.0191294038977872,2.0,1
1,2017-11-09,MT,2,1.504602366656298,1.0,1
1,2017-11-10,MT,4,1.2592743773898782,3.0,1
1,2017-11-11,MT,0,0.06445142682445115,0.0,1
1,2017-11-12,MT,0,0.0,0.0,0
1,2017-11-13,MT,0,1.6329065671973555,4.0,1
1,2017-11-14,MT,2,1.3960648607801132,1.0,1
1,2017-11-15,MT,0,0.0,2.0,0
1,2017-11-16,MT,5,1.1813027640961942,1.0,1
1,2017-11-17,MT,3,1.3256769433655005,3.0,1
1,2017-11-18,MT,0,0.1326179540895065,0.0,1
1,2017-11-19,MT,0,0.0,0.0,0
1,2017-11-20,MT,2,1.4153390584614858,4.0,1
1,2017-11-21,MT,3,1.1544132149772488,1.0,1
1,2017-11-22,MT,9,1.492152580998569,2.0,1
1,2017-11-23,MT,1,1.1847428118708043,1.0,1
1,2017-11-24,MT,3,1.288263888081976,3.0,1
1,2017-11-25,MT,3,0.1076453978429557,0.0,1
1,2017-11-26,MT,0,0.0,0.0,0
1,2017-11-27,MT,5,1.2636338484368976,4.0,1
1,2017-11-28,MT,7,1.3516796521833767,1.0,1
1,2017-11-29,MT,6,1.2683831194334136,2.0,1
1,2017-11-30,MT,2,1.4544021240262832,1.0,1
1,2017-12-01,MT,3,1.295087877041108,3.0,1
1,2017-12-02,MT,0,0.11609610818543743,0.0,1
1,2017-12-03,MT,0,0.0,0.0,0
1,2017-12-04,MT,6,1.4113494662709036,4.0,1
1,2017-12-05,MT,1,1.3254011266182593,1.0,1
1,2017-12-06,MT,2,1.270374515454165,2.0,1
1,2017-12-07,MT,3,1.25635630482388,1.0,1
1,2017-12-08,MT,2,1.2533348361263523,3.0,1
1,2017-12-09,MT,2,0.10401157086771542,0.0,1
1,2017-12-10,MT,0,0.0,0.0,0
1,2017-12-11,MT,9,1.3680882154219867,4.0,1
1,2017-12-12,MT,2,0.9243288581628762,1.0,1
1,2017-12-13,MT,1,0.9578040590380323,2.0,1
1,2017-12-14,MT,1,0.9852907981699305,1.0,1
1,2017-12-15,MT,2,0.982961935998279,3.0,1
1,2017-12-16,MT,0,0.1275579484269688,0.0,1
1,2017-12-17,MT,0,0.0,0.0,0
1,2017-12-18,MT,2,0.9836594615447423,4.0,1
1,2017-12-19,MT,2,0.890482860794126,1.0,1
1,2017-12-20,MT,5,0.8920171708446423,2.0,1
1,2017-12-21,MT,0,0.9494745855302782,1.0,1
1,2017-12-22,MT,2,0.9463302311066106,3.0,1
1,2017-12-23,MT,0,0.18990048435153503,0.0,1
1,2017-12-24,MT,0,0.0,0.0,0
1,2017-12-25,MT,0,0.0,4.0,0
1,2017-12-26,MT,2,0.9304345686259761,1.0,1
1,2017-12-27,MT,2,0.932734589181726,2.0,1
1,2017-12-28,MT,0,0.9436013732409959,1.0,1
1,2017-12-29,MT,1,0.951059264856237,3.0,1
1,2017-12-30,MT,0,0.19130599844912316,0.0,1
1,2017-12-31,MT,0,0.0,0.0,0
1,2018-01-01,MT,0,0.0,4.0,0
1,2018-01-02,MT,2,0.8696704351098459,1.0,1
1,2018-01-03,MT,2,0.8690157181366428,2.0,1
1,2018-01-04,MT,0,0.8636147840320351,1.0,1
1,2018-01-05,MT,2,0.8961056275784437,3.0,1
1,2018-01-06,MT,1,0.26451465010488323,0.0,1
1,2018-01-07,MT,0,0.0,0.0,0
1,2018-01-08,MT,4,1.1105545710143174,4.0,1
1,2018-01-09,MT,3,0.8733739008910236,1.0,1
1,2018-01-10,MT,3,0.8727171576715196,2.0,1
1,2018-01-11,MT,5,0.86675838490974,1.0,1
1,2018-01-12,MT,1,0.9304596440884161,3.0,1
1,2018-01-13,MT,2,0.09258100522966548,0.0,1
1,2018-01-14,MT,0,0.0,0.0,0
1,2018-01-15,MT,2,0.8110540739940945,4.0,1
1,2018-01-16,MT,6,1.0333213328521291,1.0,1
1,2018-01-17,MT,7,0.8597511486711645,2.0,1
1,2018-01-18,MT,1,0.8370637433503126,1.0,1
1,2018-01-19,MT,6,0.9081630545063587,3.0,1
1,2018-01-20,MT,1,0.06818746338742707,0.0,1
1,2018-01-21,MT,0,0.0,0.0,0
1,2018-01-22,MT,4,1.0273181735186325,4.0,1
1,2018-01-23,MT,1,0.8834406464114896,1.0,1
1,2018-01-24,MT,7,0.8203885047814713,2.0,1
1,2018-01-25,MT,4,0.8830298883596136,1.0,1
1,2018-01-26,MT,4,0.8934883212467162,3.0,1
1,2018-01-27,MT,0,0.07090077535858758,0.0,1
1,2018-01-28,MT,0,0.0,0.0,0
1,2018-01-29,MT,3,1.2459756262406878,4.0,1
1,2018-01-30,MT,7,1.166739692351827,1.0,1
1,2018-01-31,MT,4,1.139027842296662,2.0,1
1,2017-11-01,PA,2,1.6642530553139254,2.0,1
1,2017-11-02,PA,0,0.0,4.0,0
1,2017-11-03,PA,3,1.2744140148630378,1.0,1
1,2017-11-04,PA,0,0.039840947864571825,0.0,1
1,2017-11-05,PA,0,0.0,0.0,0
1,2017-11-06,PA,4,2.38847140002809,1.0,1
1,2017-11-07,PA,10,1.3967253223073308,1.0,1
1,2017-11-08,PA,3,1.1796279214053904,2.0,1
1,2017-11-09,PA,0,1.8148483067214987,4.0,1
1,2017-11-10,PA,1,1.366481680094307,1.0,1
1,2017-11-11,PA,0,0.014321205160491221,0.0,1
1,2017-11-12,PA,0,0.0,0.0,0
1,2017-11-13,PA,0,1.5572859832766155,1.0,1
1,2017-11-14,PA,6,1.472097931236721,1.0,1
1,2017-11-15,PA,0,0.0,2.0,0
1,2017-11-16,PA,5,1.2798324386944036,4.0,1
1,2017-11-17,PA,3,1.3697966726835915,1.0,1
1,2017-11-18,PA,0,0.10530539626546494,0.0,1
1,2017-11-19,PA,0,0.0,0.0,0
1,2017-11-20,PA,0,1.4342658274383675,1.0,1
1,2017-11-21,PA,3,1.4277894881455795,1.0,1
1,2017-11-22,PA,5,1.545734603101694,2.0,1
1,2017-11-23,PA,3,1.3322863354947676,4.0,1
1,2017-11-24,PA,5,1.3337639457543207,1.0,1
1,2017-11-25,PA,0,0.08169699058968287,0.0,1
1,2017-11-26,PA,0,0.0,0.0,0
1,2017-11-27,PA,5,1.4961511846015791,1.0,1
1,2017-11-28,PA,6,1.433573002879529,1.0,1
1,2017-11-29,PA,2,1.3712800523937283,2.0,1
1,2017-11-30,PA,2,1.5362949643456165,4.0,1
1,2017-12-01,PA,2,1.3386102659554253,1.0,1
1,2017-12-02,PA,1,0.09015225797606126,0.0,1
1,2017-12-03,PA,0,0.0,0.0,0
1,2017-12-04,PA,6,1.5782446434447592,1.0,1
1,2017-12-05,PA,5,1.448097854019886,1.0,1
1,2017-12-06,PA,7,1.399100617429229,2.0,1
1,2017-12-07,PA,2,1.3774360065766127,4.0,1
1,2017-12-08,PA,4,1.3397423889401465,1.0,1
1,2017-12-09,PA,1,0.07805468781871963,0.0,1
1,2017-12-10,PA,0,0.0,0.0,0
1,2017-12-11,PA,3,1.5969042221348961,1.0,1
1,2017-12-12,PA,6,0.9726927799845523,1.0,1
1,2017-12-13,PA,3,1.0048306512245588,2.0,1
1,2017-12-14,PA,0,0.9889053355587064,4.0,1
1,2017-12-15,PA,2,1.0305161873831588,1.0,1
1,2017-12-16,PA,2,0.001988057220787241,0.0,1
1,2017-12-17,PA,0,0.0,0.0,0
1,2017-12-18,PA,3,1.7106932275943905,1.0,1
1,2017-12-19,PA,1,1.0356536523231328,1.0,1
1,2017-12-20,PA,5,1.0639916830793341,2.0,1
1,2017-12-21,PA,1,1.1214466913432513,4.0,1
1,2017-12-22,PA,2,1.0818894216604726,1.0,1
1,2017-12-23,PA,0,0.039729714064132664,0.0,1
1,2017-12-24,PA,0,0.0,0.0,0
1,2017-12-25,PA,0,0.0,1.0,0
1,2017-12-26,PA,2,0.9684263136516622,1.0,1
1,2017-12-27,PA,4,1.0211921900259056,2.0,1
1,2017-12-28,PA,2,1.0320621456279562,4.0,1
1,2017-12-29,PA,0,1.0031069220031257,1.0,1
1,2017-12-30,PA,0,0.1414060394659701,0.0,1
1,2017-12-31,PA,0,0.0,0.0,0
1,2018-01-01,PA,0,0.0,1.0,0
1,2018-01-02,PA,4,0.8386790756725284,1.0,1
1,2018-01-03,PA,0,0.8379947715939501,2.0,1
1,2018-01-04,PA,1,0.8522743369069726,4.0,1
1,2018-01-05,PA,1,0.8483738150896273,1.0,1
1,2018-01-06,PA,0,0.25055482612912233,0.0,1
1,2018-01-07,PA,0,0.0,0.0,0
1,2018-01-08,PA,5,1.1658711765890635,1.0,1
1,2018-01-09,PA,2,0.8547998002729061,1.0,1
1,2018-01-10,PA,8,0.8541134699480268,2.0,1
1,2018-01-11,PA,6,0.8485258099107161,4.0,1
1,2018-01-12,PA,1,0.8758352562672913,1.0,1
1,2018-01-13,PA,0,0.07252993356351953,0.0,1
1,2018-01-14,PA,0,0.0,0.0,0
1,2018-01-15,PA,1,0.8786565363394313,1.0,1
1,2018-01-16,PA,1,1.0413778306280899,1.0,1
1,2018-01-17,PA,6,0.8677780918546641,2.0,1
1,2018-01-18,PA,1,0.8586974639526287,4.0,1
1,2018-01-19,PA,3,0.8860659196255175,1.0,1
1,2018-01-20,PA,3,0.06005480531181536,0.0,1
1,2018-01-21,PA,0,0.0,0.0,0
1,2018-01-22,PA,1,1.151758408538282,1.0,1
1,2018-01-23,PA,2,0.9229042993082252,1.0,1
1,2018-01-24,PA,6,0.8598226030857455,2.0,1
1,2018-01-25,PA,0,0.9224639866638877,4.0,1
1,2018-01-26,PA,1,0.8891913986367016,1.0,1
1,2018-01-27,PA,2,0.06276765219669801,0.0,1
1,2018-01-28,PA,0,0.0,0.0,0
1,2018-01-29,PA,3,1.3704198580710703,1.0,1
1,2018-01-30,PA,4,1.215687729255257,1.0,1
1,2018-01-31,PA,3,1.2079250788780165,2.0,1
1,2017-11-01,PB,1,0.8178202536747887,0.0,1
1,2017-11-02,PB,0,0.0,3.0,0
1,2017-11-03,PB,1,0.6533601341253634,1.0,1
1,2017-11-04,PB,0,0.0,0.0,1
1,2017-11-05,PB,0,0.0,0.0,0
1,2017-11-06,PB,1,0.42071530161972315,4.0,1
1,2017-11-07,PB,1,0.6202257173323453,0.0,1
1,2017-11-08,PB,1,0.6048065882758499,0.0,1
1,2017-11-09,PB,0,1.1073009760622265,3.0,1
1,2017-11-10,PB,1,0.7638796201864841,1.0,1
1,2017-11-11,PB,0,0.0547813911788334,0.0,1
1,2017-11-12,PB,0,0.0,0.0,0
1,2017-11-13,PB,1,1.3014476119292824,4.0,1
1,2017-11-14,PB,0,0.7445832689682365,0.0,1
1,2017-11-15,PB,0,0.0,0.0,0
1,2017-11-16,PB,1,0.7432402080345757,3.0,1
1,2017-11-17,PB,2,0.8307335490240761,1.0,1
1,2017-11-18,PB,0,0.050172788910673324,0.0,1
1,2017-11-19,PB,0,0.0,0.0,0
1,2017-11-20,PB,1,0.8888150492925915,4.0,1
1,2017-11-21,PB,3,0.7998020040972984,0.0,1
1,2017-11-22,PB,2,0.6819878077757155,0.0,1
1,2017-11-23,PB,1,0.823918601846505,3.0,1
1,2017-11-24,PB,0,0.8186210747826898,1.0,1
1,2017-11-25,PB,0,0.1923173582239335,0.0,1
1,2017-11-26,PB,0,0.0,0.0,0
1,2017-11-27,PB,2,0.9136432299657555,4.0,1
1,2017-11-28,PB,6,0.8768597341956272,0.0,1
1,2017-11-29,PB,0,0.6754463655609484,0.0,1
1,2017-11-30,PB,4,0.9808629583114964,3.0,1
1,2017-12-01,PB,0,0.810574544891241,1.0,1
1,2017-12-02,PB,0,0.19847149103128356,0.0,1
1,2017-12-03,PB,0,0.0,0.0,0
1,2017-12-04,PB,2,0.9209621368777882,4.0,1
1,2017-12-05,PB,1,0.8750415267436844,0.0,1
1,2017-12-06,PB,2,0.790628397369717,0.0,1
1,2017-12-07,PB,1,0.8012320494098202,3.0,1
1,2017-12-08,PB,0,0.7983142998882604,1.0,1
1,2017-12-09,PB,0,0.20620658759425475,0.0,1
1,2017-12-10,PB,0,0.0,0.0,0
1,2017-12-11,PB,2,0.8995529042365074,4.0,1
1,2017-12-12,PB,3,0.5920720501220713,0.0,1
1,2017-12-13,PB,2,0.5945149420641697,0.0,1
1,2017-12-14,PB,2,0.5869081426087117,3.0,1
1,2017-12-15,PB,2,0.581626212634404,1.0,1
1,2017-12-16,PB,0,0.10180419714063953,0.0,1
1,2017-12-17,PB,0,0.0,0.0,0
1,2017-12-18,PB,5,0.6528803961348463,4.0,1
1,2017-12-19,PB,1,0.5484628278989401,0.0,1
1,2017-12-20,PB,0,0.5499902822005136,0.0,1
1,2017-12-21,PB,3,0.5703785082606324,3.0,1
1,2017-12-22,PB,0,0.56429212775608,1.0,1
1,2017-12-23,PB,0,0.13997323715346413,0.0,1
1,2017-12-24,PB,0,0.0,0.0,0
1,2017-12-25,PB,0,0.0,4.0,0
1,2017-12-26,PB,3,0.5904017926667499,0.0,1
1,2017-12-27,PB,3,0.5933537097394163,0.0,1
1,2017-12-28,PB,3,0.5671512460551402,3.0,1
1,2017-12-29,PB,0,0.5716581769295076,1.0,1
1,2017-12-30,PB,0,0.14833265827117786,0.0,1
1,2017-12-31,PB,0,0.0,0.0,0
1,2018-01-01,PB,0,0.0,4.0,0
1,2018-01-02,PB,2,0.5107456753794727,0.0,1
1,2018-01-03,PB,3,0.5100894731323993,0.0,1
1,2018-01-04,PB,2,0.46760931029346914,3.0,1
1,2018-01-05,PB,0,0.5063513851795608,1.0,1
1,2018-01-06,PB,0,0.19578431204432353,0.0,1
1,2018-01-07,PB,0,0.0,0.0,0
1,2018-01-08,PB,2,0.46769441901206443,4.0,1
1,2018-01-09,PB,3,0.5523012996742687,0.0,1
1,2018-01-10,PB,2,0.5516563118089238,0.0,1
1,2018-01-11,PB,1,0.508567276894578,3.0,1
1,2018-01-12,PB,0,0.5784631775027291,1.0,1
1,2018-01-13,PB,0,0.13510368532466777,0.0,1
1,2018-01-14,PB,0,0.0,0.0,0
1,2018-01-15,PB,3,0.5017480102489683,4.0,1
1,2018-01-16,PB,2,0.6023520582101409,0.0,1
1,2018-01-17,PB,2,0.5393475918239106,0.0,1
1,2018-01-18,PB,2,0.4879344485745732,3.0,1
1,2018-01-19,PB,1,0.5652023193018734,1.0,1
1,2018-01-20,PB,1,0.11881180187613317,0.0,1
1,2018-01-21,PB,0,0.0,0.0,0
1,2018-01-22,PB,0,0.7156675798421879,4.0,1
1,2018-01-23,PB,2,0.5733387993315883,0.0,1
1,2018-01-24,PB,0,0.5103261745451136,0.0,1
1,2018-01-25,PB,1,0.5002731122715419,3.0,1
1,2018-01-26,PB,0,0.5169944463536195,1.0,1
1,2018-01-27,PB,0,0.0768922994555828,0.0,1
1,2018-01-28,PB,0,0.0,0.0,0
1,2018-01-29,PB,0,0.8203742038236334,4.0,1
1,2018-01-30,PB,1,0.7176425172306743,0.0,1
1,2018-01-31,PB,2,0.7066022283776358,0.0,1
1,2017-11-01,PE,4,2.613968545031824,3.0,1
1,2017-11-02,PE,0,0.0,2.0,0
1,2017-11-03,PE,1,1.3306858772777024,3.0,1
1,2017-11-04,PE,2,0.12128451657276086,0.0,1
1,2017-11-05,PE,0,0.0,0.0,0
1,2017-11-06,PE,5,2.238570014937326,3.0,1
1,2017-11-07,PE,4,2.452302960782612,0.0,1
1,2017-11-08,PE,5,1.9094072541680596,3.0,1
1,2017-11-09,PE,4,2.165217402273084,2.0,1
1,2017-11-10,PE,4,2.031810347589306,3.0,1
1,2017-11-11,PE,1,0.0,0.0,1
1,2017-11-12,PE,0,0.0,0.0,0
1,2017-11-13,PE,0,2.887714460944888,3.0,1
1,2017-11-14,PE,6,2.6367424346435793,0.0,1
1,2017-11-15,PE,0,0.0,3.0,0
1,2017-11-16,PE,4,1.8208009943958559,2.0,1
1,2017-11-17,PE,6,2.0293815175570025,3.0,1
1,2017-11-18,PE,0,0.28813352569115624,0.0,1
1,2017-11-19,PE,0,0.0,0.0,0
1,2017-11-20,PE,2,1.9523332824725956,3.0,1
1,2017-11-21,PE,11,1.8202588229326846,0.0,1
1,2017-11-22,PE,9,2.1302177946714345,3.0,1
1,2017-11-23,PE,9,1.657522291576346,2.0,1
1,2017-11-24,PE,3,1.6133351368799307,3.0,1
1,2017-11-25,PE,3,0.07886679119482264,0.0,1
1,2017-11-26,PE,0,0.0,0.0,0
1,2017-11-27,PE,14,2.159798984173252,3.0,1
1,2017-11-28,PE,8,2.0931765476064803,0.0,1
1,2017-11-29,PE,9,1.8009145476954422,3.0,1
1,2017-11-30,PE,3,1.9170562673383313,2.0,1
1,2017-12-01,PE,8,1.7119226862282295,3.0,1
1,2017-12-02,PE,2,0.13148094458402743,0.0,1
1,2017-12-03,PE,0,0.0,0.0,0
1,2017-12-04,PE,6,1.8878290003801477,3.0,1
1,2017-12-05,PE,6,1.8224296201777248,0.0,1
1,2017-12-06,PE,5,1.7811129838191957,3.0,1
1,2017-12-07,PE,9,1.7883104101795586,2.0,1
1,2017-12-08,PE,4,1.7486083172176006,3.0,1
1,2017-12-09,PE,1,0.1297945690055928,0.0,1
1,2017-12-10,PE,0,0.0,0.0,0
1,2017-12-11,PE,6,1.9540099626219003,3.0,1
1,2017-12-12,PE,4,1.8991781953465097,0.0,1
1,2017-12-13,PE,9,1.8037463633256055,3.0,1
1,2017-12-14,PE,5,1.694969444923661,2.0,1
1,2017-12-15,PE,3,1.6100297006624664,3.0,1
1,2017-12-16,PE,1,0.039357940234657655,0.0,1
1,2017-12-17,PE,0,0.0,0.0,0
1,2017-12-18,PE,4,2.1014641373512455,3.0,1
1,2017-12-19,PE,8,2.00730592053117,0.0,1
1,2017-12-20,PE,5,1.919846854163563,3.0,1
1,2017-12-21,PE,5,1.809340524397429,2.0,1
1,2017-12-22,PE,5,1.6893679274696245,3.0,1
1,2017-12-23,PE,0,0.035085400656779654,0.0,1
1,2017-12-24,PE,0,0.0,0.0,0
1,2017-12-25,PE,0,0.0,3.0,0
1,2017-12-26,PE,3,2.039942689538573,0.0,1
1,2017-12-27,PE,3,1.9996387420374315,3.0,1
1,2017-12-28,PE,2,1.866302250372014,2.0,1
1,2017-12-29,PE,1,1.7569338790835831,3.0,1
1,2017-12-30,PE,0,0.1132902106415382,0.0,1
1,2017-12-31,PE,0,0.0,0.0,0
1,2018-01-01,PE,0,0.0,3.0,0
1,2018-01-02,PE,6,2.0035107919228894,0.0,1
1,2018-01-03,PE,2,1.8846560977672877,3.0,1
1,2018-01-04,PE,0,1.7333499765093574,2.0,1
1,2018-01-05,PE,2,1.6452355613157306,3.0,1
1,2018-01-06,PE,0,0.11784176944317117,0.0,1
1,2018-01-07,PE,0,0.0,0.0,0
1,2018-01-08,PE,6,1.95249599631932,3.0,1
1,2018-01-09,PE,7,2.07050972723253,0.0,1
1,2018-01-10,PE,4,1.9364226514920655,3.0,1
1,2018-01-11,PE,4,1.7900180885226356,2.0,1
1,2018-01-12,PE,1,1.6640878086052027,3.0,1
1,2018-01-13,PE,2,0.0,0.0,1
1,2018-01-14,PE,0,0.0,0.0,0
1,2018-01-15,PE,6,2.500138938058423,3.0,1
1,2018-01-16,PE,3,2.1014691204901417,0.0,1
1,2018-01-17,PE,9,1.9166274567605628,3.0,1
1,2018-01-18,PE,2,1.7514226934428918,2.0,1
1,2018-01-19,PE,7,1.7066591083800948,3.0,1
1,2018-01-20,PE,0,0.0,0.0,1
1,2018-01-21,PE,0,0.0,0.0,0
1,2018-01-22,PE,1,2.592822962432726,3.0,1
1,2018-01-23,PE,7,2.0918503426798574,0.0,1
1,2018-01-24,PE,7,1.906846511979975,3.0,1
1,2018-01-25,PE,3,1.8545889752793852,2.0,1
1,2018-01-26,PE,8,1.7491742532710548,3.0,1
1,2018-01-27,PE,1,0.0,0.0,1
1,2018-01-28,PE,0,0.0,0.0,0
1,2018-01-29,PE,6,2.764322939075306,3.0,1
1,2018-01-30,PE,4,2.470246749007415,0.0,1
1,2018-01-31,PE,3,3.0667091531601707,3.0,1
1,2017-11-01,PI,1,0.7642838055932201,2.0,1
1,2017-11-02,PI,0,0.0,1.0,0
1,2017-11-03,PI,0,0.8869424264069934,0.0,1
1,2017-11-04,PI,0,0.014416373259536496,0.0,1
1,2017-11-05,PI,0,0.0,0.0,0
1,2017-11-06,PI,3,0.8073964166177511,1.0,1
1,2017-11-07,PI,0,0.8338132514755918,2.0,1
1,2017-11-08,PI,1,0.5032416550421502,2.0,1
1,2017-11-09,PI,0,0.7055735389833921,1.0,1
1,2017-11-10,PI,0,0.686518748442594,0.0,1
1,2017-11-11,PI,0,0.05103971166705768,0.0,1
1,2017-11-12,PI,0,0.0,0.0,0
1,2017-11-13,PI,1,0.9346129665053436,1.0,1
1,2017-11-14,PI,3,0.587890781540596,2.0,1
1,2017-11-15,PI,0,0.0,2.0,0
1,2017-11-16,PI,2,0.6191893084707764,1.0,1
1,2017-11-17,PI,1,0.7618302887952942,0.0,1
1,2017-11-18,PI,0,0.20070035899950986,0.0,1
1,2017-11-19,PI,0,0.0,0.0,0
1,2017-11-20,PI,1,0.8411352238326627,1.0,1
1,2017-11-21,PI,2,0.7977075696750162,2.0,1
1,2017-11-22,PI,2,0.6878815534610372,2.0,1
1,2017-11-23,PI,1,0.8218176537368835,1.0,1
1,2017-11-24,PI,2,0.8164710046113056,0.0,1
1,2017-11-25,PI,0,0.19188269833388064,0.0,1
1,2017-11-26,PI,0,0.0,0.0,0
1,2017-11-27,PI,3,0.9123383843610995,1.0,1
1,2017-11-28,PI,2,0.875553037541019,2.0,1
1,2017-11-29,PI,1,0.6741395396350687,2.0,1
1,2017-11-30,PI,3,0.9795561323856167,1.0,1
1,2017-12-01,PI,0,0.8096754694108957,0.0,1
1,2017-12-02,PI,0,0.19575502639781997,0.0,1
1,2017-12-03,PI,0,0.0,0.0,0
1,2017-12-04,PI,2,0.9196551036793904,1.0,1
1,2017-12-05,PI,1,0.8737516918984456,2.0,1
1,2017-12-06,PI,4,0.7893360206504716,2.0,1
1,2017-12-07,PI,1,0.7971796348066702,1.0,1
1,2017-12-08,PI,2,0.7942620168181913,0.0,1
1,2017-12-09,PI,0,0.20215683057963083,0.0,1
1,2017-12-10,PI,0,0.0,0.0,0
1,2017-12-11,PI,2,0.8955030172648757,1.0,1
1,2017-12-12,PI,0,0.5859234076183422,2.0,1
1,2017-12-13,PI,0,0.5883657022104053,2.0,1
1,2017-12-14,PI,0,0.5807589027549473,1.0,1
1,2017-12-15,PI,4,0.5754770737254146,0.0,1
1,2017-12-16,PI,0,0.09565494754517603,0.0,1
1,2017-12-17,PI,0,0.0,0.0,0
1,2017-12-18,PI,1,0.6539617065032955,1.0,1
1,2017-12-19,PI,0,0.5423149251088581,2.0,1
1,2017-12-20,PI,0,0.543841687634645,2.0,1
1,2017-12-21,PI,1,0.564229819269012,1.0,1
1,2017-12-22,PI,0,0.5581435397092347,0.0,1
1,2017-12-23,PI,0,0.13383633519229854,0.0,1
1,2017-12-24,PI,0,0.0,0.0,0
1,2017-12-25,PI,0,0.0,1.0,0
1,2017-12-26,PI,1,0.5842639288343193,2.0,1
1,2017-12-27,PI,2,0.5872146499960588,2.0,1
1,2017-12-28,PI,1,0.5610103134200728,1.0,1
1,2017-12-29,PI,0,0.5655173452392152,0.0,1
1,2017-12-30,PI,1,0.14218039680149122,0.0,1
1,2017-12-31,PI,0,0.0,0.0,0
1,2018-01-01,PI,0,0.0,1.0,0
1,2018-01-02,PI,1,0.48643779789557656,2.0,1
1,2018-01-03,PI,1,0.4857812631482547,2.0,1
1,2018-01-04,PI,1,0.44330045998256923,1.0,1
1,2018-01-05,PI,2,0.4820425348686611,0.0,1
1,2018-01-06,PI,0,0.1724221443807699,0.0,1
1,2018-01-07,PI,0,0.0,0.0,0
1,2018-01-08,PI,1,0.462659848387399,1.0,1
1,2018-01-09,PI,2,0.5148163160063067,2.0,1
1,2018-01-10,PI,2,0.5141709956407133,2.0,1
1,2018-01-11,PI,1,0.4708866387210327,1.0,1
1,2018-01-12,PI,1,0.5407825393291846,0.0,1
1,2018-01-13,PI,3,0.11376911648183972,0.0,1
1,2018-01-14,PI,0,0.0,0.0,0
1,2018-01-15,PI,7,0.49154134505677555,1.0,1
1,2018-01-16,PI,5,0.5667586027433404,2.0,1
1,2018-01-17,PI,1,0.5037541363571103,2.0,1
1,2018-01-18,PI,0,0.4523368007122829,1.0,1
1,2018-01-19,PI,2,0.5296046714395835,0.0,1
1,2018-01-20,PI,1,0.09747304063781491,0.0,1
1,2018-01-21,PI,0,0.0,0.0,0
1,2018-01-22,PI,4,0.6951414440338303,1.0,1
1,2018-01-23,PI,1,0.5377411514692977,2.0,1
1,2018-01-24,PI,1,0.4747285266828239,2.0,1
1,2018-01-25,PI,3,0.4620415726305071,1.0,1
1,2018-01-26,PI,1,0.4787629067125847,0.0,1
1,2018-01-27,PI,0,0.052919646438520096,0.0,1
1,2018-01-28,PI,0,0.0,0.0,0
1,2018-01-29,PI,3,0.7978578369476834,1.0,1
1,2018-01-30,PI,1,0.6800546383007927,2.0,1
1,2018-01-31,PI,2,0.6690143494477553,2.0,1
1,2017-11-01,PR,6,6.998829037378249,15.0,1
1,2017-11-02,PR,1,0.0,6.0,0
1,2017-11-03,PR,10,6.565351818099636,8.0,1
1,2017-11-04,PR,2,0.613715450225538,0.0,1
1,2017-11-05,PR,0,0.0,0.0,0
1,2017-11-06,PR,12,7.1587585383705425,9.0,1
1,2017-11-07,PR,16,6.991603986861597,6.0,1
1,2017-11-08,PR,9,6.361853042744648,15.0,1
1,2017-11-09,PR,7,4.838330600753801,6.0,1
1,2017-11-10,PR,7,9.047164008309604,8.0,1
1,2017-11-11,PR,1,0.0,0.0,1
1,2017-11-12,PR,0,0.0,0.0,0
1,2017-11-13,PR,5,9.00036775462658,9.0,1
1,2017-11-14,PR,9,8.047459069571394,6.0,1
1,2017-11-15,PR,1,0.0,15.0,0
1,2017-11-16,PR,14,5.974757208608847,6.0,1
1,2017-11-17,PR,23,5.7682430778257485,8.0,1
1,2017-11-18,PR,1,0.20865313534332014,0.0,1
1,2017-11-19,PR,0,0.0,0.0,0
1,2017-11-20,PR,12,6.407376504094457,9.0,1
1,2017-11-21,PR,21,6.192482563459695,6.0,1
1,2017-11-22,PR,17,4.489558070280456,15.0,1
1,2017-11-23,PR,10,6.470317589153179,6.0,1
1,2017-11-24,PR,9,5.752791439358685,8.0,1
1,2017-11-25,PR,4,0.2241087990324394,0.0,1
1,2017-11-26,PR,0,0.0,0.0,0
1,2017-11-27,PR,38,6.3770119137041466,9.0,1
1,2017-11-28,PR,39,6.4297179291574516,6.0,1
1,2017-11-29,PR,27,6.413924774723033,15.0,1
1,2017-11-30,PR,30,7.218357498710081,6.0,1
1,2017-12-01,PR,19,6.241460204231025,8.0,1
1,2017-12-02,PR,3,0.21061863560259445,0.0,1
1,2017-12-03,PR,0,0.0,0.0,0
1,2017-12-04,PR,21,8.540399336454863,9.0,1
1,2017-12-05,PR,24,8.128468496821776,6.0,1
1,2017-12-06,PR,13,7.516207001511289,15.0,1
1,2017-12-07,PR,10,7.313962599021022,6.0,1
1,2017-12-08,PR,13,7.227035419009704,8.0,1
1,2017-12-09,PR,2,0.001950834380974086,0.0,1
1,2017-12-10,PR,0,0.0,0.0,0
1,2017-12-11,PR,20,7.610820692074293,9.0,1
1,2017-12-12,PR,13,8.698763249115459,6.0,1
1,2017-12-13,PR,18,8.294969658614926,15.0,1
1,2017-12-14,PR,17,8.273227746276282,6.0,1
1,2017-12-15,PR,16,8.314806945879482,8.0,1
1,2017-12-16,PR,1,0.0,0.0,1
1,2017-12-17,PR,0,0.0,0.0,0
1,2017-12-18,PR,14,10.411744849471347,9.0,1
1,2017-12-19,PR,13,11.552850208715567,6.0,1
1,2017-12-20,PR,20,10.512829696128618,15.0,1
1,2017-12-21,PR,9,9.56292182447379,6.0,1
1,2017-12-22,PR,7,9.459282117424015,8.0,1
1,2017-12-23,PR,1,0.05856627418620194,0.0,1
1,2017-12-24,PR,0,0.0,0.0,0
1,2017-12-25,PR,0,0.0,9.0,0
1,2017-12-26,PR,16,10.771704338605833,6.0,1
1,2017-12-27,PR,8,10.239691479281804,15.0,1
1,2017-12-28,PR,16,10.229480941750602,6.0,1
1,2017-12-29,PR,1,10.162167747382881,8.0,1
1,2017-12-30,PR,0,0.2153421673622746,0.0,1
1,2017-12-31,PR,0,0.0,0.0,0
1,2018-01-01,PR,0,0.0,9.0,0
1,2018-01-02,PR,8,11.032995140142678,6.0,1
1,2018-01-03,PR,8,10.790938644013659,15.0,1
1,2018-01-04,PR,6,10.544807607083104,6.0,1
1,2018-01-05,PR,15,10.73879375246092,8.0,1
1,2018-01-06,PR,1,0.0,0.0,1
1,2018-01-07,PR,0,0.0,0.0,0
1,2018-01-08,PR,21,7.12815253064094,9.0,1
1,2018-01-09,PR,16,11.34450176393414,6.0,1
1,2018-01-10,PR,17,10.526592461019488,15.0,1
1,2018-01-11,PR,17,10.467608784629936,6.0,1
1,2018-01-12,PR,10,10.59718061874617,8.0,1
1,2018-01-13,PR,5,0.18293991028552933,0.0,1
1,2018-01-14,PR,0,0.0,0.0,0
1,2018-01-15,PR,33,10.504319886089073,9.0,1
1,2018-01-16,PR,20,13.122154120655534,6.0,1
1,2018-01-17,PR,22,12.391810523638064,15.0,1
1,2018-01-18,PR,7,12.574121507730968,6.0,1
1,2018-01-19,PR,10,12.87673832945886,8.0,1
1,2018-01-20,PR,5,0.04298187981397891,0.0,1
1,2018-01-21,PR,0,0.0,0.0,0
1,2018-01-22,PR,16,13.759627735338858,9.0,1
1,2018-01-23,PR,25,13.681086669538654,6.0,1
1,2018-01-24,PR,19,12.779279607587457,15.0,1
1,2018-01-25,PR,16,13.08186985896023,6.0,1
1,2018-01-26,PR,14,13.284391476522632,8.0,1
1,2018-01-27,PR,0,0.5370368779740203,0.0,1
1,2018-01-28,PR,0,0.0,0.0,0
1,2018-01-29,PR,17,14.424995434556779,9.0,1
1,2018-01-30,PR,19,13.565821120090176,6.0,1
1,2018-01-31,PR,12,13.526243622982545,15.0,1
1,2017-11-01,RJ,25,24.773464428655377,28.0,1
1,2017-11-02,RJ,1,0.0,23.0,0
1,2017-11-03,RJ,25,23.13109034566151,25.0,1
1,2017-11-04,RJ,5,3.742371589462554,2.0,1
1,2017-11-05,RJ,0,0.0,0.0,0
1,2017-11-06,RJ,29,26.930249305728857,26.0,1
1,2017-11-07,RJ,41,27.71500813778254,29.0,1
1,2017-11-08,RJ,33,25.16212568263089,28.0,1
1,2017-11-09,RJ,30,15.234783057048608,23.0,1
1,2017-11-10,RJ,27,26.22183560941306,25.0,1
1,2017-11-11,RJ,0,1.8045768023267426,2.0,1
1,2017-11-12,RJ,0,0.0,0.0,0
1,2017-11-13,RJ,10,28.79280303378938,26.0,1
1,2017-11-14,RJ,42,28.973250792999,29.0,1
1,2017-11-15,RJ,0,0.0,28.0,0
1,2017-11-16,RJ,54,16.261450217060784,23.0,1
1,2017-11-17,RJ,49,23.760330906535856,25.0,1
1,2017-11-18,RJ,2,3.9485465951067336,2.0,1
1,2017-11-19,RJ,0,0.0,0.0,0
1,2017-11-20,RJ,27,27.41075760122931,26.0,1
1,2017-11-21,RJ,45,28.54570968746905,29.0,1
1,2017-11-22,RJ,39,15.468839583801799,28.0,1
1,2017-11-23,RJ,38,19.026867803640926,23.0,1
1,2017-11-24,RJ,36,25.586856291596504,25.0,1
1,2017-11-25,RJ,6,1.790739077639842,2.0,1
1,2017-11-26,RJ,0,0.0,0.0,0
1,2017-11-27,RJ,89,28.773981735085062,26.0,1
1,2017-11-28,RJ,101,28.886637247832,29.0,1
1,2017-11-29,RJ,92,18.665611265028403,28.0,1
1,2017-11-30,RJ,73,23.890392256918094,23.0,1
1,2017-12-01,RJ,47,25.196833358854242,25.0,1
1,2017-12-02,RJ,9,3.0819242728762326,2.0,1
1,2017-12-03,RJ,0,0.0,0.0,0
1,2017-12-04,RJ,68,27.836576683060184,26.0,1
1,2017-12-05,RJ,67,27.907041880465975,29.0,1
1,2017-12-06,RJ,74,21.312649013122257,28.0,1
1,2017-12-07,RJ,50,26.798985027445934,23.0,1
1,2017-12-08,RJ,50,26.1318489710431,25.0,1
1,2017-12-09,RJ,4,1.0921529889232389,2.0,1
1,2017-12-10,RJ,0,0.0,0.0,0
1,2017-12-11,RJ,43,28.700581884277682,26.0,1
1,2017-12-12,RJ,50,31.177511189877542,29.0,1
1,2017-12-13,RJ,53,24.431499845179715,28.0,1
1,2017-12-14,RJ,32,26.66812079450058,23.0,1
1,2017-12-15,RJ,31,27.331229135224206,25.0,1
1,2017-12-16,RJ,4,2.8992473010276556,2.0,1
1,2017-12-17,RJ,0,0.0,0.0,0
1,2017-12-18,RJ,44,34.415690297110984,26.0,1
1,2017-12-19,RJ,52,33.78716918713859,29.0,1
1,2017-12-20,RJ,44,29.853379798726248,28.0,1
1,2017-12-21,RJ,27,29.647703839261997,23.0,1
1,2017-12-22,RJ,31,29.701978646591865,25.0,1
1,2017-12-23,RJ,0,0.8852190214674274,2.0,1
1,2017-12-24,RJ,0,0.0,0.0,0
1,2017-12-25,RJ,0,0.0,26.0,0
1,2017-12-26,RJ,23,33.69899819850701,29.0,1
1,2017-12-27,RJ,32,29.277704585428125,28.0,1
1,2017-12-28,RJ,20,29.75470064210127,23.0,1
1,2017-12-29,RJ,6,29.95575592369692,25.0,1
1,2017-12-30,RJ,0,3.8043787682811554,2.0,1
1,2017-12-31,RJ,0,0.0,0.0,0
1,2018-01-01,RJ,0,0.0,26.0,0
1,2018-01-02,RJ,24,32.50956859684501,29.0,1
1,2018-01-03,RJ,38,29.35438713518035,28.0,1
1,2018-01-04,RJ,43,29.429276011197608,23.0,1
1,2018-01-05,RJ,31,29.56517905648213,25.0,1
1,2018-01-06,RJ,1,3.9773200729164846,2.0,1
1,2018-01-07,RJ,0,0.0,0.0,0
1,2018-01-08,RJ,55,13.953738809399134,26.0,1
1,2018-01-09,RJ,53,30.826722690384766,29.0,1
1,2018-01-10,RJ,36,28.341293023951746,28.0,1
1,2018-01-11,RJ,28,28.747751911247384,23.0,1
1,2018-01-12,RJ,24,28.823539561028674,25.0,1
1,2018-01-13,RJ,13,6.602063938304041,2.0,1
1,2018-01-14,RJ,0,0.0,0.0,0
1,2018-01-15,RJ,51,24.492806987253644,26.0,1
1,2018-01-16,RJ,39,33.32768050102639,29.0,1
1,2018-01-17,RJ,44,31.1328659939007,28.0,1
1,2018-01-18,RJ,28,30.61414189287133,23.0,1
1,2018-01-19,RJ,40,30.90132089292239,25.0,1
1,2018-01-20,RJ,4,6.246418600949389,2.0,1
1,2018-01-21,RJ,0,0.0,0.0,0
1,2018-01-22,RJ,21,34.168757649192464,26.0,1
1,2018-01-23,RJ,61,33.60864342123795,29.0,1
1,2018-01-24,RJ,33,29.095351766062002,28.0,1
1,2018-01-25,RJ,23,29.069237890334307,23.0,1
1,2018-01-26,RJ,43,29.12185304858665,25.0,1
1,2018-01-27,RJ,4,5.454529417348207,2.0,1
1,2018-01-28,RJ,0,0.0,0.0,0
1,2018-01-29,RJ,39,34.223603561350174,26.0,1
1,2018-01-30,RJ,52,33.1098152329669,29.0,1
1,2018-01-31,RJ,28,29.046582598273062,28.0,1
1,2017-11-01,RN,1,0.635286758909737,0.0,1
1,2017-11-02,RN,0,0.0,1.0,0
1,2017-11-03,RN,2,0.9030052979567379,0.0,1
1,2017-11-04,RN,0,0.04612433351321653,0.0,1
1,2017-11-05,RN,0,0.0,0.0,0
1,2017-11-06,RN,2,1.042356649199416,1.0,1
1,2017-11-07,RN,3,0.6276248039081072,0.0,1
1,2017-11-08,RN,3,0.5409412040658469,0.0,1
1,2017-11-09,RN,0,0.6405179064963837,1.0,1
1,2017-11-10,RN,0,0.5932619530473232,0.0,1
1,2017-11-11,RN,1,0.03319954609996257,0.0,1
1,2017-11-12,RN,0,0.0,0.0,0
1,2017-11-13,RN,1,0.7366202934551458,1.0,1
1,2017-11-14,RN,0,0.5413914938446739,0.0,1
1,2017-11-15,RN,0,0.0,0.0,0
1,2017-11-16,RN,3,0.5527626428495799,1.0,1
1,2017-11-17,RN,3,0.701974861202618,0.0,1
1,2017-11-18,RN,0,0.1815515723597476,0.0,1
1,2017-11-19,RN,0,0.0,0.0,0
1,2017-11-20,RN,0,0.7111656216974124,1.0,1
1,2017-11-21,RN,3,0.6677380597318483,0.0,1
1,2017-11-22,RN,1,0.6216546609353522,0.0,1
1,2017-11-23,RN,1,0.6835903460611216,1.0,1
1,2017-11-24,RN,3,0.7230609144398148,0.0,1
1,2017-11-25,RN,0,0.14210752637838023,0.0,1
1,2017-11-26,RN,0,0.0,0.0,0
1,2017-11-27,RN,3,0.7551286308205101,1.0,1
1,2017-11-28,RN,5,0.71834237921962,0.0,1
1,2017-11-29,RN,2,0.5806627644272853,0.0,1
1,2017-11-30,RN,2,0.886153483490971,1.0,1
1,2017-12-01,RN,1,0.7154333133854707,0.0,1
1,2017-12-02,RN,0,0.14788881223169673,0.0,1
1,2017-12-03,RN,0,0.0,0.0,0
1,2017-12-04,RN,4,0.7615762989786052,1.0,1
1,2017-12-05,RN,1,0.7156720936855375,0.0,1
1,2017-12-06,RN,1,0.6938786317387903,0.0,1
1,2017-12-07,RN,2,0.7067230980579533,1.0,1
1,2017-12-08,RN,2,0.7007787523016968,0.0,1
1,2017-12-09,RN,0,0.15227260687803548,0.0,1
1,2017-12-10,RN,0,0.0,0.0,0
1,2017-12-11,RN,2,0.7382220459733535,1.0,1
1,2017-12-12,RN,2,0.5312331882279203,0.0,1
1,2017-12-13,RN,1,0.5391497620180445,0.0,1
1,2017-12-14,RN,0,0.45792030822248186,1.0,1
1,2017-12-15,RN,2,0.4526329477619204,0.0,1
1,2017-12-16,RN,1,0.08926982076332252,0.0,1
1,2017-12-17,RN,0,0.0,0.0,0
1,2017-12-18,RN,1,0.5993262510234473,1.0,1
1,2017-12-19,RN,3,0.4876878904146118,0.0,1
1,2017-12-20,RN,3,0.4946898808298862,0.0,1
1,2017-12-21,RN,1,0.5145499162692012,1.0,1
1,2017-12-22,RN,0,0.5084412972424919,0.0,1
1,2017-12-23,RN,0,0.12888812489273238,0.0,1
1,2017-12-24,RN,0,0.0,0.0,0
1,2017-12-25,RN,0,0.0,1.0,0
1,2017-12-26,RN,5,0.5375201009704911,0.0,1
1,2017-12-27,RN,0,0.5459498093120303,0.0,1
1,2017-12-28,RN,0,0.5209018676322651,1.0,1
1,2017-12-29,RN,0,0.5253919598097853,0.0,1
1,2017-12-30,RN,0,0.14545106001082822,0.0,1
1,2017-12-31,RN,0,0.0,0.0,0
1,2018-01-01,RN,0,0.0,1.0,0
1,2018-01-02,RN,1,0.45193759292807073,0.0,1
1,2018-01-03,RN,5,0.45675743065643526,0.0,1
1,2018-01-04,RN,1,0.4154566469160097,1.0,1
1,2018-01-05,RN,2,0.4541799093341074,0.0,1
1,2018-01-06,RN,0,0.1641267337297624,0.0,1
1,2018-01-07,RN,0,0.0,0.0,0
1,2018-01-08,RN,1,0.4272986894658453,1.0,1
1,2018-01-09,RN,2,0.4831454060744913,0.0,1
1,2018-01-10,RN,1,0.48797645818458446,0.0,1
1,2018-01-11,RN,2,0.44562359740216784,1.0,1
1,2018-01-12,RN,3,0.5155006855423259,0.0,1
1,2018-01-13,RN,0,0.10870254968516023,0.0,1
1,2018-01-14,RN,0,0.0,0.0,0
1,2018-01-15,RN,4,0.4406425357026327,1.0,1
1,2018-01-16,RN,1,0.45204902278378717,0.0,1
1,2018-01-17,RN,5,0.45700163185588777,0.0,1
1,2018-01-18,RN,1,0.40676394005200484,1.0,1
1,2018-01-19,RN,0,0.48400414630287186,0.0,1
1,2018-01-20,RN,1,0.09777961856289986,0.0,1
1,2018-01-21,RN,0,0.0,0.0,0
1,2018-01-22,RN,1,0.5809295073076183,1.0,1
1,2018-01-23,RN,4,0.4233309987623395,0.0,1
1,2018-01-24,RN,3,0.4282754494341956,0.0,1
1,2018-01-25,RN,2,0.41762241128413813,1.0,1
1,2018-01-26,RN,2,0.4343437453662157,0.0,1
1,2018-01-27,RN,0,0.05443437002127767,0.0,1
1,2018-01-28,RN,0,0.0,0.0,0
1,2018-01-29,RN,5,0.6848279035550311,1.0,1
1,2018-01-30,RN,1,0.5793213524375712,0.0,1
1,2018-01-31,RN,0,0.630115717164753,0.0,1
1,2017-11-01,RO,0,0.5546290167810541,0.0,1
1,2017-11-02,RO,0,0.0,0.0,0
1,2017-11-03,RO,1,0.6311877096579196,1.0,1
1,2017-11-04,RO,0,0.025640429029089824,0.0,1
1,2017-11-05,RO,0,0.0,0.0,0
1,2017-11-06,RO,2,0.28980185500981187,0.0,1
1,2017-11-07,RO,3,0.187689209968771,3.0,1
1,2017-11-08,RO,0,0.32511258864056486,0.0,1
1,2017-11-09,RO,2,0.27920975786784824,0.0,1
1,2017-11-10,RO,0,0.4284430095748299,1.0,1
1,2017-11-11,RO,0,0.011335391294691357,0.0,1
1,2017-11-12,RO,0,0.0,0.0,0
1,2017-11-13,RO,0,0.3844176519559302,0.0,1
1,2017-11-14,RO,0,0.6758114211427156,3.0,1
1,2017-11-15,RO,0,0.0,0.0,0
1,2017-11-16,RO,0,0.345027858915659,0.0,1
1,2017-11-17,RO,0,0.45564742386003015,1.0,1
1,2017-11-18,RO,0,0.1206901511533506,0.0,1
1,2017-11-19,RO,0,0.0,0.0,0
1,2017-11-20,RO,0,0.4873498614644064,0.0,1
1,2017-11-21,RO,1,0.4474172912334513,3.0,1
1,2017-11-22,RO,4,0.38189456049560194,0.0,1
1,2017-11-23,RO,0,0.4652824433653166,0.0,1
1,2017-11-24,RO,2,0.45988757538140307,1.0,1
1,2017-11-25,RO,0,0.12835528309531308,0.0,1
1,2017-11-26,RO,0,0.0,0.0,0
1,2017-11-27,RO,0,0.49219443613424374,0.0,1
1,2017-11-28,RO,1,0.45317689834827424,3.0,1
1,2017-11-29,RO,0,0.3374629482414151,0.0,1
1,2017-11-30,RO,0,0.6201467320485677,0.0,1
1,2017-12-01,RO,0,0.4473979474626423,1.0,1
1,2017-12-02,RO,0,0.13431139638789075,0.0,1
1,2017-12-03,RO,0,0.0,0.0,0
1,2017-12-04,RO,1,0.49841831660728514,0.0,1
1,2017-12-05,RO,0,0.4516072476208053,3.0,1
1,2017-12-06,RO,0,0.449589930157266,0.0,1
1,2017-12-07,RO,1,0.4618186328365418,0.0,1
1,2017-12-08,RO,0,0.46302965233935706,1.0,1
1,2017-12-09,RO,0,0.14432414322223855,0.0,1
1,2017-12-10,RO,0,0.0,0.0,0
1,2017-12-11,RO,1,0.5007001900700891,0.0,1
1,2017-12-12,RO,0,0.30742693977825963,3.0,1
1,2017-12-13,RO,3,0.3153453106270429,0.0,1
1,2017-12-14,RO,0,0.30512524629352,0.0,1
1,2017-12-15,RO,0,0.2998414083820691,1.0,1
1,2017-12-16,RO,1,0.11530783978439382,0.0,1
1,2017-12-17,RO,0,0.0,0.0,0
1,2017-12-18,RO,1,0.4445825442550821,0.0,1
1,2017-12-19,RO,1,0.3351848324472031,3.0,1
1,2017-12-20,RO,1,0.3421902351825338,0.0,1
1,2017-12-21,RO,1,0.3250748025013063,0.0,1
1,2017-12-22,RO,0,0.31896674745367026,1.0,1
1,2017-12-23,RO,0,0.11800817003921915,0.0,1
1,2017-12-24,RO,0,0.0,0.0,0
1,2017-12-25,RO,0,0.0,0.0,0
1,2017-12-26,RO,1,0.33717706475516646,3.0,1
1,2017-12-27,RO,0,0.3448791993196971,0.0,1
1,2017-12-28,RO,0,0.3236718180320046,0.0,1
1,2017-12-29,RO,0,0.3281619328005569,1.0,1
1,2017-12-30,RO,0,0.12702775575768638,0.0,1
1,2017-12-31,RO,0,0.0,0.0,0
1,2018-01-01,RO,0,0.0,0.0,0
1,2018-01-02,RO,1,0.23698488141944063,3.0,1
1,2018-01-03,RO,2,0.24107714537079622,0.0,1
1,2018-01-04,RO,1,0.2013567274110838,0.0,1
1,2018-01-05,RO,2,0.24008210173909877,1.0,1
1,2018-01-06,RO,0,0.12776755043024007,0.0,1
1,2018-01-07,RO,0,0.0,0.0,0
1,2018-01-08,RO,1,0.23594424862656993,0.0,1
1,2018-01-09,RO,1,0.2679404141945196,3.0,1
1,2018-01-10,RO,1,0.27204389252760397,0.0,1
1,2018-01-11,RO,1,0.23141785089439076,0.0,1
1,2018-01-12,RO,1,0.3012970509444662,1.0,1
1,2018-01-13,RO,0,0.07920136865912958,0.0,1
1,2018-01-14,RO,0,0.0,0.0,0
1,2018-01-15,RO,0,0.26666929556525915,0.0,1
1,2018-01-16,RO,0,0.2540906753583889,3.0,1
1,2018-01-17,RO,1,0.2583139135948221,0.0,1
1,2018-01-18,RO,0,0.20976785498916153,0.0,1
1,2018-01-19,RO,1,0.2796856305431019,1.0,1
1,2018-01-20,RO,0,0.07557524209063238,0.0,1
1,2018-01-21,RO,0,0.0,0.0,0
1,2018-01-22,RO,0,0.3857649929211365,0.0,1
1,2018-01-23,RO,1,0.22938041931177647,3.0,1
1,2018-01-24,RO,1,0.2335954991479652,0.0,1
1,2018-01-25,RO,0,0.2234264136475505,0.0,1
1,2018-01-26,RO,1,0.23282531703270132,1.0,1
1,2018-01-27,RO,0,0.031489535897684474,0.0,1
1,2018-01-28,RO,0,0.0,0.0,0
1,2018-01-29,RO,1,0.4884138799429765,0.0,1
1,2018-01-30,RO,0,0.40376060911755,3.0,1
1,2018-01-31,RO,3,0.4470966417095539,0.0,1
1,2017-11-01,RR,0,0.0,0.0,1
1,2017-11-02,RR,0,0.0,0.0,0
1,2017-11-03,RR,0,0.008982905914015635,0.0,1
1,2017-11-04,RR,0,0.0,0.0,1
1,2017-11-05,RR,0,0.0,0.0,0
1,2017-11-06,RR,0,0.0,0.0,1
1,2017-11-07,RR,0,0.0,0.0,1
1,2017-11-08,RR,0,0.0,0.0,1
1,2017-11-09,RR,0,0.0,0.0,1
1,2017-11-10,RR,0,0.0,0.0,1
1,2017-11-11,RR,0,0.0,0.0,1
1,2017-11-12,RR,0,0.0,0.0,0
1,2017-11-13,RR,0,0.0,0.0,1
1,2017-11-14,RR,0,0.0,0.0,1
1,2017-11-15,RR,0,0.0,0.0,0
1,2017-11-16,RR,0,0.0,0.0,1
1,2017-11-17,RR,0,0.008743108926374232,0.0,1
1,2017-11-18,RR,0,0.0,0.0,1
1,2017-11-19,RR,0,0.0,0.0,0
1,2017-11-20,RR,0,0.0,0.0,1
1,2017-11-21,RR,0,0.0,0.0,1
1,2017-11-22,RR,0,0.0,0.0,1
1,2017-11-23,RR,0,0.0,0.0,1
1,2017-11-24,RR,1,0.0,0.0,1
1,2017-11-25,RR,0,0.0,0.0,1
1,2017-11-26,RR,0,0.0,0.0,0
1,2017-11-27,RR,0,0.0,0.0,1
1,2017-11-28,RR,1,0.0005881499420169182,0.0,1
1,2017-11-29,RR,1,0.0,0.0,1
1,2017-11-30,RR,0,0.0,0.0,1
1,2017-12-01,RR,0,0.017703404393747662,0.0,1
1,2017-12-02,RR,0,0.0,0.0,1
1,2017-12-03,RR,0,0.0,0.0,0
1,2017-12-04,RR,0,0.0,0.0,1
1,2017-12-05,RR,0,0.0,0.0,1
1,2017-12-06,RR,0,0.0,0.0,1
1,2017-12-07,RR,0,0.0,0.0,1
1,2017-12-08,RR,0,0.0,0.0,1
1,2017-12-09,RR,0,0.0,0.0,1
1,2017-12-10,RR,0,0.0,0.0,0
1,2017-12-11,RR,0,0.00561029372131384,0.0,1
1,2017-12-12,RR,0,0.007712295304177339,0.0,1
1,2017-12-13,RR,0,0.0,0.0,1
1,2017-12-14,RR,0,0.0,0.0,1
1,2017-12-15,RR,0,0.00402662137283441,0.0,1
1,2017-12-16,RR,0,0.0,0.0,1
1,2017-12-17,RR,0,0.0,0.0,0
1,2017-12-18,RR,0,0.008238623599303626,0.0,1
1,2017-12-19,RR,0,0.0,0.0,1
1,2017-12-20,RR,0,0.0,0.0,1
1,2017-12-21,RR,0,0.0,0.0,1
1,2017-12-22,RR,0,0.0,0.0,1
1,2017-12-23,RR,0,0.0,0.0,1
1,2017-12-24,RR,0,0.0,0.0,0
1,2017-12-25,RR,0,0.0,0.0,0
1,2017-12-26,RR,0,0.017810968013682083,0.0,1
1,2017-12-27,RR,0,0.0,0.0,1
1,2017-12-28,RR,0,0.0,0.0,1
1,2017-12-29,RR,0,0.0,0.0,1
1,2017-12-30,RR,0,0.0,0.0,1
1,2017-12-31,RR,0,0.0,0.0,0
1,2018-01-01,RR,0,0.0,0.0,0
1,2018-01-02,RR,0,0.0,0.0,1
1,2018-01-03,RR,0,0.0,0.0,1
1,2018-01-04,RR,0,0.0,0.0,1
1,2018-01-05,RR,0,0.0,0.0,1
1,2018-01-06,RR,0,0.017662934234376263,0.0,1
1,2018-01-07,RR,0,0.0,0.0,0
1,2018-01-08,RR,0,0.04572137203401228,0.0,1
1,2018-01-09,RR,0,0.016261114962799608,0.0,1
1,2018-01-10,RR,0,0.0,0.0,1
1,2018-01-11,RR,0,0.0,0.0,1
1,2018-01-12,RR,0,0.01684586068921541,0.0,1
1,2018-01-13,RR,0,0.0,0.0,1
1,2018-01-14,RR,0,0.0,0.0,0
1,2018-01-15,RR,0,0.0,0.0,1
1,2018-01-16,RR,0,0.0,0.0,1
1,2018-01-17,RR,0,0.0,0.0,1
1,2018-01-18,RR,0,0.0,0.0,1
1,2018-01-19,RR,0,0.0,0.0,1
1,2018-01-20,RR,0,0.04985226428605224,0.0,1
1,2018-01-21,RR,0,0.0,0.0,0
1,2018-01-22,RR,0,0.07634864937939265,0.0,1
1,2018-01-23,RR,0,0.0,0.0,1
1,2018-01-24,RR,0,0.0,0.0,1
1,2018-01-25,RR,0,0.0,0.0,1
1,2018-01-26,RR,0,0.037969816902324184,0.0,1
1,2018-01-27,RR,0,0.0,0.0,1
1,2018-01-28,RR,0,0.0,0.0,0
1,2018-01-29,RR,1,0.0,0.0,1
1,2018-01-30,RR,0,0.06230603472729974,0.0,1
1,2018-01-31,RR,0,0.03496462925700232,0.0,1
1,2017-11-01,RS,5,8.607657745738132,11.0,1
1,2017-11-02,RS,0,0.0,11.0,0
1,2017-11-03,RS,12,11.25011937967223,7.0,1
1,2017-11-04,RS,0,0.0,1.0,1
1,2017-11-05,RS,0,0.0,0.0,0
1,2017-11-06,RS,13,11.506027652427736,7.0,1
1,2017-11-07,RS,9,10.728567010087621,15.0,1
1,2017-11-08,RS,11,8.739552895214956,11.0,1
1,2017-11-09,RS,12,7.617002810084927,11.0,1
1,2017-11-10,RS,10,8.774666327003992,7.0,1
1,2017-11-11,RS,0,0.14103106167828175,1.0,1
1,2017-11-12,RS,0,0.0,0.0,0
1,2017-11-13,RS,4,9.797990128330447,7.0,1
1,2017-11-14,RS,20,9.34066088020457,15.0,1
1,2017-11-15,RS,1,0.0,11.0,0
1,2017-11-16,RS,17,7.4702269845632125,11.0,1
1,2017-11-17,RS,21,8.564094243004545,7.0,1
1,2017-11-18,RS,0,0.0,1.0,1
1,2017-11-19,RS,0,0.0,0.0,0
1,2017-11-20,RS,9,9.797031066175535,7.0,1
1,2017-11-21,RS,19,9.217535401897955,15.0,1
1,2017-11-22,RS,24,7.220931666121617,11.0,1
1,2017-11-23,RS,17,9.208253041008401,11.0,1
1,2017-11-24,RS,21,9.04536992868911,7.0,1
1,2017-11-25,RS,5,0.08653649651365838,1.0,1
1,2017-11-26,RS,0,0.0,0.0,0
1,2017-11-27,RS,39,10.653392025523118,7.0,1
1,2017-11-28,RS,40,9.68134589925575,15.0,1
1,2017-11-29,RS,29,7.901452942378457,11.0,1
1,2017-11-30,RS,28,8.244367143130367,11.0,1
1,2017-12-01,RS,25,8.674956752787295,7.0,1
1,2017-12-02,RS,3,0.0,1.0,1
1,2017-12-03,RS,0,0.0,0.0,0
1,2017-12-04,RS,22,10.185842629419575,7.0,1
1,2017-12-05,RS,17,10.145673537204646,15.0,1
1,2017-12-06,RS,27,8.019910747831192,11.0,1
1,2017-12-07,RS,20,9.288909710919969,11.0,1
1,2017-12-08,RS,7,9.005001782478999,7.0,1
1,2017-12-09,RS,6,0.0,1.0,1
1,2017-12-10,RS,0,0.0,0.0,0
1,2017-12-11,RS,20,10.35267876404144,7.0,1
1,2017-12-12,RS,20,12.008590306588765,15.0,1
1,2017-12-13,RS,18,11.546649415034642,11.0,1
1,2017-12-14,RS,19,11.091861260870239,11.0,1
1,2017-12-15,RS,17,10.950675534123631,7.0,1
1,2017-12-16,RS,2,0.4842661043808644,1.0,1
1,2017-12-17,RS,0,0.0,0.0,0
1,2017-12-18,RS,12,13.675535729595321,7.0,1
1,2017-12-19,RS,12,13.479232424339571,15.0,1
1,2017-12-20,RS,16,13.13785899321068,11.0,1
1,2017-12-21,RS,10,13.35774474787494,11.0,1
1,2017-12-22,RS,11,13.433341898142666,7.0,1
1,2017-12-23,RS,2,0.3624427011584256,1.0,1
1,2017-12-24,RS,0,0.0,0.0,0
1,2017-12-25,RS,0,0.0,7.0,0
1,2017-12-26,RS,6,15.592228560260173,15.0,1
1,2017-12-27,RS,13,13.2852764197137,11.0,1
1,2017-12-28,RS,11,13.325458053599696,11.0,1
1,2017-12-29,RS,0,13.402543417260697,7.0,1
1,2017-12-30,RS,0,0.5626229488322203,1.0,1
1,2017-12-31,RS,0,0.0,0.0,0
1,2018-01-01,RS,0,0.0,7.0,0
1,2018-01-02,RS,9,13.5040762303123,15.0,1
1,2018-01-03,RS,8,12.340849890568546,11.0,1
1,2018-01-04,RS,12,10.328310341752351,11.0,1
1,2018-01-05,RS,19,10.813175639962614,7.0,1
1,2018-01-06,RS,0,0.3150548879848409,1.0,1
1,2018-01-07,RS,0,0.0,0.0,0
1,2018-01-08,RS,18,8.14810598093315,7.0,1
1,2018-01-09,RS,20,14.608850730212614,15.0,1
1,2018-01-10,RS,20,12.753515377771228,11.0,1
1,2018-01-11,RS,17,13.225760084949282,11.0,1
1,2018-01-12,RS,11,13.572262475549973,7.0,1
1,2018-01-13,RS,5,0.3770662019040431,1.0,1
1,2018-01-14,RS,0,0.0,0.0,0
1,2018-01-15,RS,16,12.180242454444532,7.0,1
1,2018-01-16,RS,12,13.475070013319147,15.0,1
1,2018-01-17,RS,25,13.895008628849652,11.0,1
1,2018-01-18,RS,13,13.846396955280948,11.0,1
1,2018-01-19,RS,13,13.699466886561236,7.0,1
1,2018-01-20,RS,1,0.497241351224643,1.0,1
1,2018-01-21,RS,0,0.0,0.0,0
1,2018-01-22,RS,12,15.288495567699137,7.0,1
1,2018-01-23,RS,15,13.682803632425042,15.0,1
1,2018-01-24,RS,21,13.031033935211155,11.0,1
1,2018-01-25,RS,12,13.564227049396393,11.0,1
1,2018-01-26,RS,17,13.47791393692779,7.0,1
1,2018-01-27,RS,3,0.8540461728028577,1.0,1
1,2018-01-28,RS,0,0.0,0.0,0
1,2018-01-29,RS,18,14.87957916820154,7.0,1
1,2018-01-30,RS,17,14.62574982952851,15.0,1
1,2018-01-31,RS,21,14.156378299824771,11.0,1
1,2017-11-01,SC,9,6.818615440059929,6.0,1
1,2017-11-02,SC,0,0.0,6.0,0
1,2017-11-03,SC,4,5.623148808692667,7.0,1
1,2017-11-04,SC,0,0.2237692091114013,0.0,1
1,2017-11-05,SC,0,0.0,0.0,0
1,2017-11-06,SC,9,7.425858094447242,7.0,1
1,2017-11-07,SC,17,7.103823814986572,8.0,1
1,2017-11-08,SC,8,5.790160275146562,6.0,1
1,2017-11-09,SC,13,4.329945648715711,6.0,1
1,2017-11-10,SC,12,6.141417737231283,7.0,1
1,2017-11-11,SC,1,0.07197602492381351,0.0,1
1,2017-11-12,SC,0,0.0,0.0,0
1,2017-11-13,SC,2,6.963471541583106,7.0,1
1,2017-11-14,SC,11,7.8306803882371225,8.0,1
1,2017-11-15,SC,0,0.0,6.0,0
1,2017-11-16,SC,22,5.3103085809947554,6.0,1
1,2017-11-17,SC,8,5.314462498120729,7.0,1
1,2017-11-18,SC,1,0.2122314184604055,0.0,1
1,2017-11-19,SC,0,0.0,0.0,0
1,2017-11-20,SC,3,6.45652936894594,7.0,1
1,2017-11-21,SC,19,6.120394018396671,8.0,1
1,2017-11-22,SC,9,4.5163224214196855,6.0,1
1,2017-11-23,SC,8,6.403019984979255,6.0,1
1,2017-11-24,SC,10,5.872469790874781,7.0,1
1,2017-11-25,SC,4,0.1585178880295302,0.0,1
1,2017-11-26,SC,0,0.0,0.0,0
1,2017-11-27,SC,21,6.73634356047065,7.0,1
1,2017-11-28,SC,34,6.280031524421281,8.0,1
1,2017-11-29,SC,23,5.695243907138324,6.0,1
1,2017-11-30,SC,16,7.058072427899235,6.0,1
1,2017-12-01,SC,14,6.067496980432876,7.0,1
1,2017-12-02,SC,3,0.07399398351007404,0.0,1
1,2017-12-03,SC,0,0.0,0.0,0
1,2017-12-04,SC,18,6.728803124455309,7.0,1
1,2017-12-05,SC,14,6.89990625891292,8.0,1
1,2017-12-06,SC,18,6.7275650034661485,6.0,1
1,2017-12-07,SC,19,6.0875242108962455,6.0,1
1,2017-12-08,SC,8,6.421547912772342,7.0,1
1,2017-12-09,SC,1,0.0,0.0,1
1,2017-12-10,SC,0,0.0,0.0,0
1,2017-12-11,SC,13,6.958942786667874,7.0,1
1,2017-12-12,SC,12,7.572274489048098,8.0,1
1,2017-12-13,SC,10,7.099580256116141,6.0,1
1,2017-12-14,SC,11,7.3153385238757025,6.0,1
1,2017-12-15,SC,6,6.842352500499755,7.0,1
1,2017-12-16,SC,3,0.0,0.0,1
1,2017-12-17,SC,0,0.0,0.0,0
1,2017-12-18,SC,9,7.720286260869279,7.0,1
1,2017-12-19,SC,12,7.523342472868467,8.0,1
1,2017-12-20,SC,10,7.1542760830815535,6.0,1
1,2017-12-21,SC,5,6.903233556141046,6.0,1
1,2017-12-22,SC,5,6.830624044236204,7.0,1
1,2017-12-23,SC,1,0.0,0.0,1
1,2017-12-24,SC,0,0.0,0.0,0
1,2017-12-25,SC,0,0.0,7.0,0
1,2017-12-26,SC,7,8.706577399450518,8.0,1
1,2017-12-27,SC,7,7.520745692943319,6.0,1
1,2017-12-28,SC,10,7.540936132164296,6.0,1
1,2017-12-29,SC,3,7.533000066000926,7.0,1
1,2017-12-30,SC,0,0.0272125271560287,0.0,1
1,2017-12-31,SC,0,0.0,0.0,0
1,2018-01-01,SC,0,0.0,7.0,0
1,2018-01-02,SC,11,9.429643544457546,8.0,1
1,2018-01-03,SC,4,7.76953853093125,6.0,1
1,2018-01-04,SC,13,7.824894630987874,6.0,1
1,2018-01-05,SC,12,7.969741590513669,7.0,1
1,2018-01-06,SC,1,0.0,0.0,1
1,2018-01-07,SC,0,0.0,0.0,0
1,2018-01-08,SC,12,5.078805579454701,7.0,1
1,2018-01-09,SC,12,9.021466336091292,8.0,1
1,2018-01-10,SC,15,8.56723107819443,6.0,1
1,2018-01-11,SC,8,9.009675182870838,6.0,1
1,2018-01-12,SC,7,8.909498266890061,7.0,1
1,2018-01-13,SC,14,0.14948180440166886,0.0,1
1,2018-01-14,SC,0,0.0,0.0,0
1,2018-01-15,SC,16,9.478855825277073,7.0,1
1,2018-01-16,SC,17,10.64160589314033,8.0,1
1,2018-01-17,SC,14,9.573526025062208,6.0,1
1,2018-01-18,SC,12,9.527091200444683,6.0,1
1,2018-01-19,SC,13,9.609217082842722,7.0,1
1,2018-01-20,SC,1,0.0,0.0,1
1,2018-01-21,SC,0,0.0,0.0,0
1,2018-01-22,SC,14,10.194102722533058,7.0,1
1,2018-01-23,SC,18,10.430546950311083,8.0,1
1,2018-01-24,SC,17,9.57480109776671,6.0,1
1,2018-01-25,SC,12,9.631348574693464,6.0,1
1,2018-01-26,SC,17,9.667573869205023,7.0,1
1,2018-01-27,SC,1,0.2984017137709749,0.0,1
1,2018-01-28,SC,0,0.0,0.0,0
1,2018-01-29,SC,12,11.352617528497902,7.0,1
1,2018-01-30,SC,15,10.875049408480377,8.0,1
1,2018-01-31,SC,10,9.897557586071112,6.0,1
1,2017-11-01,SE,0,0.4198184462545431,1.0,1
1,2017-11-02,SE,0,0.0,0.0,0
1,2017-11-03,SE,1,0.1523532366182035,2.0,1
1,2017-11-04,SE,1,0.0,0.0,1
1,2017-11-05,SE,0,0.0,0.0,0
1,2017-11-06,SE,1,0.5176838947825954,1.0,1
1,2017-11-07,SE,1,0.29779035875387855,2.0,1
1,2017-11-08,SE,0,0.5198922648699843,1.0,1
1,2017-11-09,SE,1,0.36073718069823574,0.0,1
1,2017-11-10,SE,2,0.34070821273017676,2.0,1
1,2017-11-11,SE,0,0.0546689610393395,0.0,1
1,2017-11-12,SE,0,0.0,0.0,0
1,2017-11-13,SE,0,0.5890989699188103,1.0,1
1,2017-11-14,SE,2,0.3482934315658731,2.0,1
1,2017-11-15,SE,0,0.0,1.0,0
1,2017-11-16,SE,1,0.40893609714306395,0.0,1
1,2017-11-17,SE,1,0.550465239675844,2.0,1
1,2017-11-18,SE,0,0.05160648813811135,0.0,1
1,2017-11-19,SE,0,0.0,0.0,0
1,2017-11-20,SE,0,0.5636328090924888,1.0,1
1,2017-11-21,SE,2,0.5229393224949249,2.0,1
1,2017-11-22,SE,3,0.4750462849771557,1.0,1
1,2017-11-23,SE,0,0.5320683671200029,0.0,1
1,2017-11-24,SE,2,0.5266718360026394,2.0,1
1,2017-11-25,SE,0,0.1714283556438837,0.0,1
1,2017-11-26,SE,0,0.0,0.0,0
1,2017-11-27,SE,1,0.5627933320947632,1.0,1
1,2017-11-28,SE,2,0.5215324966460064,2.0,1
1,2017-11-29,SE,1,0.3838512374688993,1.0,1
1,2017-11-30,SE,3,0.6869185544971356,0.0,1
1,2017-12-01,SE,1,0.5188297699019152,2.0,1
1,2017-12-02,SE,0,0.1769831494943104,0.0,1
1,2017-12-03,SE,0,0.0,0.0,0
1,2017-12-04,SE,1,0.5690131016879378,1.0,1
1,2017-12-05,SE,2,0.518852660482855,2.0,1
1,2017-12-06,SE,0,0.49705433200732396,1.0,1
1,2017-12-07,SE,0,0.5101101355994793,0.0,1
1,2017-12-08,SE,2,0.5041680666815906,2.0,1
1,2017-12-09,SE,0,0.1813695553214309,0.0,1
1,2017-12-10,SE,0,0.0,0.0,0
1,2017-12-11,SE,1,0.5456575487702484,1.0,1
1,2017-12-12,SE,2,0.34412810481067185,2.0,1
1,2017-12-13,SE,1,0.35204467860079647,1.0,1
1,2017-12-14,SE,1,0.3491607894237617,0.0,1
1,2017-12-15,SE,0,0.3438757058015672,2.0,1
1,2017-12-16,SE,1,0.13157512692652606,0.0,1
1,2017-12-17,SE,0,0.0,0.0,0
1,2017-12-18,SE,1,0.4862981691681427,1.0,1
1,2017-12-19,SE,1,0.37739423430745045,2.0,1
1,2017-12-20,SE,2,0.3843978399841226,1.0,1
1,2017-12-21,SE,0,0.3691111729873979,0.0,1
1,2017-12-22,SE,0,0.3630018722290182,2.0,1
1,2017-12-23,SE,0,0.13506915462914107,0.0,1
1,2017-12-24,SE,0,0.0,0.0,0
1,2017-12-25,SE,0,0.0,1.0,0
1,2017-12-26,SE,3,0.3854011904635438,2.0,1
1,2017-12-27,SE,0,0.3938308988050833,1.0,1
1,2017-12-28,SE,1,0.36922222029796686,0.0,1
1,2017-12-29,SE,0,0.373711458380104,2.0,1
1,2017-12-30,SE,0,0.1448199311783168,0.0,1
1,2017-12-31,SE,0,0.0,0.0,0
1,2018-01-01,SE,0,0.0,1.0,0
1,2018-01-02,SE,3,0.2999437522060982,2.0,1
1,2018-01-03,SE,1,0.30476358993446295,1.0,1
1,2018-01-04,SE,2,0.26272733403141296,0.0,1
1,2018-01-05,SE,0,0.30145059644951094,2.0,1
1,2018-01-06,SE,0,0.16136677102488678,0.0,1
1,2018-01-07,SE,0,0.0,0.0,0
1,2018-01-08,SE,0,0.2756933007685241,1.0,1
1,2018-01-09,SE,0,0.3309690823148708,2.0,1
1,2018-01-10,SE,3,0.33580013442496415,1.0,1
1,2018-01-11,SE,1,0.2935285427054253,0.0,1
1,2018-01-12,SE,0,0.3634056308455828,2.0,1
1,2018-01-13,SE,1,0.1138663557282044,0.0,1
1,2018-01-14,SE,0,0.0,0.0,0
1,2018-01-15,SE,0,0.2906232492491472,1.0,1
1,2018-01-16,SE,1,0.3069499488529216,2.0,1
1,2018-01-17,SE,2,0.3119025579250222,1.0,1
1,2018-01-18,SE,0,0.2616648661211391,0.0,1
1,2018-01-19,SE,1,0.3315809785416294,2.0,1
1,2018-01-20,SE,0,0.09988297928633126,0.0,1
1,2018-01-21,SE,0,0.0,0.0,0
1,2018-01-22,SE,1,0.43931818053180294,1.0,1
1,2018-01-23,SE,0,0.28172012757541365,2.0,1
1,2018-01-24,SE,1,0.2866645782472698,1.0,1
1,2018-01-25,SE,0,0.2854505470108927,0.0,1
1,2018-01-26,SE,2,0.29484778726259314,2.0,1
1,2018-01-27,SE,0,0.06598778451482493,0.0,1
1,2018-01-28,SE,0,0.0,0.0,0
1,2018-01-29,SE,1,0.5526529178668556,1.0,1
1,2018-01-30,SE,0,0.4467750386397768,2.0,1
1,2018-01-31,SE,0,0.5036918252450675,1.0,1
1,2017-11-01,SP,68,74.58365790882303,66.0,1
1,2017-11-02,SP,3,0.0,57.0,0
1,2017-11-03,SP,70,72.88084322395278,69.0,1
1,2017-11-04,SP,16,7.204294906130016,0.0,1
1,2017-11-05,SP,0,0.0,0.0,0
1,2017-11-06,SP,91,87.17629833122267,85.0,1
1,2017-11-07,SP,104,87.8793047447959,75.0,1
1,2017-11-08,SP,85,83.62055435940663,66.0,1
1,2017-11-09,SP,78,41.064427771084475,57.0,1
1,2017-11-10,SP,84,74.55768140711436,69.0,1
1,2017-11-11,SP,4,2.304361141832744,0.0,1
1,2017-11-12,SP,0,0.0,0.0,0
1,2017-11-13,SP,24,82.0705648444105,85.0,1
1,2017-11-14,SP,147,85.14643222568213,75.0,1
1,2017-11-15,SP,6,0.0,66.0,0
1,2017-11-16,SP,161,49.514389985065975,57.0,1
1,2017-11-17,SP,127,76.0264015240721,69.0,1
1,2017-11-18,SP,4,8.771061264341547,0.0,1
1,2017-11-19,SP,0,0.0,0.0,0
1,2017-11-20,SP,53,85.28165262173414,85.0,1
1,2017-11-21,SP,157,85.63022570484031,75.0,1
1,2017-11-22,SP,158,40.93632740040422,66.0,1
1,2017-11-23,SP,108,64.36324484790998,57.0,1
1,2017-11-24,SP,144,75.48523786068169,69.0,1
1,2017-11-25,SP,23,4.53191887920739,0.0,1
1,2017-11-26,SP,0,0.0,0.0,0
1,2017-11-27,SP,248,83.81698259006706,85.0,1
1,2017-11-28,SP,273,85.79788755821646,75.0,1
1,2017-11-29,SP,215,51.19866690019539,66.0,1
1,2017-11-30,SP,194,64.02274698572576,57.0,1
1,2017-12-01,SP,167,75.03188914969648,69.0,1
1,2017-12-02,SP,18,9.984526689763701,0.0,1
1,2017-12-03,SP,0,0.0,0.0,0
1,2017-12-04,SP,157,82.14935409375784,85.0,1
1,2017-12-05,SP,192,82.19536966592332,75.0,1
1,2017-12-06,SP,167,63.867903036965366,66.0,1
1,2017-12-07,SP,146,67.0263731103187,57.0,1
1,2017-12-08,SP,105,73.65677442223063,69.0,1
1,2017-12-09,SP,30,11.44175602505435,0.0,1
1,2017-12-10,SP,1,0.0,0.0,0
1,2017-12-11,SP,149,79.38252763739831,85.0,1
1,2017-12-12,SP,160,80.98019857822796,75.0,1
1,2017-12-13,SP,139,64.0923034291428,66.0,1
1,2017-12-14,SP,96,67.11439527252668,57.0,1
1,2017-12-15,SP,124,73.00934407906126,69.0,1
1,2017-12-16,SP,12,17.305192029376375,0.0,1
1,2017-12-17,SP,0,0.0,0.0,0
1,2017-12-18,SP,115,80.93518049642667,85.0,1
1,2017-12-19,SP,115,81.88403520375809,75.0,1
1,2017-12-20,SP,130,71.19422813977333,66.0,1
1,2017-12-21,SP,79,67.0561704732174,57.0,1
1,2017-12-22,SP,87,73.56555025046082,69.0,1
1,2017-12-23,SP,7,22.424487138557197,0.0,1
1,2017-12-24,SP,0,0.0,0.0,0
1,2017-12-25,SP,0,0.0,85.0,0
1,2017-12-26,SP,80,85.75948350270214,75.0,1
1,2017-12-27,SP,89,82.10979084299466,66.0,1
1,2017-12-28,SP,98,70.51791440080491,57.0,1
1,2017-12-29,SP,19,76.22641249330906,69.0,1
1,2017-12-30,SP,1,34.047315956855925,0.0,1
1,2017-12-31,SP,0,0.0,0.0,0
1,2018-01-01,SP,0,0.0,85.0,0
1,2018-01-02,SP,109,71.0730385552687,75.0,1
1,2018-01-03,SP,104,65.18901537907277,66.0,1
1,2018-01-04,SP,94,64.33217497800594,57.0,1
1,2018-01-05,SP,117,62.46156533133699,69.0,1
1,2018-01-06,SP,6,40.31269472666137,0.0,1
1,2018-01-07,SP,0,0.0,0.0,0
1,2018-01-08,SP,137,20.876871462709733,85.0,1
1,2018-01-09,SP,138,72.91296971471611,75.0,1
1,2018-01-10,SP,153,61.5485921649658,66.0,1
1,2018-01-11,SP,101,60.147540517363744,57.0,1
1,2018-01-12,SP,71,55.34058211281947,69.0,1
1,2018-01-13,SP,49,41.405598509736706,0.0,1
1,2018-01-14,SP,0,0.0,0.0,0
1,2018-01-15,SP,169,36.300902919101205,85.0,1
1,2018-01-16,SP,139,70.38767937766532,75.0,1
1,2018-01-17,SP,175,58.30302043965642,66.0,1
1,2018-01-18,SP,126,56.69825042621732,57.0,1
1,2018-01-19,SP,152,59.55912806138396,69.0,1
1,2018-01-20,SP,28,44.269503876456135,0.0,1
1,2018-01-21,SP,1,0.0,0.0,0
1,2018-01-22,SP,95,53.36419562204072,85.0,1
1,2018-01-23,SP,167,69.69976416999383,75.0,1
1,2018-01-24,SP,166,60.26601270729479,66.0,1
1,2018-01-25,SP,108,59.44840046912762,57.0,1
1,2018-01-26,SP,144,59.5259718474943,69.0,1
1,2018-01-27,SP,10,46.577756035848005,0.0,1
1,2018-01-28,SP,0,0.0,0.0,0
1,2018-01-29,SP,147,62.53594989462507,85.0,1
1,2018-01-30,SP,136,70.04551533503266,75.0,1
1,2018-01-31,SP,134,61.02033910520077,66.0,1
1,2017-11-01,TO,0,0.32255737437869103,0.0,1
1,2017-11-02,TO,0,0.0,1.0,0
1,2017-11-03,TO,1,0.23422309309137393,0.0,1
1,2017-11-04,TO,0,0.004966560697738315,0.0,1
1,2017-11-05,TO,0,0.0,0.0,0
1,2017-11-06,TO,1,0.3550767138647901,0.0,1
1,2017-11-07,TO,0,0.22089522581593982,0.0,1
1,2017-11-08,TO,0,0.2832190716804924,0.0,1
1,2017-11-09,TO,0,0.32967890588711235,1.0,1
1,2017-11-10,TO,0,0.2958828856711856,0.0,1
1,2017-11-11,TO,0,0.011843466800540695,0.0,1
1,2017-11-12,TO,0,0.0,0.0,0
1,2017-11-13,TO,0,0.34034950241100087,0.0,1
1,2017-11-14,TO,0,0.2888299700646387,0.0,1
1,2017-11-15,TO,0,0.0,0.0,0
1,2017-11-16,TO,3,0.30316860890057934,1.0,1
1,2017-11-17,TO,3,0.41375834226481745,0.0,1
1,2017-11-18,TO,0,0.12132655931402933,0.0,1
1,2017-11-19,TO,0,0.0,0.0,0
1,2017-11-20,TO,1,0.44345951063488037,0.0,1
1,2017-11-21,TO,0,0.4042074323653398,0.0,1
1,2017-11-22,TO,0,0.33867836883065644,0.0,1
1,2017-11-23,TO,4,0.4220608479600114,1.0,1
1,2017-11-24,TO,0,0.41666478855871414,0.0,1
1,2017-11-25,TO,0,0.12765798602851544,0.0,1
1,2017-11-26,TO,0,0.0,0.0,0
1,2017-11-27,TO,0,0.4485502417722379,0.0,1
1,2017-11-28,TO,0,0.40996250444484295,0.0,1
1,2017-11-29,TO,1,0.2942485543379836,0.0,1
1,2017-11-30,TO,0,0.5769265279816572,1.0,1
1,2017-12-01,TO,0,0.40417700391943323,0.0,1
1,2017-12-02,TO,0,0.13361553617745425,0.0,1
1,2017-12-03,TO,0,0.0,0.0,0
1,2017-12-04,TO,3,0.4547776158664598,0.0,1
1,2017-12-05,TO,1,0.40839043447804624,0.0,1
1,2017-12-06,TO,2,0.4063739534398468,0.0,1
1,2017-12-07,TO,0,0.4257632442964472,1.0,1
1,2017-12-08,TO,1,0.41981652144235587,0.0,1
1,2017-12-09,TO,1,0.14363701003854165,0.0,1
1,2017-12-10,TO,0,0.0,0.0,0
1,2017-12-11,TO,1,0.45705964728986126,0.0,1
1,2017-12-12,TO,0,0.29843945866936583,0.0,1
1,2017-12-13,TO,1,0.3063592170674288,0.0,1
1,2017-12-14,TO,1,0.2961373539341918,1.0,1
1,2017-12-15,TO,0,0.2908535160227409,0.0,1
1,2017-12-16,TO,0,0.11757304639038119,0.0,1
1,2017-12-17,TO,0,0.0,0.0,0
1,2017-12-18,TO,2,0.43141880257042114,0.0,1
1,2017-12-19,TO,0,0.29489517595446146,0.0,1
1,2017-12-20,TO,1,0.3019028974328861,0.0,1
1,2017-12-21,TO,1,0.28477417401482374,1.0,1
1,2017-12-22,TO,0,0.2786661189671879,0.0,1
1,2017-12-23,TO,0,0.12040890207587168,0.0,1
1,2017-12-24,TO,0,0.0,0.0,0
1,2017-12-25,TO,0,0.0,0.0,0
1,2017-12-26,TO,0,0.29690358908659503,0.0,1
1,2017-12-27,TO,0,0.3046048524354451,0.0,1
1,2017-12-28,TO,1,0.28339420037049806,1.0,1
1,2017-12-29,TO,0,0.28788431513905055,0.0,1
1,2017-12-30,TO,0,0.1294174563550525,0.0,1
1,2017-12-31,TO,0,0.0,0.0,0
1,2018-01-01,TO,0,0.0,0.0,0
1,2018-01-02,TO,2,0.19781716275490557,0.0,1
1,2018-01-03,TO,0,0.2019108142555408,0.0,1
1,2018-01-04,TO,2,0.16218282365752323,1.0,1
1,2018-01-05,TO,1,0.2009234910882296,0.0,1
1,2018-01-06,TO,0,0.1310684869090083,0.0,1
1,2018-01-07,TO,0,0.0,0.0,0
1,2018-01-08,TO,1,0.19244320305754217,0.0,1
1,2018-01-09,TO,1,0.22837852543553858,0.0,1
1,2018-01-10,TO,1,0.23248339131790233,0.0,1
1,2018-01-11,TO,0,0.19184885562550974,1.0,1
1,2018-01-12,TO,1,0.26174334877827604,0.0,1
1,2018-01-13,TO,0,0.08251841783723397,0.0,1
1,2018-01-14,TO,0,0.0,0.0,0
1,2018-01-15,TO,2,0.22316988468864832,0.0,1
1,2018-01-16,TO,0,0.2145379360316749,0.0,1
1,2018-01-17,TO,0,0.21876117426810815,0.0,1
1,2018-01-18,TO,1,0.1701808387196497,1.0,1
1,2018-01-19,TO,0,0.24009861427358922,0.0,1
1,2018-01-20,TO,0,0.07855926859451656,0.0,1
1,2018-01-21,TO,0,0.0,0.0,0
1,2018-01-22,TO,0,0.3419433849971833,0.0,1
1,2018-01-23,TO,2,0.18952189079959347,0.0,1
1,2018-01-24,TO,2,0.1937369706357822,0.0,1
1,2018-01-25,TO,0,0.18603850717706477,1.0,1
1,2018-01-26,TO,1,0.19543741056221547,0.0,1
1,2018-01-27,TO,0,0.034525579898477814,0.0,1
1,2018-01-28,TO,0,0.0,0.0,0
1,2018-01-29,TO,0,0.44707839267773075,0.0,1
1,2018-01-30,TO,0,0.3691821818013197,0.0,1
1,2018-01-31,TO,0,0.42316456124666846,0.0,1
2,2018-02-01,AC,0,0.0,0.0,1
2,2018-02-02,AC,1,0.0,0.0,1
2,2018-02-03,AC,0,0.0,0.0,1
2,2018-02-04,AC,0,0.0,0.0,0
2,2018-02-05,AC,0,0.0,0.0,1
2,2018-02-06,AC,0,0.0,0.0,1
2,2018-02-07,AC,0,0.0,0.0,1
2,2018-02-08,AC,0,1.8196218287788406e-09,0.0,1
2,2018-02-09,AC,0,0.0,0.0,1
2,2018-02-10,AC,0,0.0,0.0,1
2,2018-02-11,AC,0,0.0,0.0,0
2,2018-02-12,AC,0,0.0,0.0,0
2,2018-02-13,AC,0,0.0,0.0,0
2,2018-02-14,AC,0,0.0,0.0,1
2,2018-02-15,AC,0,0.0,0.0,1
2,2018-02-16,AC,0,2.2189198368626253e-09,0.0,1
2,2018-02-17,AC,0,0.0,0.0,1
2,2018-02-18,AC,0,0.0,0.0,0
2,2018-02-19,AC,0,0.0,0.0,1
2,2018-02-20,AC,2,0.0,0.0,1
2,2018-02-21,AC,0,0.0,0.0,1
2,2018-02-22,AC,0,0.0,0.0,1
2,2018-02-23,AC,0,0.0,0.0,1
2,2018-02-24,AC,0,0.0,0.0,1
2,2018-02-25,AC,0,0.0,0.0,0
2,2018-02-26,AC,1,2.2189198368626253e-09,0.0,1
2,2018-02-27,AC,0,0.0,0.0,1
2,2018-02-28,AC,0,0.0,0.0,1
2,2018-03-01,AC,0,0.0,0.0,1
2,2018-03-02,AC,0,0.0,0.0,1
2,2018-03-03,AC,0,0.0,0.0,1
2,2018-03-04,AC,0,0.0,0.0,0
2,2018-03-05,AC,0,0.0,0.0,1
2,2018-03-06,AC,0,2.2189198368626253e-09,0.0,1
2,2018-03-07,AC,1,0.0,0.0,1
2,2018-03-08,AC,0,0.0,0.0,1
2,2018-03-09,AC,0,0.0,0.0,1
2,2018-03-10,AC,0,0.0,0.0,1
2,2018-03-11,AC,0,0.0,0.0,0
2,2018-03-12,AC,0,0.0,0.0,1
2,2018-03-13,AC,0,0.0,0.0,1
2,2018-03-14,AC,0,2.2189198368626253e-09,0.0,1
2,2018-03-15,AC,0,0.0,0.0,1
2,2018-03-16,AC,0,0.0,0.0,1
2,2018-03-17,AC,0,0.0,0.0,1
2,2018-03-18,AC,0,0.0,0.0,0
2,2018-03-19,AC,0,0.0,0.0,1
2,2018-03-20,AC,0,0.0,0.0,1
2,2018-03-21,AC,1,0.0,0.0,1
2,2018-03-22,AC,0,2.2189198368626253e-09,0.0,1
2,2018-03-23,AC,0,0.0,0.0,1
2,2018-03-24,AC,0,0.0,0.0,1
2,2018-03-25,AC,0,0.0,0.0,0
2,2018-03-26,AC,0,0.0,0.0,1
2,2018-03-27,AC,0,0.0,0.0,1
2,2018-03-28,AC,0,0.0,0.0,1
2,2018-03-29,AC,0,0.0,0.0,1
2,2018-03-30,AC,0,0.0,0.0,0
2,2018-03-31,AC,0,0.0,0.0,1
2,2018-04-01,AC,0,0.0,0.0,0
2,2018-04-02,AC,0,2.2189198368626253e-09,0.0,1
2,2018-04-03,AC,0,0.0,0.0,1
2,2018-04-04,AC,0,0.0,0.0,1
2,2018-04-05,AC,0,0.0,0.0,1
2,2018-04-06,AC,0,0.0,0.0,1
2,2018-04-07,AC,0,5.146959443197743e-06,0.0,1
2,2018-04-08,AC,0,0.0,0.0,0
2,2018-04-09,AC,0,0.0,0.0,1
2,2018-04-10,AC,0,0.0,0.0,1
2,2018-04-11,AC,0,0.0,0.0,1
2,2018-04-12,AC,1,0.0,0.0,1
2,2018-04-13,AC,0,0.0,0.0,1
2,2018-04-14,AC,0,0.0,0.0,1
2,2018-04-15,AC,0,0.0,0.0,0
2,2018-04-16,AC,1,0.006641847269182288,0.0,1
2,2018-04-17,AC,0,0.0,0.0,1
2,2018-04-18,AC,0,0.0,0.0,1
2,2018-04-19,AC,0,0.0,0.0,1
2,2018-04-20,AC,0,0.0,0.0,1
2,2018-04-21,AC,0,0.008769980370476481,0.0,1
2,2018-04-22,AC,0,0.0,0.0,0
2,2018-04-23,AC,1,0.0,0.0,1
2,2018-04-24,AC,0,0.030616858231523856,0.0,1
2,2018-04-25,AC,0,0.0,0.0,1
2,2018-04-26,AC,0,0.0,0.0,1
2,2018-04-27,AC,0,0.0,0.0,1
2,2018-04-28,AC,0,0.0,0.0,1
2,2018-04-29,AC,0,0.0,0.0,0
2,2018-04-30,AC,1,0.0,0.0,1
2,2018-02-01,AL,0,0.1946501363270731,3.0,1
2,2018-02-02,AL,1,0.37588896314325604,2.0,1
2,2018-02-03,AL,1,0.14670464247425344,0.0,1
2,2018-02-04,AL,0,0.0,0.0,0
2,2018-02-05,AL,1,0.83835522256947,2.0,1
2,2018-02-06,AL,2,0.806520703162506,2.0,1
2,2018-02-07,AL,2,0.8404864120600077,1.0,1
2,2018-02-08,AL,0,1.0567111702523475,3.0,1
2,2018-02-09,AL,1,0.6128289182836458,2.0,1
2,2018-02-10,AL,0,0.003498506045191691,0.0,1
2,2018-02-11,AL,0,0.0,0.0,0
2,2018-02-12,AL,0,0.0,2.0,0
2,2018-02-13,AL,0,0.0,2.0,0
2,2018-02-14,AL,1,0.7954865740029743,1.0,1
2,2018-02-15,AL,0,0.48864091962820844,3.0,1
2,2018-02-16,AL,1,0.513306760117476,2.0,1
2,2018-02-17,AL,1,0.44856649674726085,0.0,1
2,2018-02-18,AL,0,0.0,0.0,0
2,2018-02-19,AL,1,0.7335219539815352,2.0,1
2,2018-02-20,AL,2,0.6911721960662002,2.0,1
2,2018-02-21,AL,3,0.8137908512341228,1.0,1
2,2018-02-22,AL,3,0.8535374541861903,3.0,1
2,2018-02-23,AL,0,0.4953568533943813,2.0,1
2,2018-02-24,AL,0,0.4505716426970138,0.0,1
2,2018-02-25,AL,0,0.0,0.0,0
2,2018-02-26,AL,4,0.6615978274012305,2.0,1
2,2018-02-27,AL,0,0.569746426848378,2.0,1
2,2018-02-28,AL,2,0.8705270255738977,1.0,1
2,2018-03-01,AL,0,0.9106095646039943,3.0,1
2,2018-03-02,AL,0,0.5465359362633094,2.0,1
2,2018-03-03,AL,1,0.4402857485830565,0.0,1
2,2018-03-04,AL,0,0.0,0.0,0
2,2018-03-05,AL,1,0.9375219495312023,2.0,1
2,2018-03-06,AL,1,0.8456705489783497,2.0,1
2,2018-03-07,AL,0,0.759510358816638,1.0,1
2,2018-03-08,AL,0,0.8944237333131493,3.0,1
2,2018-03-09,AL,2,0.5377302305854706,2.0,1
2,2018-03-10,AL,0,0.4371835356102077,0.0,1
2,2018-03-11,AL,0,0.0,0.0,0
2,2018-03-12,AL,4,0.9772216981358212,2.0,1
2,2018-03-13,AL,1,0.8853702975829684,2.0,1
2,2018-03-14,AL,0,0.8943768789657017,1.0,1
2,2018-03-15,AL,0,0.8048737783870661,3.0,1
2,2018-03-16,AL,0,0.4379191528786843,2.0,1
2,2018-03-17,AL,0,0.4391944750755087,0.0,1
2,2018-03-18,AL,0,0.0,0.0,0
2,2018-03-19,AL,2,0.9435496844991004,2.0,1
2,2018-03-20,AL,2,0.9023605067031378,2.0,1
2,2018-03-21,AL,0,0.880041062175954,1.0,1
2,2018-03-22,AL,0,0.913762226572251,3.0,1
2,2018-03-23,AL,4,0.4200823148229355,2.0,1
2,2018-03-24,AL,1,0.4806622275347434,0.0,1
2,2018-03-25,AL,0,0.0,0.0,0
2,2018-03-26,AL,2,0.8621595701174637,2.0,1
2,2018-03-27,AL,2,0.9079057714825265,2.0,1
2,2018-03-28,AL,1,0.9076851771714823,1.0,1
2,2018-03-29,AL,2,0.94706635479975,3.0,1
2,2018-03-30,AL,0,0.0,2.0,0
2,2018-03-31,AL,0,0.0,0.0,1
2,2018-04-01,AL,0,0.0,0.0,0
2,2018-04-02,AL,4,0.8156462612220801,2.0,1
2,2018-04-03,AL,2,0.7107484827501702,2.0,1
2,2018-04-04,AL,2,0.8784289660916035,1.0,1
2,2018-04-05,AL,1,0.6476366097073206,3.0,1
2,2018-04-06,AL,0,0.5364408892792965,2.0,1
2,2018-04-07,AL,0,0.24789659971413638,0.0,1
2,2018-04-08,AL,0,0.0,0.0,0
2,2018-04-09,AL,4,0.9240322801980081,2.0,1
2,2018-04-10,AL,1,0.831726179077352,2.0,1
2,2018-04-11,AL,1,0.8446693714451675,1.0,1
2,2018-04-12,AL,0,0.8839192640675406,3.0,1
2,2018-04-13,AL,1,0.2692196217051821,2.0,1
2,2018-04-14,AL,0,0.04134189307964928,0.0,1
2,2018-04-15,AL,0,0.0,0.0,0
2,2018-04-16,AL,0,0.9569611825865904,2.0,1
2,2018-04-17,AL,0,0.8790416478916047,2.0,1
2,2018-04-18,AL,0,0.9010703181091152,1.0,1
2,2018-04-19,AL,5,0.9473656008718359,3.0,1
2,2018-04-20,AL,2,0.9216770180621492,2.0,1
2,2018-04-21,AL,0,0.053993542014845484,0.0,1
2,2018-04-22,AL,0,0.0,0.0,0
2,2018-04-23,AL,2,1.06678377529834,2.0,1
2,2018-04-24,AL,2,1.065539900714369,2.0,1
2,2018-04-25,AL,2,0.9352566191964948,1.0,1
2,2018-04-26,AL,1,0.7254754857606714,3.0,1
2,2018-04-27,AL,2,0.7230702271604614,2.0,1
2,2018-04-28,AL,0,0.05396465262193539,0.0,1
2,2018-04-29,AL,0,0.0,0.0,0
2,2018-04-30,AL,0,1.008393634011928,2.0,1
2,2018-02-01,AM,0,0.0,0.0,1
2,2018-02-02,AM,1,0.0,1.0,1
2,2018-02-03,AM,0,0.0,0.0,1
2,2018-02-04,AM,0,0.0,0.0,0
2,2018-02-05,AM,0,0.0,0.0,1
2,2018-02-06,AM,0,0.0,1.0,1
2,2018-02-07,AM,0,0.03757647131180763,0.0,1
2,2018-02-08,AM,0,0.0,0.0,1
2,2018-02-09,AM,0,0.0,1.0,1
2,2018-02-10,AM,0,0.0,0.0,1
2,2018-02-11,AM,0,0.0,0.0,0
2,2018-02-12,AM,0,0.0,0.0,0
2,2018-02-13,AM,0,0.0,1.0,0
2,2018-02-14,AM,0,0.0,0.0,1
2,2018-02-15,AM,0,0.0,0.0,1
2,2018-02-16,AM,1,0.0,1.0,1
2,2018-02-17,AM,0,0.0,0.0,1
2,2018-02-18,AM,0,0.0,0.0,0
2,2018-02-19,AM,0,0.0,0.0,1
2,2018-02-20,AM,1,0.0,1.0,1
2,2018-02-21,AM,0,0.0026991054112215024,0.0,1
2,2018-02-22,AM,2,0.0,0.0,1
2,2018-02-23,AM,1,0.0,1.0,1
2,2018-02-24,AM,0,0.0,0.0,1
2,2018-02-25,AM,0,0.0,0.0,0
2,2018-02-26,AM,1,0.0,0.0,1
2,2018-02-27,AM,0,0.0,1.0,1
2,2018-02-28,AM,0,0.0,0.0,1
2,2018-03-01,AM,0,0.0,0.0,1
2,2018-03-02,AM,2,0.0,1.0,1
2,2018-03-03,AM,0,0.0,0.0,1
2,2018-03-04,AM,0,0.0,0.0,0
2,2018-03-05,AM,0,0.0,0.0,1
2,2018-03-06,AM,1,0.0,1.0,1
2,2018-03-07,AM,0,0.002598070460041183,0.0,1
2,2018-03-08,AM,0,0.0,0.0,1
2,2018-03-09,AM,1,0.0,1.0,1
2,2018-03-10,AM,0,0.0,0.0,1
2,2018-03-11,AM,0,0.0,0.0,0
2,2018-03-12,AM,0,0.0,0.0,1
2,2018-03-13,AM,0,0.0,1.0,1
2,2018-03-14,AM,0,0.0,0.0,1
2,2018-03-15,AM,1,0.0,0.0,1
2,2018-03-16,AM,1,0.0,1.0,1
2,2018-03-17,AM,0,0.0,0.0,1
2,2018-03-18,AM,0,0.0,0.0,0
2,2018-03-19,AM,1,0.0,0.0,1
2,2018-03-20,AM,0,0.0,1.0,1
2,2018-03-21,AM,1,0.002392987609637743,0.0,1
2,2018-03-22,AM,0,0.0,0.0,1
2,2018-03-23,AM,0,0.0,1.0,1
2,2018-03-24,AM,0,0.0,0.0,1
2,2018-03-25,AM,0,0.0,0.0,0
2,2018-03-26,AM,0,0.0,0.0,1
2,2018-03-27,AM,0,0.0,1.0,1
2,2018-03-28,AM,0,0.0,0.0,1
2,2018-03-29,AM,1,0.0,0.0,1
2,2018-03-30,AM,0,0.0,1.0,0
2,2018-03-31,AM,0,0.0,0.0,1
2,2018-04-01,AM,0,0.0,0.0,0
2,2018-04-02,AM,0,0.0,0.0,1
2,2018-04-03,AM,1,0.0,1.0,1
2,2018-04-04,AM,1,0.002392987609637743,0.0,1
2,2018-04-05,AM,1,0.0,0.0,1
2,2018-04-06,AM,0,0.0,1.0,1
2,2018-04-07,AM,0,0.0,0.0,1
2,2018-04-08,AM,0,0.0,0.0,0
2,2018-04-09,AM,1,0.0,0.0,1
2,2018-04-10,AM,1,0.0,1.0,1
2,2018-04-11,AM,0,0.0,0.0,1
2,2018-04-12,AM,0,0.0,0.0,1
2,2018-04-13,AM,0,0.0,1.0,1
2,2018-04-14,AM,0,0.0,0.0,1
2,2018-04-15,AM,0,0.0,0.0,0
2,2018-04-16,AM,1,0.0,0.0,1
2,2018-04-17,AM,0,0.0,1.0,1
2,2018-04-18,AM,0,0.0009741316769117869,0.0,1
2,2018-04-19,AM,0,0.0,0.0,1
2,2018-04-20,AM,0,0.0,1.0,1
2,2018-04-21,AM,0,0.0,0.0,1
2,2018-04-22,AM,0,0.0,0.0,0
2,2018-04-23,AM,1,0.0,0.0,1
2,2018-04-24,AM,0,0.0,1.0,1
2,2018-04-25,AM,0,0.0,0.0,1
2,2018-04-26,AM,0,0.0,0.0,1
2,2018-04-27,AM,1,0.0,1.0,1
2,2018-04-28,AM,0,0.0,0.0,1
2,2018-04-29,AM,0,0.0,0.0,0
2,2018-04-30,AM,0,0.0,0.0,1
2,2018-02-01,AP,0,0.0,0.0,1
2,2018-02-02,AP,0,0.0,0.0,1
2,2018-02-03,AP,1,0.0010147667911863784,0.0,1
2,2018-02-04,AP,0,0.0,0.0,0
2,2018-02-05,AP,0,0.0,0.0,1
2,2018-02-06,AP,0,0.0,1.0,1
2,2018-02-07,AP,1,0.0,0.0,1
2,2018-02-08,AP,0,0.0,0.0,1
2,2018-02-09,AP,0,0.0,0.0,1
2,2018-02-10,AP,0,0.0,0.0,1
2,2018-02-11,AP,0,0.0,0.0,0
2,2018-02-12,AP,0,0.0,0.0,0
2,2018-02-13,AP,0,0.0,1.0,0
2,2018-02-14,AP,0,2.2598753194648996e-06,0.0,1
2,2018-02-15,AP,0,0.0,0.0,1
2,2018-02-16,AP,0,0.0,0.0,1
2,2018-02-17,AP,0,0.009608187582805856,0.0,1
2,2018-02-18,AP,0,0.0,0.0,0
2,2018-02-19,AP,0,0.0,0.0,1
2,2018-02-20,AP,0,0.0,1.0,1
2,2018-02-21,AP,0,0.0,0.0,1
2,2018-02-22,AP,0,0.0,0.0,1
2,2018-02-23,AP,0,0.0,0.0,1
2,2018-02-24,AP,0,0.0,0.0,1
2,2018-02-25,AP,0,0.0,0.0,0
2,2018-02-26,AP,0,2.2598753194648996e-06,0.0,1
2,2018-02-27,AP,0,0.0,1.0,1
2,2018-02-28,AP,0,0.0,0.0,1
2,2018-03-01,AP,0,0.0,0.0,1
2,2018-03-02,AP,0,0.0,0.0,1
2,2018-03-03,AP,0,0.00845850732351419,0.0,1
2,2018-03-04,AP,0,0.0,0.0,0
2,2018-03-05,AP,0,0.0,0.0,1
2,2018-03-06,AP,0,0.0,1.0,1
2,2018-03-07,AP,0,0.0,0.0,1
2,2018-03-08,AP,1,0.0,0.0,1
2,2018-03-09,AP,0,0.0,0.0,1
2,2018-03-10,AP,0,0.0,0.0,1
2,2018-03-11,AP,0,0.0,0.0,0
2,2018-03-12,AP,0,0.006653576054131221,0.0,1
2,2018-03-13,AP,0,0.0,1.0,1
2,2018-03-14,AP,0,0.0,0.0,1
2,2018-03-15,AP,1,0.0,0.0,1
2,2018-03-16,AP,0,0.0,0.0,1
2,2018-03-17,AP,0,0.010395541988960222,0.0,1
2,2018-03-18,AP,0,0.0,0.0,0
2,2018-03-19,AP,1,0.0,0.0,1
2,2018-03-20,AP,0,0.0,1.0,1
2,2018-03-21,AP,0,0.0,0.0,1
2,2018-03-22,AP,0,0.0,0.0,1
2,2018-03-23,AP,0,0.0,0.0,1
2,2018-03-24,AP,0,0.0,0.0,1
2,2018-03-25,AP,0,0.0,0.0,0
2,2018-03-26,AP,0,0.006653576054131221,0.0,1
2,2018-03-27,AP,0,0.0,1.0,1
2,2018-03-28,AP,0,0.0,0.0,1
2,2018-03-29,AP,2,0.0,0.0,1
2,2018-03-30,AP,0,0.0,0.0,0
2,2018-03-31,AP,0,0.010131487376796802,0.0,1
2,2018-04-01,AP,0,0.0,0.0,0
2,2018-04-02,AP,0,0.0,0.0,1
2,2018-04-03,AP,1,0.0,1.0,1
2,2018-04-04,AP,1,0.0,0.0,1
2,2018-04-05,AP,0,0.0,0.0,1
2,2018-04-06,AP,0,0.0,0.0,1
2,2018-04-07,AP,0,0.0,0.0,1
2,2018-04-08,AP,0,0.0,0.0,0
2,2018-04-09,AP,0,0.006653576054131221,0.0,1
2,2018-04-10,AP,0,0.0,1.0,1
2,2018-04-11,AP,0,0.0,0.0,1
2,2018-04-12,AP,1,0.0,0.0,1
2,2018-04-13,AP,0,0.0,0.0,1
2,2018-04-14,AP,0,0.009065613943020577,0.0,1
2,2018-04-15,AP,0,0.0,0.0,0
2,2018-04-16,AP,0,0.0,0.0,1
2,2018-04-17,AP,1,0.0,1.0,1
2,2018-04-18,AP,0,0.0,0.0,1
2,2018-04-19,AP,1,0.029273014329973257,0.0,1
2,2018-04-20,AP,0,0.027645462692699338,0.0,1
2,2018-04-21,AP,0,0.0,0.0,1
2,2018-04-22,AP,0,0.0,0.0,0
2,2018-04-23,AP,0,0.025239585990405253,0.0,1
2,2018-04-24,AP,0,0.08286178193191031,1.0,1
2,2018-04-25,AP,0,0.0,0.0,1
2,2018-04-26,AP,0,0.0,0.0,1
2,2018-04-27,AP,0,0.0,0.0,1
2,2018-04-28,AP,0,0.009041274545940897,0.0,1
2,2018-04-29,AP,0,0.0,0.0,0
2,2018-04-30,AP,0,0.0,0.0,1
2,2018-02-01,BA,2,6.796138514423377,10.0,1
2,2018-02-02,BA,6,7.67861883703195,6.0,1
2,2018-02-03,BA,2,1.3496993401399056,0.0,1
2,2018-02-04,BA,0,0.0,0.0,0
2,2018-02-05,BA,8,9.187172715079008,12.0,1
2,2018-02-06,BA,13,9.28948088165865,10.0,1
2,2018-02-07,BA,16,8.1597693066163,8.0,1
2,2018-02-08,BA,12,7.717135862830048,10.0,1
2,2018-02-09,BA,7,6.896732311115253,6.0,1
2,2018-02-10,BA,0,0.8359558670136662,0.0,1
2,2018-02-11,BA,0,0.0,0.0,0
2,2018-02-12,BA,0,0.0,12.0,0
2,2018-02-13,BA,0,0.0,10.0,0
2,2018-02-14,BA,11,7.5799415992143695,8.0,1
2,2018-02-15,BA,11,5.703879211450514,10.0,1
2,2018-02-16,BA,15,5.406187357478643,6.0,1
2,2018-02-17,BA,3,0.6767986975056914,0.0,1
2,2018-02-18,BA,0,0.0,0.0,0
2,2018-02-19,BA,10,6.882062593217793,12.0,1
2,2018-02-20,BA,11,7.02751817985463,10.0,1
2,2018-02-21,BA,11,7.781743339227893,8.0,1
2,2018-02-22,BA,12,7.420418452386522,10.0,1
2,2018-02-23,BA,6,7.1983190928302765,6.0,1
2,2018-02-24,BA,2,0.6594821155490939,0.0,1
2,2018-02-25,BA,0,0.0,0.0,0
2,2018-02-26,BA,12,8.074689907625261,12.0,1
2,2018-02-27,BA,21,7.971296023753734,10.0,1
2,2018-02-28,BA,15,7.4950092651316975,8.0,1
2,2018-03-01,BA,6,5.982651341854547,10.0,1
2,2018-03-02,BA,15,6.561242117109926,6.0,1
2,2018-03-03,BA,1,0.6600565709146884,0.0,1
2,2018-03-04,BA,0,0.0,0.0,0
2,2018-03-05,BA,7,8.455988793326899,12.0,1
2,2018-03-06,BA,15,8.309520932088432,10.0,1
2,2018-03-07,BA,13,7.8072407312578145,8.0,1
2,2018-03-08,BA,14,7.514680996817036,10.0,1
2,2018-03-09,BA,9,7.535247412870973,6.0,1
2,2018-03-10,BA,4,0.7604583632662679,0.0,1
2,2018-03-11,BA,0,0.0,0.0,0
2,2018-03-12,BA,11,8.615719964517291,12.0,1
2,2018-03-13,BA,16,8.49486907267575,10.0,1
2,2018-03-14,BA,10,7.935298983894541,8.0,1
2,2018-03-15,BA,11,6.737775225977226,10.0,1
2,2018-03-16,BA,8,7.293227483367058,6.0,1
2,2018-03-17,BA,2,0.8197204682202993,0.0,1
2,2018-03-18,BA,0,0.0,0.0,0
2,2018-03-19,BA,17,8.529390437818362,12.0,1
2,2018-03-20,BA,11,8.384943575306966,10.0,1
2,2018-03-21,BA,11,7.701382741263983,8.0,1
2,2018-03-22,BA,6,7.266203672511647,10.0,1
2,2018-03-23,BA,13,7.362165952584865,6.0,1
2,2018-03-24,BA,1,0.8380007989146395,0.0,1
2,2018-03-25,BA,0,0.0,0.0,0
2,2018-03-26,BA,4,8.570437521032026,12.0,1
2,2018-03-27,BA,18,8.385197978493503,10.0,1
2,2018-03-28,BA,5,7.722398076321598,8.0,1
2,2018-03-29,BA,11,7.266564432784671,10.0,1
2,2018-03-30,BA,1,0.0,6.0,0
2,2018-03-31,BA,0,0.657109577380629,0.0,1
2,2018-04-01,BA,0,0.0,0.0,0
2,2018-04-02,BA,10,7.853987391501549,12.0,1
2,2018-04-03,BA,17,7.668747848963019,10.0,1
2,2018-04-04,BA,17,7.927928948186492,8.0,1
2,2018-04-05,BA,12,7.519490719306516,10.0,1
2,2018-04-06,BA,4,6.11772428703091,6.0,1
2,2018-04-07,BA,7,0.7455215141086461,0.0,1
2,2018-04-08,BA,0,0.0,0.0,0
2,2018-04-09,BA,10,8.331782468080847,12.0,1
2,2018-04-10,BA,14,8.185300067809083,10.0,1
2,2018-04-11,BA,11,7.696097734675815,8.0,1
2,2018-04-12,BA,4,7.2200216952983265,10.0,1
2,2018-04-13,BA,11,6.705703388939151,6.0,1
2,2018-04-14,BA,1,0.7251672937615598,0.0,1
2,2018-04-15,BA,0,0.0,0.0,0
2,2018-04-16,BA,5,8.372051781955825,12.0,1
2,2018-04-17,BA,15,8.425213818346833,10.0,1
2,2018-04-18,BA,9,7.865643729565616,8.0,1
2,2018-04-19,BA,12,8.39210688903185,10.0,1
2,2018-04-20,BA,7,7.814382894089083,6.0,1
2,2018-04-21,BA,1,0.8364541024618591,0.0,1
2,2018-04-22,BA,0,0.0,0.0,0
2,2018-04-23,BA,7,9.85036419519272,12.0,1
2,2018-04-24,BA,13,10.091966788072709,10.0,1
2,2018-04-25,BA,14,9.592872822553424,8.0,1
2,2018-04-26,BA,12,11.05340931418085,10.0,1
2,2018-04-27,BA,11,10.918408445203237,6.0,1
2,2018-04-28,BA,0,1.5409771409735544,0.0,1
2,2018-04-29,BA,0,0.0,0.0,0
2,2018-04-30,BA,11,11.791484019761752,12.0,1
2,2018-02-01,CE,3,2.6879147133407515,4.0,1
2,2018-02-02,CE,2,2.4464726758807847,5.0,1
2,2018-02-03,CE,2,0.19646287763325737,2.0,1
2,2018-02-04,CE,0,0.0,0.0,0
2,2018-02-05,CE,3,3.226357854786409,0.0,1
2,2018-02-06,CE,5,3.5611666050393196,4.0,1
2,2018-02-07,CE,7,4.463797402116873,2.0,1
2,2018-02-08,CE,3,2.9678717994223467,4.0,1
2,2018-02-09,CE,4,2.8294414704547632,5.0,1
2,2018-02-10,CE,2,0.13983077829429405,2.0,1
2,2018-02-11,CE,0,0.0,0.0,0
2,2018-02-12,CE,0,0.0,0.0,0
2,2018-02-13,CE,0,0.0,4.0,0
2,2018-02-14,CE,6,1.9153096194940749,2.0,1
2,2018-02-15,CE,3,1.978887425409515,4.0,1
2,2018-02-16,CE,4,1.8420421978046773,5.0,1
2,2018-02-17,CE,0,0.09311545599664187,2.0,1
2,2018-02-18,CE,0,0.0,0.0,0
2,2018-02-19,CE,5,2.310633626888414,0.0,1
2,2018-02-20,CE,3,2.3502254761464987,4.0,1
2,2018-02-21,CE,6,2.199655864389398,2.0,1
2,2018-02-22,CE,3,2.380188944611852,4.0,1
2,2018-02-23,CE,2,2.4136134972126224,5.0,1
2,2018-02-24,CE,1,0.017159594396923456,2.0,1
2,2018-02-25,CE,0,0.0,0.0,0
2,2018-02-26,CE,5,3.4830603508110345,0.0,1
2,2018-02-27,CE,14,3.493700643308361,4.0,1
2,2018-02-28,CE,6,3.235137514178647,2.0,1
2,2018-03-01,CE,1,2.7164271986577995,4.0,1
2,2018-03-02,CE,3,2.985262606652057,5.0,1
2,2018-03-03,CE,0,0.04289753382608087,2.0,1
2,2018-03-04,CE,0,0.0,0.0,0
2,2018-03-05,CE,4,3.7100110588423325,0.0,1
2,2018-03-06,CE,5,3.637097307374065,4.0,1
2,2018-03-07,CE,3,3.4281680475964627,2.0,1
2,2018-03-08,CE,7,3.0894425606581817,4.0,1
2,2018-03-09,CE,6,3.1323841075384435,5.0,1
2,2018-03-10,CE,1,0.23311909568633182,2.0,1
2,2018-03-11,CE,0,0.0,0.0,0
2,2018-03-12,CE,7,3.8426148333912105,0.0,1
2,2018-03-13,CE,3,3.8233229107459037,4.0,1
2,2018-03-14,CE,1,3.6403335155668346,2.0,1
2,2018-03-15,CE,5,2.9691864968256763,4.0,1
2,2018-03-16,CE,2,2.995200969039477,5.0,1
2,2018-03-17,CE,0,0.25907948004338066,2.0,1
2,2018-03-18,CE,0,0.0,0.0,0
2,2018-03-19,CE,3,3.8988298408014046,0.0,1
2,2018-03-20,CE,6,3.9514026256848025,4.0,1
2,2018-03-21,CE,5,3.3262140448183595,2.0,1
2,2018-03-22,CE,7,3.2028455879027518,4.0,1
2,2018-03-23,CE,4,3.2267466719303375,5.0,1
2,2018-03-24,CE,1,0.2754782281907445,2.0,1
2,2018-03-25,CE,0,0.0,0.0,0
2,2018-03-26,CE,0,3.692779148409783,0.0,1
2,2018-03-27,CE,8,3.917301809663394,4.0,1
2,2018-03-28,CE,4,3.700936848263513,2.0,1
2,2018-03-29,CE,4,2.995700438329883,4.0,1
2,2018-03-30,CE,1,0.0,5.0,0
2,2018-03-31,CE,0,0.17608446203723127,2.0,1
2,2018-04-01,CE,0,0.0,0.0,0
2,2018-04-02,CE,7,3.0025291402689,0.0,1
2,2018-04-03,CE,3,3.0100725011903,4.0,1
2,2018-04-04,CE,7,2.6677521153614845,2.0,1
2,2018-04-05,CE,4,2.6884071441978366,4.0,1
2,2018-04-06,CE,2,2.4838886271515315,5.0,1
2,2018-04-07,CE,2,0.08475487223408533,2.0,1
2,2018-04-08,CE,0,0.0,0.0,0
2,2018-04-09,CE,4,3.2539942764647005,0.0,1
2,2018-04-10,CE,10,3.3162124338565424,4.0,1
2,2018-04-11,CE,5,3.2343866134029913,2.0,1
2,2018-04-12,CE,5,2.8071380318836585,4.0,1
2,2018-04-13,CE,3,3.1168262906100517,5.0,1
2,2018-04-14,CE,1,0.056489440552578506,2.0,1
2,2018-04-15,CE,0,0.0,0.0,0
2,2018-04-16,CE,3,3.668613516113539,0.0,1
2,2018-04-17,CE,6,3.7785837354497547,4.0,1
2,2018-04-18,CE,6,3.6234014105831127,2.0,1
2,2018-04-19,CE,3,3.2460232251879213,4.0,1
2,2018-04-20,CE,5,3.1622894209489125,5.0,1
2,2018-04-21,CE,0,0.28285237986581263,2.0,1
2,2018-04-22,CE,0,0.0,0.0,0
2,2018-04-23,CE,7,4.225605221792789,0.0,1
2,2018-04-24,CE,5,4.023721788763028,4.0,1
2,2018-04-25,CE,4,3.7917325307850898,2.0,1
2,2018-04-26,CE,3,2.9799327290416704,4.0,1
2,2018-04-27,CE,6,3.0799196657030663,5.0,1
2,2018-04-28,CE,0,0.2845949172086488,2.0,1
2,2018-04-29,CE,0,0.0,0.0,0
2,2018-04-30,CE,3,4.252373761856709,0.0,1
2,2018-02-01,DF,6,4.328099223052451,2.0,1
2,2018-02-02,DF,6,4.2376131554241185,3.0,1
2,2018-02-03,DF,4,0.7857994882578083,0.0,1
2,2018-02-04,DF,0,0.0,0.0,0
2,2018-02-05,DF,13,5.2901715900303845,9.0,1
2,2018-02-06,DF,8,4.581157687627752,8.0,1
2,2018-02-07,DF,10,5.4362264526664505,6.0,1
2,2018-02-08,DF,7,4.960765806743895,2.0,1
2,2018-02-09,DF,8,4.99572533791942,3.0,1
2,2018-02-10,DF,3,0.7253457776665729,0.0,1
2,2018-02-11,DF,0,0.0,0.0,0
2,2018-02-12,DF,0,0.0,9.0,0
2,2018-02-13,DF,0,0.0,8.0,0
2,2018-02-14,DF,10,4.249215619019594,6.0,1
2,2018-02-15,DF,12,3.956373213454969,2.0,1
2,2018-02-16,DF,13,3.7056708302009396,3.0,1
2,2018-02-17,DF,3,0.2239185597981304,0.0,1
2,2018-02-18,DF,0,0.0,0.0,0
2,2018-02-19,DF,8,4.672369337076477,9.0,1
2,2018-02-20,DF,12,5.720127274902343,8.0,1
2,2018-02-21,DF,9,4.168213503686576,6.0,1
2,2018-02-22,DF,10,3.8590839683808724,2.0,1
2,2018-02-23,DF,3,3.7697026049544102,3.0,1
2,2018-02-24,DF,0,0.5490879376201294,0.0,1
2,2018-02-25,DF,0,0.0,0.0,0
2,2018-02-26,DF,5,5.438992691782605,9.0,1
2,2018-02-27,DF,15,6.414364379463196,8.0,1
2,2018-02-28,DF,6,5.3330824582746885,6.0,1
2,2018-03-01,DF,8,4.482331568234016,2.0,1
2,2018-03-02,DF,8,4.890392709573506,3.0,1
2,2018-03-03,DF,4,0.6604034449319566,0.0,1
2,2018-03-04,DF,0,0.0,0.0,0
2,2018-03-05,DF,3,5.295246661887507,9.0,1
2,2018-03-06,DF,7,5.121015845106613,8.0,1
2,2018-03-07,DF,7,5.441246878140447,6.0,1
2,2018-03-08,DF,8,5.027750119813738,2.0,1
2,2018-03-09,DF,5,4.72719000264085,3.0,1
2,2018-03-10,DF,0,0.657251035175183,0.0,1
2,2018-03-11,DF,0,0.0,0.0,0
2,2018-03-12,DF,9,5.691034747601027,9.0,1
2,2018-03-13,DF,7,5.329434291597449,8.0,1
2,2018-03-14,DF,4,4.962157256667622,6.0,1
2,2018-03-15,DF,4,4.886005783765477,2.0,1
2,2018-03-16,DF,6,4.488679689825024,3.0,1
2,2018-03-17,DF,0,0.6587217781164206,0.0,1
2,2018-03-18,DF,0,0.0,0.0,0
2,2018-03-19,DF,10,5.702253459283839,9.0,1
2,2018-03-20,DF,8,5.6274729728566735,8.0,1
2,2018-03-21,DF,9,5.277030705104232,6.0,1
2,2018-03-22,DF,2,4.402035065259997,2.0,1
2,2018-03-23,DF,6,4.727084580843531,3.0,1
2,2018-03-24,DF,0,0.6810225556058372,0.0,1
2,2018-03-25,DF,0,0.0,0.0,0
2,2018-03-26,DF,3,5.809366631160017,9.0,1
2,2018-03-27,DF,11,5.373263215976568,8.0,1
2,2018-03-28,DF,13,5.206876301246863,6.0,1
2,2018-03-29,DF,9,4.777764765843492,2.0,1
2,2018-03-30,DF,0,0.0,3.0,0
2,2018-03-31,DF,2,0.4752400725564352,0.0,1
2,2018-04-01,DF,0,0.0,0.0,0
2,2018-04-02,DF,6,4.598754990172123,9.0,1
2,2018-04-03,DF,14,4.678600827521054,8.0,1
2,2018-04-04,DF,5,4.703779613012075,6.0,1
2,2018-04-05,DF,5,4.088877677675364,2.0,1
2,2018-04-06,DF,1,5.09836139088271,3.0,1
2,2018-04-07,DF,5,0.5980251966038005,0.0,1
2,2018-04-08,DF,0,0.0,0.0,0
2,2018-04-09,DF,7,5.9019969362023055,9.0,1
2,2018-04-10,DF,5,5.721137197392686,8.0,1
2,2018-04-11,DF,3,5.391431259466597,6.0,1
2,2018-04-12,DF,4,4.631547188427525,2.0,1
2,2018-04-13,DF,6,4.773361272226744,3.0,1
2,2018-04-14,DF,0,0.6945707052568056,0.0,1
2,2018-04-15,DF,0,0.0,0.0,0
2,2018-04-16,DF,11,5.61247718736913,9.0,1
2,2018-04-17,DF,6,5.638539648049829,8.0,1
2,2018-04-18,DF,8,5.265325000063706,6.0,1
2,2018-04-19,DF,5,5.558967827046412,2.0,1
2,2018-04-20,DF,6,5.0454256545032505,3.0,1
2,2018-04-21,DF,1,0.7907483971298563,0.0,1
2,2018-04-22,DF,0,0.0,0.0,0
2,2018-04-23,DF,11,6.266015657723841,9.0,1
2,2018-04-24,DF,14,6.149985203789951,8.0,1
2,2018-04-25,DF,7,5.842654925639468,6.0,1
2,2018-04-26,DF,5,5.420704929255486,2.0,1
2,2018-04-27,DF,7,5.296666643135646,3.0,1
2,2018-04-28,DF,0,0.7366256638859742,0.0,1
2,2018-04-29,DF,0,0.0,0.0,0
2,2018-04-30,DF,7,6.324986840322876,9.0,1
2,2018-02-01,ES,10,4.069703251267698,5.0,1
2,2018-02-02,ES,4,4.954315495041046,6.0,1
2,2018-02-03,ES,0,0.7081520476745785,0.0,1
2,2018-02-04,ES,0,0.0,0.0,0
2,2018-02-05,ES,5,6.4719114052596804,13.0,1
2,2018-02-06,ES,13,5.84453181484218,5.0,1
2,2018-02-07,ES,6,5.476250253080706,4.0,1
2,2018-02-08,ES,10,4.144618766285781,5.0,1
2,2018-02-09,ES,7,3.7569730823408007,6.0,1
2,2018-02-10,ES,1,0.7412849297585469,0.0,1
2,2018-02-11,ES,0,0.0,0.0,0
2,2018-02-12,ES,0,0.0,13.0,0
2,2018-02-13,ES,0,0.0,5.0,0
2,2018-02-14,ES,6,4.525372900736061,4.0,1
2,2018-02-15,ES,3,3.850413062946243,5.0,1
2,2018-02-16,ES,11,3.490022787687326,6.0,1
2,2018-02-17,ES,1,0.22450399299667176,0.0,1
2,2018-02-18,ES,0,0.0,0.0,0
2,2018-02-19,ES,7,4.574969487971037,13.0,1
2,2018-02-20,ES,6,5.635514905283038,5.0,1
2,2018-02-21,ES,9,4.3981441923902285,4.0,1
2,2018-02-22,ES,12,4.162612024416346,5.0,1
2,2018-02-23,ES,7,4.444367923226737,6.0,1
2,2018-02-24,ES,2,0.5422446587375868,0.0,1
2,2018-02-25,ES,0,0.0,0.0,0
2,2018-02-26,ES,6,6.483933220599511,13.0,1
2,2018-02-27,ES,15,6.558769448548131,5.0,1
2,2018-02-28,ES,11,4.8628503787316735,4.0,1
2,2018-03-01,ES,2,4.227282430498308,5.0,1
2,2018-03-02,ES,14,4.756018349860899,6.0,1
2,2018-03-03,ES,1,0.6622126375553313,0.0,1
2,2018-03-04,ES,0,0.0,0.0,0
2,2018-03-05,ES,4,5.021809485666597,13.0,1
2,2018-03-06,ES,5,5.464053575661417,5.0,1
2,2018-03-07,ES,9,5.517702603977795,4.0,1
2,2018-03-08,ES,6,5.082115546570314,5.0,1
2,2018-03-09,ES,3,4.488856965909496,6.0,1
2,2018-03-10,ES,4,0.659060227798558,0.0,1
2,2018-03-11,ES,0,0.0,0.0,0
2,2018-03-12,ES,4,5.806246416612996,13.0,1
2,2018-03-13,ES,5,6.248367054424668,5.0,1
2,2018-03-14,ES,7,4.6505338372246205,4.0,1
2,2018-03-15,ES,3,4.566297411165802,5.0,1
2,2018-03-16,ES,8,4.731495206993234,6.0,1
2,2018-03-17,ES,1,0.6667517095712032,0.0,1
2,2018-03-18,ES,0,0.0,0.0,0
2,2018-03-19,ES,6,5.451481722772434,13.0,1
2,2018-03-20,ES,2,5.715542583284189,5.0,1
2,2018-03-21,ES,8,5.34967147465816,4.0,1
2,2018-03-22,ES,6,4.721926865473276,5.0,1
2,2018-03-23,ES,7,4.4444475791162095,6.0,1
2,2018-03-24,ES,1,0.682839378768036,0.0,1
2,2018-03-25,ES,0,0.0,0.0,0
2,2018-03-26,ES,2,5.811058056295073,13.0,1
2,2018-03-27,ES,11,5.4553952133477885,5.0,1
2,2018-03-28,ES,6,5.2468456757838196,4.0,1
2,2018-03-29,ES,11,4.639345948718987,5.0,1
2,2018-03-30,ES,0,0.0,6.0,0
2,2018-03-31,ES,1,0.477056895718634,0.0,1
2,2018-04-01,ES,0,0.0,0.0,0
2,2018-04-02,ES,6,4.619270141821618,13.0,1
2,2018-04-03,ES,9,4.71857020205801,5.0,1
2,2018-04-04,ES,10,4.743748987549031,4.0,1
2,2018-04-05,ES,7,4.184552013610173,5.0,1
2,2018-04-06,ES,3,4.931530693557867,6.0,1
2,2018-04-07,ES,6,0.5968738386129319,0.0,1
2,2018-04-08,ES,0,0.0,0.0,0
2,2018-04-09,ES,4,5.939012519934503,13.0,1
2,2018-04-10,ES,10,5.758152781124884,5.0,1
2,2018-04-11,ES,5,5.431400634003555,4.0,1
2,2018-04-12,ES,5,4.6508755911037865,5.0,1
2,2018-04-13,ES,2,4.8548427227806785,6.0,1
2,2018-04-14,ES,0,0.6963875284190044,0.0,1
2,2018-04-15,ES,0,0.0,0.0,0
2,2018-04-16,ES,6,5.6041508976785135,13.0,1
2,2018-04-17,ES,5,5.678509022586787,5.0,1
2,2018-04-18,ES,6,5.305294374600664,4.0,1
2,2018-04-19,ES,7,5.578296229722673,5.0,1
2,2018-04-20,ES,2,5.016458392951937,6.0,1
2,2018-04-21,ES,0,0.7925652202920553,0.0,1
2,2018-04-22,ES,0,0.0,0.0,0
2,2018-04-23,ES,7,6.257689368033226,13.0,1
2,2018-04-24,ES,9,6.187000787522151,5.0,1
2,2018-04-25,ES,6,5.8796705093716675,4.0,1
2,2018-04-26,ES,6,5.454876797829459,5.0,1
2,2018-04-27,ES,5,5.330838511709618,6.0,1
2,2018-04-28,ES,0,0.7353077738677337,0.0,1
2,2018-04-29,ES,0,0.0,0.0,0
2,2018-04-30,ES,16,6.379799680757545,13.0,1
2,2018-02-01,GO,5,4.41572767222662,2.0,1
2,2018-02-02,GO,6,4.402533690820137,6.0,1
2,2018-02-03,GO,1,0.7525251897316626,0.0,1
2,2018-02-04,GO,0,0.0,0.0,0
2,2018-02-05,GO,7,5.795088017603241,4.0,1
2,2018-02-06,GO,14,5.3564932597150445,7.0,1
2,2018-02-07,GO,9,5.481821207990563,7.0,1
2,2018-02-08,GO,8,5.021415217237604,2.0,1
2,2018-02-09,GO,4,4.375237692264801,6.0,1
2,2018-02-10,GO,0,0.7404161674524208,0.0,1
2,2018-02-11,GO,0,0.0,0.0,0
2,2018-02-12,GO,0,0.0,4.0,0
2,2018-02-13,GO,0,0.0,7.0,0
2,2018-02-14,GO,9,5.468618011749828,7.0,1
2,2018-02-15,GO,14,4.201546525132725,2.0,1
2,2018-02-16,GO,10,4.093510503573743,6.0,1
2,2018-02-17,GO,0,0.2642482905217252,0.0,1
2,2018-02-18,GO,0,0.0,0.0,0
2,2018-02-19,GO,3,4.409652852487975,4.0,1
2,2018-02-20,GO,10,5.884449390507233,7.0,1
2,2018-02-21,GO,12,5.232530429455465,7.0,1
2,2018-02-22,GO,6,4.787046986322532,2.0,1
2,2018-02-23,GO,3,4.946828252174967,6.0,1
2,2018-02-24,GO,0,0.6610686759981812,0.0,1
2,2018-02-25,GO,0,0.0,0.0,0
2,2018-02-26,GO,4,6.221738576832625,4.0,1
2,2018-02-27,GO,11,5.8306176446283065,7.0,1
2,2018-02-28,GO,6,4.485090438163233,7.0,1
2,2018-03-01,GO,6,4.034062534868016,2.0,1
2,2018-03-02,GO,9,4.772548440536464,6.0,1
2,2018-03-03,GO,1,0.6612460901755867,0.0,1
2,2018-03-04,GO,0,0.0,0.0,0
2,2018-03-05,GO,5,5.9503081362307695,4.0,1
2,2018-03-06,GO,13,5.540480167662678,7.0,1
2,2018-03-07,GO,6,5.230123524137621,7.0,1
2,2018-03-08,GO,7,4.847348017615449,2.0,1
2,2018-03-09,GO,0,4.250816028736067,6.0,1
2,2018-03-10,GO,2,0.6642814823233263,0.0,1
2,2018-03-11,GO,0,0.0,0.0,0
2,2018-03-12,GO,6,5.8469917238729945,4.0,1
2,2018-03-13,GO,11,5.710712370931423,7.0,1
2,2018-03-14,GO,9,5.2401911408498725,7.0,1
2,2018-03-15,GO,10,4.612149290007144,2.0,1
2,2018-03-16,GO,7,4.729051421607003,6.0,1
2,2018-03-17,GO,0,0.6659438883418888,0.0,1
2,2018-03-18,GO,0,0.0,0.0,0
2,2018-03-19,GO,9,5.486289416976139,4.0,1
2,2018-03-20,GO,7,5.750350277487894,7.0,1
2,2018-03-21,GO,4,5.319467437499285,7.0,1
2,2018-03-22,GO,4,4.423830825794355,2.0,1
2,2018-03-23,GO,8,4.73765604802267,6.0,1
2,2018-03-24,GO,0,0.6820315575387216,0.0,1
2,2018-03-25,GO,0,0.0,0.0,0
2,2018-03-26,GO,4,5.8086142709088415,4.0,1
2,2018-03-27,GO,9,5.452951427961557,7.0,1
2,2018-03-28,GO,7,5.244401890397588,7.0,1
2,2018-03-29,GO,11,4.794649383133522,2.0,1
2,2018-03-30,GO,0,0.0,6.0,0
2,2018-03-31,GO,0,0.4649710269365983,0.0,1
2,2018-04-01,GO,0,0.0,0.0,0
2,2018-04-02,GO,1,4.599029099732916,4.0,1
2,2018-04-03,GO,9,4.67963721308392,7.0,1
2,2018-04-04,GO,9,4.7413052021628,7.0,1
2,2018-04-05,GO,5,4.122108141880454,2.0,1
2,2018-04-06,GO,2,5.11524600817274,6.0,1
2,2018-04-07,GO,2,0.5990198081883759,0.0,1
2,2018-04-08,GO,0,0.0,0.0,0
2,2018-04-09,GO,2,5.930901341618952,4.0,1
2,2018-04-10,GO,8,5.758662786543411,7.0,1
2,2018-04-11,GO,1,5.428956848617324,7.0,1
2,2018-04-12,GO,6,4.648431805717555,2.0,1
2,2018-04-13,GO,4,4.852398937394447,6.0,1
2,2018-04-14,GO,1,0.69557970718969,0.0,1
2,2018-04-15,GO,0,0.0,0.0,0
2,2018-04-16,GO,6,5.601707112292282,4.0,1
2,2018-04-17,GO,7,5.676065237200556,7.0,1
2,2018-04-18,GO,8,5.302850589214433,7.0,1
2,2018-04-19,GO,6,5.575852444336442,2.0,1
2,2018-04-20,GO,9,5.014014607565706,6.0,1
2,2018-04-21,GO,0,0.7917573990627407,0.0,1
2,2018-04-22,GO,0,0.0,0.0,0
2,2018-04-23,GO,10,6.255245582646995,4.0,1
2,2018-04-24,GO,7,6.187510792940678,7.0,1
2,2018-04-25,GO,5,5.880180514790195,7.0,1
2,2018-04-26,GO,8,5.4375895465455155,2.0,1
2,2018-04-27,GO,5,5.313551260425674,6.0,1
2,2018-04-28,GO,0,0.7374537434431777,0.0,1
2,2018-04-29,GO,0,0.0,0.0,0
2,2018-04-30,GO,8,6.362512429473601,4.0,1
2,2018-02-01,MA,2,0.9643022909053822,3.0,1
2,2018-02-02,MA,1,1.0634675143034984,2.0,1
2,2018-02-03,MA,1,0.0,0.0,1
2,2018-02-04,MA,0,0.0,0.0,0
2,2018-02-05,MA,0,1.5621419567512307,1.0,1
2,2018-02-06,MA,1,1.2857873007576526,1.0,1
2,2018-02-07,MA,3,1.3625388459496932,0.0,1
2,2018-02-08,MA,5,1.1555074593548353,3.0,1
2,2018-02-09,MA,4,1.1557716392075976,2.0,1
2,2018-02-10,MA,0,0.01957978429662339,0.0,1
2,2018-02-11,MA,0,0.0,0.0,0
2,2018-02-12,MA,0,0.0,1.0,0
2,2018-02-13,MA,0,0.0,1.0,0
2,2018-02-14,MA,4,1.4352875523219504,0.0,1
2,2018-02-15,MA,4,1.1257713913623701,3.0,1
2,2018-02-16,MA,1,1.1423624161703678,2.0,1
2,2018-02-17,MA,1,0.0019461073757214352,0.0,1
2,2018-02-18,MA,0,0.0,0.0,0
2,2018-02-19,MA,6,1.5536670039648326,1.0,1
2,2018-02-20,MA,3,1.274788561020249,1.0,1
2,2018-02-21,MA,1,1.3542101075450228,0.0,1
2,2018-02-22,MA,1,1.107614366427975,3.0,1
2,2018-02-23,MA,4,1.1228414469063686,2.0,1
2,2018-02-24,MA,0,0.037207500591878065,0.0,1
2,2018-02-25,MA,0,0.0,0.0,0
2,2018-02-26,MA,5,1.6848374200681753,1.0,1
2,2018-02-27,MA,3,1.5416421680600958,1.0,1
2,2018-02-28,MA,1,1.3421431225652665,0.0,1
2,2018-03-01,MA,2,1.1153320745569761,3.0,1
2,2018-03-02,MA,3,1.1569595513292985,2.0,1
2,2018-03-03,MA,0,0.03722462511779248,0.0,1
2,2018-03-04,MA,0,0.0,0.0,0
2,2018-03-05,MA,1,1.5706469199497226,1.0,1
2,2018-03-06,MA,4,1.552465858489308,1.0,1
2,2018-03-07,MA,1,1.3682205623370403,0.0,1
2,2018-03-08,MA,4,1.1554805923685223,3.0,1
2,2018-03-09,MA,5,1.1802246671264067,2.0,1
2,2018-03-10,MA,0,0.037062409111256696,0.0,1
2,2018-03-11,MA,0,0.0,0.0,0
2,2018-03-12,MA,2,1.6347858814405252,1.0,1
2,2018-03-13,MA,4,1.6146349736748988,1.0,1
2,2018-03-14,MA,4,1.4323595238278424,0.0,1
2,2018-03-15,MA,3,1.1721539256792497,3.0,1
2,2018-03-16,MA,0,1.179970925770674,2.0,1
2,2018-03-17,MA,0,0.03908651776777364,0.0,1
2,2018-03-18,MA,0,0.0,0.0,0
2,2018-03-19,MA,4,1.594911999682325,1.0,1
2,2018-03-20,MA,1,1.6004936502228455,1.0,1
2,2018-03-21,MA,2,1.393094042587352,0.0,1
2,2018-03-22,MA,2,1.1609459378692462,3.0,1
2,2018-03-23,MA,3,1.1372044232641818,2.0,1
2,2018-03-24,MA,0,0.05562227005075028,0.0,1
2,2018-03-25,MA,0,0.0,0.0,0
2,2018-03-26,MA,1,1.637801904122949,1.0,1
2,2018-03-27,MA,4,1.624593593217858,1.0,1
2,2018-03-28,MA,1,1.4329774904266555,0.0,1
2,2018-03-29,MA,1,1.20648939894052,3.0,1
2,2018-03-30,MA,0,0.0,2.0,0
2,2018-03-31,MA,0,0.07902667204299654,0.0,1
2,2018-04-01,MA,0,0.0,0.0,0
2,2018-04-02,MA,3,1.5225818561719835,1.0,1
2,2018-04-03,MA,3,1.4990847291459672,1.0,1
2,2018-04-04,MA,1,1.4201403667161747,0.0,1
2,2018-04-05,MA,1,1.226895303837618,3.0,1
2,2018-04-06,MA,1,1.134649971173717,2.0,1
2,2018-04-07,MA,1,0.08165062552407323,0.0,1
2,2018-04-08,MA,0,0.0,0.0,0
2,2018-04-09,MA,0,1.642545521135949,1.0,1
2,2018-04-10,MA,3,1.4486163895111317,1.0,1
2,2018-04-11,MA,0,1.4170064939517943,0.0,1
2,2018-04-12,MA,5,1.190518402465659,3.0,1
2,2018-04-13,MA,2,1.3225318138047166,2.0,1
2,2018-04-14,MA,0,0.05077506806410266,0.0,1
2,2018-04-15,MA,0,0.0,0.0,0
2,2018-04-16,MA,2,1.6519992275181672,1.0,1
2,2018-04-17,MA,5,1.5396982945760582,1.0,1
2,2018-04-18,MA,1,1.4831260843064542,0.0,1
2,2018-04-19,MA,1,1.5166893195038282,3.0,1
2,2018-04-20,MA,2,1.4656951381675203,2.0,1
2,2018-04-21,MA,0,0.027766304095027616,0.0,1
2,2018-04-22,MA,0,0.0,0.0,0
2,2018-04-23,MA,1,2.002713294811482,1.0,1
2,2018-04-24,MA,2,2.0909360396076915,1.0,1
2,2018-04-25,MA,8,1.494736796598118,0.0,1
2,2018-04-26,MA,3,1.0743565523813365,3.0,1
2,2018-04-27,MA,0,1.3019617502177492,2.0,1
2,2018-04-28,MA,0,0.1277759212097815,0.0,1
2,2018-04-29,MA,0,0.0,0.0,0
2,2018-04-30,MA,5,1.8653180299968002,1.0,1
2,2018-02-01,MG,27,27.87772071101392,36.0,1
2,2018-02-02,MG,30,25.562032512982686,34.0,1
2,2018-02-03,MG,13,8.117570233901596,4.0,1
2,2018-02-04,MG,0,0.0,0.0,0
2,2018-02-05,MG,52,27.445955545859285,39.0,1
2,2018-02-06,MG,47,26.040093021452407,34.0,1
2,2018-02-07,MG,44,26.405325618084493,24.0,1
2,2018-02-08,MG,39,19.61937243418457,36.0,1
2,2018-02-09,MG,54,21.42198301022317,34.0,1
2,2018-02-10,MG,8,4.381053484877728,4.0,1
2,2018-02-11,MG,0,0.0,0.0,0
2,2018-02-12,MG,0,0.0,39.0,0
2,2018-02-13,MG,0,0.0,34.0,0
2,2018-02-14,MG,44,22.80447026734421,24.0,1
2,2018-02-15,MG,58,19.67593320337895,36.0,1
2,2018-02-16,MG,45,19.37409087509547,34.0,1
2,2018-02-17,MG,8,5.248392630875493,4.0,1
2,2018-02-18,MG,0,0.0,0.0,0
2,2018-02-19,MG,33,14.94891446422097,39.0,1
2,2018-02-20,MG,36,15.263399838877989,34.0,1
2,2018-02-21,MG,49,19.87909036839951,24.0,1
2,2018-02-22,MG,43,16.63697035369406,36.0,1
2,2018-02-23,MG,26,16.037892066201074,34.0,1
2,2018-02-24,MG,8,2.2452949279320222,4.0,1
2,2018-02-25,MG,0,0.0,0.0,0
2,2018-02-26,MG,37,18.239832461638642,39.0,1
2,2018-02-27,MG,65,18.088355193268903,34.0,1
2,2018-02-28,MG,30,21.08230901255385,24.0,1
2,2018-03-01,MG,33,17.385528884325208,36.0,1
2,2018-03-02,MG,44,16.908893542820156,34.0,1
2,2018-03-03,MG,4,1.9087035433695227,4.0,1
2,2018-03-04,MG,0,0.0,0.0,0
2,2018-03-05,MG,30,19.55271279995155,39.0,1
2,2018-03-06,MG,48,19.356704734489576,34.0,1
2,2018-03-07,MG,39,17.31402672604604,24.0,1
2,2018-03-08,MG,49,18.456792575853704,36.0,1
2,2018-03-09,MG,38,16.86644838714689,34.0,1
2,2018-03-10,MG,10,1.4468600640553453,4.0,1
2,2018-03-11,MG,0,0.0,0.0,0
2,2018-03-12,MG,53,21.59915190153503,39.0,1
2,2018-03-13,MG,49,19.836055202939733,34.0,1
2,2018-03-14,MG,42,16.53537989402345,24.0,1
2,2018-03-15,MG,28,17.08053301749345,36.0,1
2,2018-03-16,MG,39,16.735357625558898,34.0,1
2,2018-03-17,MG,4,1.8485525738157484,4.0,1
2,2018-03-18,MG,0,0.0,0.0,0
2,2018-03-19,MG,31,19.529117987921364,39.0,1
2,2018-03-20,MG,35,21.403299108235256,34.0,1
2,2018-03-21,MG,46,18.962129087842158,24.0,1
2,2018-03-22,MG,23,16.240875549668864,36.0,1
2,2018-03-23,MG,48,15.300383295821426,34.0,1
2,2018-03-24,MG,8,1.9187199420637733,4.0,1
2,2018-03-25,MG,0,0.0,0.0,0
2,2018-03-26,MG,34,20.93549182493671,39.0,1
2,2018-03-27,MG,65,19.3787376123168,34.0,1
2,2018-03-28,MG,37,19.44192131244316,24.0,1
2,2018-03-29,MG,38,18.21170325274705,36.0,1
2,2018-03-30,MG,2,0.0,34.0,0
2,2018-03-31,MG,1,1.2313050486996229,4.0,1
2,2018-04-01,MG,0,0.0,0.0,0
2,2018-04-02,MG,37,20.634074147625082,39.0,1
2,2018-04-03,MG,46,19.93004103285094,34.0,1
2,2018-04-04,MG,44,19.509756283637262,24.0,1
2,2018-04-05,MG,32,18.74519316259413,36.0,1
2,2018-04-06,MG,12,13.55625131590704,34.0,1
2,2018-04-07,MG,22,1.7966256007463215,4.0,1
2,2018-04-08,MG,0,0.0,0.0,0
2,2018-04-09,MG,29,19.444140867645615,39.0,1
2,2018-04-10,MG,41,21.273963759305612,34.0,1
2,2018-04-11,MG,28,18.050762334331164,24.0,1
2,2018-04-12,MG,24,19.03326903825175,36.0,1
2,2018-04-13,MG,46,15.786403764212208,34.0,1
2,2018-04-14,MG,9,1.8269434760910386,4.0,1
2,2018-04-15,MG,0,0.0,0.0,0
2,2018-04-16,MG,38,19.36456296070089,39.0,1
2,2018-04-17,MG,46,19.427526145865247,34.0,1
2,2018-04-18,MG,26,18.85556827357716,24.0,1
2,2018-04-19,MG,42,18.654059841214238,36.0,1
2,2018-04-20,MG,33,16.39796799449517,34.0,1
2,2018-04-21,MG,0,1.5119394299528612,4.0,1
2,2018-04-22,MG,0,0.0,0.0,0
2,2018-04-23,MG,50,21.202892771499144,39.0,1
2,2018-04-24,MG,37,20.015786087003175,34.0,1
2,2018-04-25,MG,30,18.77083812222236,24.0,1
2,2018-04-26,MG,35,18.524162718159637,36.0,1
2,2018-04-27,MG,40,16.231148033093607,34.0,1
2,2018-04-28,MG,4,1.5007508899438875,4.0,1
2,2018-04-29,MG,0,0.0,0.0,0
2,2018-04-30,MG,46,20.71570725369951,39.0,1
2,2018-02-01,MS,4,0.977072520372822,2.0,1
2,2018-02-02,MS,2,1.0305544539444336,3.0,1
2,2018-02-03,MS,0,0.2624978812997201,0.0,1
2,2018-02-04,MS,0,0.0,0.0,0
2,2018-02-05,MS,4,1.2519996284125379,4.0,1
2,2018-02-06,MS,2,1.4040594140784863,1.0,1
2,2018-02-07,MS,3,1.349481772390023,1.0,1
2,2018-02-08,MS,3,1.0466931372017816,2.0,1
2,2018-02-09,MS,3,1.0768831183058065,3.0,1
2,2018-02-10,MS,1,0.03609918569100759,0.0,1
2,2018-02-11,MS,0,0.0,0.0,0
2,2018-02-12,MS,0,0.0,4.0,0
2,2018-02-13,MS,0,0.0,1.0,0
2,2018-02-14,MS,7,1.2354375314193256,1.0,1
2,2018-02-15,MS,3,1.0938712648929154,2.0,1
2,2018-02-16,MS,6,1.1104622897009127,3.0,1
2,2018-02-17,MS,0,0.009724038712429167,0.0,1
2,2018-02-18,MS,0,0.0,0.0,0
2,2018-02-19,MS,5,1.3791305268120504,4.0,1
2,2018-02-20,MS,3,1.1538006341772762,1.0,1
2,2018-02-21,MS,2,1.2506600632348908,1.0,1
2,2018-02-22,MS,1,1.0137629449005525,2.0,1
2,2018-02-23,MS,1,1.0289900253789461,3.0,1
2,2018-02-24,MS,0,0.03720713435322934,0.0,1
2,2018-02-25,MS,0,0.0,0.0,0
2,2018-02-26,MS,3,1.4191735633650695,4.0,1
2,2018-02-27,MS,6,1.3975991766820872,1.0,1
2,2018-02-28,MS,4,1.2385930782551344,1.0,1
2,2018-03-01,MS,4,1.0071145645623856,2.0,1
2,2018-03-02,MS,4,1.0534095070191665,3.0,1
2,2018-03-03,MS,0,0.0372212710329084,0.0,1
2,2018-03-04,MS,0,0.0,0.0,0
2,2018-03-05,MS,1,1.3011816615810754,4.0,1
2,2018-03-06,MS,6,1.2796072748980931,1.0,1
2,2018-03-07,MS,2,1.2646705180269082,1.0,1
2,2018-03-08,MS,0,1.0519305480583907,2.0,1
2,2018-03-09,MS,2,1.0766746228162747,3.0,1
2,2018-03-10,MS,0,0.03705905502637263,0.0,1
2,2018-03-11,MS,0,0.0,0.0,0
2,2018-03-12,MS,5,1.3653206230718775,4.0,1
2,2018-03-13,MS,4,1.3437462363888957,1.0,1
2,2018-03-14,MS,3,1.3288094795177108,1.0,1
2,2018-03-15,MS,3,1.068603881369118,2.0,1
2,2018-03-16,MS,3,1.076420881460542,3.0,1
2,2018-03-17,MS,0,0.03908316368288957,0.0,1
2,2018-03-18,MS,0,0.0,0.0,0
2,2018-03-19,MS,3,1.331648609435157,4.0,1
2,2018-03-20,MS,3,1.3358067810583218,1.0,1
2,2018-03-21,MS,1,1.2895439982772203,1.0,1
2,2018-03-22,MS,1,1.0573958935591146,2.0,1
2,2018-03-23,MS,2,1.0336543789540498,3.0,1
2,2018-03-24,MS,0,0.0556189159658662,0.0,1
2,2018-03-25,MS,0,0.0,0.0,0
2,2018-03-26,MS,2,1.3629264325206925,4.0,1
2,2018-03-27,MS,3,1.3482946426982458,1.0,1
2,2018-03-28,MS,4,1.3294274461165234,1.0,1
2,2018-03-29,MS,1,1.102939354630388,2.0,1
2,2018-03-30,MS,0,0.0,3.0,0
2,2018-03-31,MS,0,0.0,0.0,1
2,2018-04-01,MS,0,0.0,0.0,0
2,2018-04-02,MS,1,1.1143274195985415,4.0,1
2,2018-04-03,MS,6,1.0927530329155597,1.0,1
2,2018-04-04,MS,3,1.195090937131102,1.0,1
2,2018-04-05,MS,2,0.970996028516031,2.0,1
2,2018-04-06,MS,0,0.9263756988427554,3.0,1
2,2018-04-07,MS,0,0.0,0.0,1
2,2018-04-08,MS,0,0.0,0.0,0
2,2018-04-09,MS,0,1.238785900683708,4.0,1
2,2018-04-10,MS,4,1.1964582532580348,1.0,1
2,2018-04-11,MS,2,1.3134367504312099,1.0,1
2,2018-04-12,MS,3,1.0869486589450745,2.0,1
2,2018-04-13,MS,1,1.2189620702841317,3.0,1
2,2018-04-14,MS,0,0.020731681186431514,0.0,1
2,2018-04-15,MS,0,0.0,0.0,0
2,2018-04-16,MS,5,1.390231746893655,4.0,1
2,2018-04-17,MS,2,1.3956356039875968,1.0,1
2,2018-04-18,MS,3,1.3795563407858698,1.0,1
2,2018-04-19,MS,2,1.4131195759832438,2.0,1
2,2018-04-20,MS,1,1.398428436146122,3.0,1
2,2018-04-21,MS,0,0.061060181886847927,0.0,1
2,2018-04-22,MS,0,0.0,0.0,0
2,2018-04-23,MS,0,1.6366099731515695,4.0,1
2,2018-04-24,MS,0,1.6762586599830551,1.0,1
2,2018-04-25,MS,4,1.4269271688942167,1.0,1
2,2018-04-26,MS,6,1.2171468864948596,2.0,1
2,2018-04-27,MS,2,1.2193053782713452,3.0,1
2,2018-04-28,MS,0,0.061839979015553784,0.0,1
2,2018-04-29,MS,0,0.0,0.0,0
2,2018-04-30,MS,1,1.4095401993204613,4.0,1
2,2018-02-01,MT,2,1.3809470301823354,4.0,1
2,2018-02-02,MT,3,1.690981633102869,4.0,1
2,2018-02-03,MT,1,0.4940397618657003,0.0,1
2,2018-02-04,MT,0,0.0,0.0,0
2,2018-02-05,MT,2,2.911392453547496,3.0,1
2,2018-02-06,MT,6,2.572325768478591,7.0,1
2,2018-02-07,MT,4,2.6446632487156116,4.0,1
2,2018-02-08,MT,2,1.6863776776316646,4.0,1
2,2018-02-09,MT,2,1.662751483930286,4.0,1
2,2018-02-10,MT,2,0.03378065316453796,0.0,1
2,2018-02-11,MT,0,0.0,0.0,0
2,2018-02-12,MT,0,0.0,3.0,0
2,2018-02-13,MT,0,0.0,7.0,0
2,2018-02-14,MT,5,1.8047263073073168,4.0,1
2,2018-02-15,MT,4,1.4852227478007312,4.0,1
2,2018-02-16,MT,5,1.4991399119552498,4.0,1
2,2018-02-17,MT,1,0.05680516371875884,0.0,1
2,2018-02-18,MT,0,0.0,0.0,0
2,2018-02-19,MT,5,1.7904740770695438,3.0,1
2,2018-02-20,MT,3,1.8911821958331583,7.0,1
2,2018-02-21,MT,2,1.6759803033132763,4.0,1
2,2018-02-22,MT,2,1.4522739161979756,4.0,1
2,2018-02-23,MT,4,1.4675009966763692,4.0,1
2,2018-02-24,MT,0,0.06523043114644524,0.0,1
2,2018-02-25,MT,0,0.0,0.0,0
2,2018-02-26,MT,3,2.227460180290338,3.0,1
2,2018-02-27,MT,6,2.264795368852265,7.0,1
2,2018-02-28,MT,2,1.6054650116819047,4.0,1
2,2018-03-01,MT,4,1.5970759573320197,4.0,1
2,2018-03-02,MT,3,1.5870501579236669,4.0,1
2,2018-03-03,MT,0,0.04702367225762268,0.0,1
2,2018-03-04,MT,0,0.0,0.0,0
2,2018-03-05,MT,1,2.1090988203394847,3.0,1
2,2018-03-06,MT,3,2.089806897694178,7.0,1
2,2018-03-07,MT,3,1.6914934662000716,4.0,1
2,2018-03-08,MT,5,1.4457277450395354,4.0,1
2,2018-03-09,MT,1,1.4797730413210788,4.0,1
2,2018-03-10,MT,0,0.0488062411673774,0.0,1
2,2018-03-11,MT,0,0.0,0.0,0
2,2018-03-12,MT,2,2.1825390033539476,3.0,1
2,2018-03-13,MT,3,2.1539458591849816,7.0,1
2,2018-03-14,MT,3,1.746331206167215,4.0,1
2,2018-03-15,MT,2,1.5977542822035742,4.0,1
2,2018-03-16,MT,1,1.605571282294996,4.0,1
2,2018-03-17,MT,1,0.04889044792403544,0.0,1
2,2018-03-18,MT,0,0.0,0.0,0
2,2018-03-19,MT,4,2.1333639000720885,3.0,1
2,2018-03-20,MT,0,2.1859366849554864,7.0,1
2,2018-03-21,MT,5,1.7255510987374063,4.0,1
2,2018-03-22,MT,1,1.4758803324724208,4.0,1
2,2018-03-23,MT,6,1.4521388178673564,4.0,1
2,2018-03-24,MT,0,0.06542620020701205,0.0,1
2,2018-03-25,MT,0,0.0,0.0,0
2,2018-03-26,MT,1,2.1893289650897856,3.0,1
2,2018-03-27,MT,6,2.1769796393050145,7.0,1
2,2018-03-28,MT,1,1.765434546576711,4.0,1
2,2018-03-29,MT,0,1.637399746390963,4.0,1
2,2018-03-30,MT,2,0.0,4.0,0
2,2018-03-31,MT,0,0.0,0.0,1
2,2018-04-01,MT,0,0.0,0.0,0
2,2018-04-02,MT,0,2.0269613796365253,3.0,1
2,2018-04-03,MT,3,1.981920489619953,7.0,1
2,2018-04-04,MT,1,1.7732703671980468,4.0,1
2,2018-04-05,MT,3,1.5646427811342363,4.0,1
2,2018-04-06,MT,0,1.4707439431883467,4.0,1
2,2018-04-07,MT,5,0.1009880106348912,0.0,1
2,2018-04-08,MT,0,0.0,0.0,0
2,2018-04-09,MT,4,2.051432028855266,3.0,1
2,2018-04-10,MT,0,2.001309959683899,7.0,1
2,2018-04-11,MT,2,1.5936953066661321,4.0,1
2,2018-04-12,MT,6,1.3415128392064262,4.0,1
2,2018-04-13,MT,1,1.67789071473436,4.0,1
2,2018-04-14,MT,0,0.06071659978703833,0.0,1
2,2018-04-15,MT,0,0.0,0.0,0
2,2018-04-16,MT,4,2.0608857352374845,3.0,1
2,2018-04-17,MT,2,2.068572056369102,7.0,1
2,2018-04-18,MT,3,1.6598148970207918,4.0,1
2,2018-04-19,MT,4,1.8050068064031226,4.0,1
2,2018-04-20,MT,3,1.6552921767159987,4.0,1
2,2018-04-21,MT,0,0.07169517577982971,0.0,1
2,2018-04-22,MT,0,0.0,0.0,0
2,2018-04-23,MT,1,2.3033454102003197,3.0,1
2,2018-04-24,MT,5,2.223446303477784,7.0,1
2,2018-04-25,MT,6,1.558546593425319,4.0,1
2,2018-04-26,MT,4,1.2442585112709341,4.0,1
2,2018-04-27,MT,4,1.401525522397344,4.0,1
2,2018-04-28,MT,1,0.07167763387496631,0.0,1
2,2018-04-29,MT,0,0.0,0.0,0
2,2018-04-30,MT,3,2.0638079957097304,3.0,1
2,2018-02-01,PA,4,2.3530806240248587,0.0,1
2,2018-02-02,PA,3,2.8408559326313,1.0,1
2,2018-02-03,PA,1,0.07083466263975637,2.0,1
2,2018-02-04,PA,0,0.0,0.0,0
2,2018-02-05,PA,4,2.908416434032587,3.0,1
2,2018-02-06,PA,4,2.827721124860089,4.0,1
2,2018-02-07,PA,2,2.0812884898212953,3.0,1
2,2018-02-08,PA,3,2.0312089932000537,0.0,1
2,2018-02-09,PA,5,1.8035005120321936,1.0,1
2,2018-02-10,PA,1,0.07145905666792991,2.0,1
2,2018-02-11,PA,0,0.0,0.0,0
2,2018-02-12,PA,0,0.0,3.0,0
2,2018-02-13,PA,0,0.0,4.0,0
2,2018-02-14,PA,3,1.8218444537399596,3.0,1
2,2018-02-15,PA,2,1.5907677482062264,0.0,1
2,2018-02-16,PA,4,1.5943625537189692,1.0,1
2,2018-02-17,PA,2,0.05789718527696051,2.0,1
2,2018-02-18,PA,0,0.0,0.0,0
2,2018-02-19,PA,3,1.9513746138635906,3.0,1
2,2018-02-20,PA,1,2.0427815111035437,4.0,1
2,2018-02-21,PA,5,1.7748163696289894,3.0,1
2,2018-02-22,PA,1,1.5137275834158572,0.0,1
2,2018-02-23,PA,1,1.5218913614473104,1.0,1
2,2018-02-24,PA,0,0.050046463302301177,2.0,1
2,2018-02-25,PA,0,0.0,0.0,0
2,2018-02-26,PA,2,2.430820259082477,3.0,1
2,2018-02-27,PA,4,2.400803635996155,4.0,1
2,2018-02-28,PA,7,1.5685367140474267,3.0,1
2,2018-03-01,PA,2,1.5455916001820131,0.0,1
2,2018-03-02,PA,4,1.356736890407018,1.0,1
2,2018-03-03,PA,0,0.04853827748006132,2.0,1
2,2018-03-04,PA,0,0.0,0.0,0
2,2018-03-05,PA,6,2.1994277634180452,3.0,1
2,2018-03-06,PA,5,2.18864296400989,4.0,1
2,2018-03-07,PA,3,1.7810283109921246,3.0,1
2,2018-03-08,PA,5,1.5288458435324186,0.0,1
2,2018-03-09,PA,3,1.7335363043166756,1.0,1
2,2018-03-10,PA,0,0.04795331342028566,2.0,1
2,2018-03-11,PA,0,0.0,0.0,0
2,2018-03-12,PA,8,2.2583257266283825,3.0,1
2,2018-03-13,PA,4,2.1114453804742483,4.0,1
2,2018-03-14,PA,1,1.83141915096531,3.0,1
2,2018-03-15,PA,4,1.3737535689234432,0.0,1
2,2018-03-16,PA,1,1.5947161431446777,1.0,1
2,2018-03-17,PA,2,0.049982305093234196,2.0,1
2,2018-03-18,PA,0,0.0,0.0,0
2,2018-03-19,PA,5,2.2184518448701827,3.0,1
2,2018-03-20,PA,4,2.2710246297535805,4.0,1
2,2018-03-21,PA,2,1.8106390435355015,3.0,1
2,2018-03-22,PA,1,1.739806251317137,0.0,1
2,2018-03-23,PA,4,1.3417099568533848,1.0,1
2,2018-03-24,PA,0,0.06694904522049702,2.0,1
2,2018-03-25,PA,0,0.0,0.0,0
2,2018-03-26,PA,5,2.265900728869147,3.0,1
2,2018-03-27,PA,3,2.253551403084376,4.0,1
2,2018-03-28,PA,2,1.8420063103560718,3.0,1
2,2018-03-29,PA,0,1.4657607748946546,0.0,1
2,2018-03-30,PA,1,0.0,1.0,0
2,2018-03-31,PA,0,0.0,2.0,1
2,2018-04-01,PA,0,0.0,0.0,0
2,2018-04-02,PA,2,2.1515309664852444,3.0,1
2,2018-04-03,PA,4,2.0927574017893127,4.0,1
2,2018-04-04,PA,1,1.8503041057737217,3.0,1
2,2018-04-05,PA,2,1.6849333611773967,0.0,1
2,2018-04-06,PA,1,1.6293908602404572,1.0,1
2,2018-04-07,PA,2,0.1001350828877995,2.0,1
2,2018-04-08,PA,0,0.0,0.0,0
2,2018-04-09,PA,3,1.9926877317603373,3.0,1
2,2018-04-10,PA,5,2.086397904481993,4.0,1
2,2018-04-11,PA,6,1.678783251464226,3.0,1
2,2018-04-12,PA,4,1.4943736109712464,0.0,1
2,2018-04-13,PA,0,1.665049221408592,1.0,1
2,2018-04-14,PA,0,0.061808456956237115,2.0,1
2,2018-04-15,PA,0,0.0,0.0,0
2,2018-04-16,PA,1,2.1459736800355786,3.0,1
2,2018-04-17,PA,5,2.144358779643537,4.0,1
2,2018-04-18,PA,5,1.7356016202952271,3.0,1
2,2018-04-19,PA,2,1.9304801679923436,0.0,1
2,2018-04-20,PA,4,1.5332785208179434,1.0,1
2,2018-04-21,PA,0,0.20951926054576134,2.0,1
2,2018-04-22,PA,0,0.0,0.0,0
2,2018-04-23,PA,5,2.2538716457749715,3.0,1
2,2018-04-24,PA,5,2.2958027966441326,4.0,1
2,2018-04-25,PA,4,1.6384422644455832,3.0,1
2,2018-04-26,PA,2,1.370627604643037,0.0,1
2,2018-04-27,PA,0,1.4795501647484994,1.0,1
2,2018-04-28,PA,0,0.07277584658378755,2.0,1
2,2018-04-29,PA,0,0.0,0.0,0
2,2018-04-30,PA,2,2.1943355225828114,3.0,1
2,2018-02-01,PB,2,0.8247620009262744,1.0,1
2,2018-02-02,PB,4,0.9471034534482927,0.0,1
2,2018-02-03,PB,0,0.0,0.0,1
2,2018-02-04,PB,0,0.0,0.0,0
2,2018-02-05,PB,1,1.0767425441788983,0.0,1
2,2018-02-06,PB,2,1.083410145212863,1.0,1
2,2018-02-07,PB,0,1.074505695951118,2.0,1
2,2018-02-08,PB,1,0.770063487184532,1.0,1
2,2018-02-09,PB,2,0.9079205931519695,0.0,1
2,2018-02-10,PB,0,0.0,0.0,1
2,2018-02-11,PB,0,0.0,0.0,0
2,2018-02-12,PB,0,0.0,0.0,0
2,2018-02-13,PB,0,0.0,1.0,0
2,2018-02-14,PB,3,1.2033911995936437,2.0,1
2,2018-02-15,PB,2,0.962345877482961,1.0,1
2,2018-02-16,PB,3,0.9677605485730583,0.0,1
2,2018-02-17,PB,1,0.0,0.0,1
2,2018-02-18,PB,0,0.0,0.0,0
2,2018-02-19,PB,4,1.2006798214385759,0.0,1
2,2018-02-20,PB,4,1.0690927190846653,1.0,1
2,2018-02-21,PB,0,0.948786902404904,2.0,1
2,2018-02-22,PB,2,0.7326430448132557,1.0,1
2,2018-02-23,PB,1,0.7478701252916499,0.0,1
2,2018-02-24,PB,0,0.0,0.0,1
2,2018-02-25,PB,0,0.0,0.0,0
2,2018-02-26,PB,3,1.1577832601381561,0.0,1
2,2018-02-27,PB,1,1.1362088734551739,1.0,1
2,2018-02-28,PB,0,0.957473178167839,2.0,1
2,2018-03-01,PB,1,0.7259946644750886,1.0,1
2,2018-03-02,PB,1,0.7722896069318704,0.0,1
2,2018-03-03,PB,1,0.0,0.0,1
2,2018-03-04,PB,0,0.0,0.0,0
2,2018-03-05,PB,4,0.981953828074543,0.0,1
2,2018-03-06,PB,5,0.9916496056818525,1.0,1
2,2018-03-07,PB,0,1.1309410980098267,2.0,1
2,2018-03-08,PB,1,0.8020808122613855,1.0,1
2,2018-03-09,PB,1,0.8268248870192705,0.0,1
2,2018-03-10,PB,0,0.0,0.0,1
2,2018-03-11,PB,0,0.0,0.0,0
2,2018-03-12,PB,1,1.0773629538556373,0.0,1
2,2018-03-13,PB,2,1.055788567172655,1.0,1
2,2018-03-14,PB,2,1.0476895794304164,2.0,1
2,2018-03-15,PB,1,0.8187541455721131,1.0,1
2,2018-03-16,PB,0,0.8265711456635381,0.0,1
2,2018-03-17,PB,0,0.0,0.0,1
2,2018-03-18,PB,0,0.0,0.0,0
2,2018-03-19,PB,5,1.0436909402189167,0.0,1
2,2018-03-20,PB,2,1.0478491118420812,1.0,1
2,2018-03-21,PB,1,1.0396942624802168,2.0,1
2,2018-03-22,PB,1,0.8075461577621097,1.0,1
2,2018-03-23,PB,1,0.7838046431570448,0.0,1
2,2018-03-24,PB,0,0.0,0.0,1
2,2018-03-25,PB,0,0.0,0.0,0
2,2018-03-26,PB,3,1.0749687633044522,0.0,1
2,2018-03-27,PB,1,1.0603369734820056,1.0,1
2,2018-03-28,PB,0,1.0795777103195199,2.0,1
2,2018-03-29,PB,2,0.8530896188333837,1.0,1
2,2018-03-30,PB,0,0.0,0.0,0
2,2018-03-31,PB,0,0.0,0.0,1
2,2018-04-01,PB,0,0.0,0.0,0
2,2018-04-02,PB,1,1.0457678680462155,0.0,1
2,2018-04-03,PB,1,0.9817626509897609,1.0,1
2,2018-04-04,PB,4,1.1429617493672324,2.0,1
2,2018-04-05,PB,1,0.8981135800094701,1.0,1
2,2018-04-06,PB,1,0.7825141082979177,0.0,1
2,2018-04-07,PB,1,0.0,0.0,1
2,2018-04-08,PB,0,0.0,0.0,0
2,2018-04-09,PB,3,1.0619902247691364,0.0,1
2,2018-04-10,PB,1,1.0091456737958637,1.0,1
2,2018-04-11,PB,1,1.0323168503439155,2.0,1
2,2018-04-12,PB,2,0.8390427713122728,1.0,1
2,2018-04-13,PB,3,1.002752517189432,0.0,1
2,2018-04-14,PB,0,0.0,0.0,1
2,2018-04-15,PB,0,0.0,0.0,0
2,2018-04-16,PB,0,1.1042179258416178,0.0,1
2,2018-04-17,PB,5,1.0764077704810657,1.0,1
2,2018-04-18,PB,2,1.0984364406985754,2.0,1
2,2018-04-19,PB,0,1.1447317234612955,1.0,1
2,2018-04-20,PB,1,1.1203419608414644,0.0,1
2,2018-04-21,PB,1,0.0365029253839262,0.0,1
2,2018-04-22,PB,0,0.0,0.0,0
2,2018-04-23,PB,0,1.452330818472035,0.0,1
2,2018-04-24,PB,2,1.4712262445608295,1.0,1
2,2018-04-25,PB,2,1.2620083199195806,2.0,1
2,2018-04-26,PB,0,1.052227186483758,1.0,1
2,2018-04-27,PB,1,1.0523808962683567,0.0,1
2,2018-04-28,PB,0,0.07667583168105202,0.0,1
2,2018-04-29,PB,0,0.0,0.0,0
2,2018-04-30,PB,1,1.2946106493731184,0.0,1
2,2018-02-01,PE,3,3.446402777899586,3.0,1
2,2018-02-02,PE,6,4.5574651879869545,8.0,1
2,2018-02-03,PE,1,0.559802100609608,1.0,1
2,2018-02-04,PE,0,0.0,0.0,0
2,2018-02-05,PE,14,4.199233237682596,6.0,1
2,2018-02-06,PE,7,4.911123123936572,4.0,1
2,2018-02-07,PE,5,4.594065897130906,3.0,1
2,2018-02-08,PE,5,3.2459442258919418,3.0,1
2,2018-02-09,PE,7,3.9462447337486295,8.0,1
2,2018-02-10,PE,1,0.5291237623183167,1.0,1
2,2018-02-11,PE,0,0.0,0.0,0
2,2018-02-12,PE,0,0.0,6.0,0
2,2018-02-13,PE,0,0.0,4.0,0
2,2018-02-14,PE,9,3.2838996485591143,3.0,1
2,2018-02-15,PE,8,2.621046677045161,3.0,1
2,2018-02-16,PE,5,2.013359142275408,8.0,1
2,2018-02-17,PE,1,0.06784464492063352,1.0,1
2,2018-02-18,PE,0,0.0,0.0,0
2,2018-02-19,PE,7,3.0336316660131217,6.0,1
2,2018-02-20,PE,6,3.5606660369650616,4.0,1
2,2018-02-21,PE,5,3.398928609508933,3.0,1
2,2018-02-22,PE,9,3.0945315179903496,3.0,1
2,2018-02-23,PE,5,3.108419113360353,8.0,1
2,2018-02-24,PE,1,0.06384596215440756,1.0,1
2,2018-02-25,PE,0,0.0,0.0,0
2,2018-02-26,PE,4,4.2724635280319605,6.0,1
2,2018-02-27,PE,11,4.060942266509685,4.0,1
2,2018-02-28,PE,4,3.485584988447761,3.0,1
2,2018-03-01,PE,4,2.9001039322383844,3.0,1
2,2018-03-02,PE,4,3.1722636725523277,8.0,1
2,2018-03-03,PE,1,0.2704878698007051,1.0,1
2,2018-03-04,PE,0,0.0,0.0,0
2,2018-03-05,PE,4,3.9535422372983704,6.0,1
2,2018-03-06,PE,5,3.904974070967921,4.0,1
2,2018-03-07,PE,13,3.6379080343082113,3.0,1
2,2018-03-08,PE,5,3.2442931061284277,3.0,1
2,2018-03-09,PE,6,3.2872346530086896,8.0,1
2,2018-03-10,PE,0,0.2583854504095512,1.0,1
2,2018-03-11,PE,0,0.0,0.0,0
2,2018-03-12,PE,5,4.058564592241925,6.0,1
2,2018-03-13,PE,6,3.9553649109411015,4.0,1
2,2018-03-14,PE,5,3.6267618471738947,3.0,1
2,2018-03-15,PE,4,3.2609664394391564,3.0,1
2,2018-03-16,PE,5,3.2869809116529574,8.0,1
2,2018-03-17,PE,0,0.2628035718379244,1.0,1
2,2018-03-18,PE,0,0.0,0.0,0
2,2018-03-19,PE,6,4.030702958171476,6.0,1
2,2018-03-20,PE,9,3.9993679843993606,4.0,1
2,2018-03-21,PE,4,3.6726255024022065,3.0,1
2,2018-03-22,PE,3,3.280256073127588,3.0,1
2,2018-03-23,PE,8,3.2747120306449,8.0,1
2,2018-03-24,PE,3,0.5410628289486509,1.0,1
2,2018-03-25,PE,0,0.0,0.0,0
2,2018-03-26,PE,4,4.068466849678772,6.0,1
2,2018-03-27,PE,4,3.965267168377952,4.0,1
2,2018-03-28,PE,2,3.602471098544837,3.0,1
2,2018-03-29,PE,1,3.287480380943363,3.0,1
2,2018-03-30,PE,1,0.0,8.0,0
2,2018-03-31,PE,0,0.17803604858349964,1.0,1
2,2018-04-01,PE,0,0.0,0.0,0
2,2018-04-02,PE,6,3.696140224640727,6.0,1
2,2018-04-03,PE,6,3.3368883711421358,4.0,1
2,2018-04-04,PE,4,3.1451555560936626,3.0,1
2,2018-04-05,PE,7,2.836686903874902,3.0,1
2,2018-04-06,PE,1,2.5580261681487797,8.0,1
2,2018-04-07,PE,3,0.08931770581902963,1.0,1
2,2018-04-08,PE,0,0.0,0.0,0
2,2018-04-09,PE,6,3.9053994873701137,6.0,1
2,2018-04-10,PE,6,3.9178007679764666,4.0,1
2,2018-04-11,PE,5,3.708871508198868,3.0,1
2,2018-04-12,PE,6,3.1093483525586327,3.0,1
2,2018-04-13,PE,4,3.33520776278352,8.0,1
2,2018-04-14,PE,0,0.2926815738936181,1.0,1
2,2018-04-15,PE,0,0.0,0.0,0
2,2018-04-16,PE,1,3.8989372460660086,6.0,1
2,2018-04-17,PE,5,3.829494842502098,4.0,1
2,2018-04-18,PE,5,3.5555232937052526,3.0,1
2,2018-04-19,PE,7,3.5672482943116752,3.0,1
2,2018-04-20,PE,7,3.560954550318076,8.0,1
2,2018-04-21,PE,1,0.5484258715014191,1.0,1
2,2018-04-22,PE,0,0.0,0.0,0
2,2018-04-23,PE,6,4.452983203407479,6.0,1
2,2018-04-24,PE,6,4.4337230770762455,4.0,1
2,2018-04-25,PE,6,4.172841597442776,3.0,1
2,2018-04-26,PE,5,3.463428314430676,3.0,1
2,2018-04-27,PE,7,3.523024695784927,8.0,1
2,2018-04-28,PE,0,0.5685093079975648,1.0,1
2,2018-04-29,PE,0,0.0,0.0,0
2,2018-04-30,PE,4,4.441662740228762,6.0,1
2,2018-02-01,PI,0,0.5011203104604496,3.0,1
2,2018-02-02,PI,1,0.6615382673620526,1.0,1
2,2018-02-03,PI,0,0.14501111034293804,0.0,1
2,2018-02-04,PI,0,0.0,0.0,0
2,2018-02-05,PI,3,1.1313757764169063,3.0,1
2,2018-02-06,PI,2,0.723466425073919,1.0,1
2,2018-02-07,PI,3,0.8331838344682561,2.0,1
2,2018-02-08,PI,0,0.755930725842141,3.0,1
2,2018-02-09,PI,3,0.7014890964667746,1.0,1
2,2018-02-10,PI,0,0.0034991617862585693,0.0,1
2,2018-02-11,PI,0,0.0,0.0,0
2,2018-02-12,PI,0,0.0,3.0,0
2,2018-02-13,PI,0,0.0,1.0,0
2,2018-02-14,PI,2,1.1042369547867832,2.0,1
2,2018-02-15,PI,2,0.7446685773369405,3.0,1
2,2018-02-16,PI,1,0.7612596021449376,1.0,1
2,2018-02-17,PI,1,0.0023985374738485564,0.0,1
2,2018-02-18,PI,0,0.0,0.0,0
2,2018-02-19,PI,0,1.050854752753113,3.0,1
2,2018-02-20,PI,2,0.8731933496661956,1.0,1
2,2018-02-21,PI,2,0.7682916112732576,2.0,1
2,2018-02-22,PI,2,0.6474776292875012,3.0,1
2,2018-02-23,PI,1,0.6640686540954983,1.0,1
2,2018-02-24,PI,1,0.0044419804050113984,0.0,1
2,2018-02-25,PI,0,0.0,0.0,0
2,2018-02-26,PI,2,1.151310724232137,3.0,1
2,2018-02-27,PI,2,1.046412945760227,1.0,1
2,2018-02-28,PI,4,0.898589538709621,2.0,1
2,2018-03-01,PI,1,0.6675888501780413,3.0,1
2,2018-03-02,PI,0,0.715247736964426,1.0,1
2,2018-03-03,PI,0,0.00444876085143544,0.0,1
2,2018-03-04,PI,0,0.0,0.0,0
2,2018-03-05,PI,0,1.0068714055664236,3.0,1
2,2018-03-06,PI,1,0.9019736270945132,1.0,1
2,2018-03-07,PI,2,0.9251448036425659,2.0,1
2,2018-03-08,PI,0,0.6986567121564289,3.0,1
2,2018-03-09,PI,4,0.7247647312439168,1.0,1
2,2018-03-10,PI,0,0.004373168355592052,0.0,1
2,2018-03-11,PI,0,0.0,0.0,0
2,2018-03-12,PI,3,1.0572622455396088,3.0,1
2,2018-03-13,PI,3,0.9523644670676978,1.0,1
2,2018-03-14,PI,1,0.9755356436157502,2.0,1
2,2018-03-15,PI,2,0.7153300454671565,3.0,1
2,2018-03-16,PI,1,0.7245109898881842,1.0,1
2,2018-03-17,PI,0,0.00638410782089307,0.0,1
2,2018-03-18,PI,0,0.0,0.0,0
2,2018-03-19,PI,1,1.023590231902888,3.0,1
2,2018-03-20,PI,1,0.9693546761878669,1.0,1
2,2018-03-21,PI,3,0.9611998268260034,2.0,1
2,2018-03-22,PI,1,0.7290517221078953,3.0,1
2,2018-03-23,PI,1,0.7066741518324351,1.0,1
2,2018-03-24,PI,0,0.04785186028012775,0.0,1
2,2018-03-25,PI,0,0.0,0.0,0
2,2018-03-26,PI,2,1.0797977194391675,3.0,1
2,2018-03-27,PI,2,0.9818425378277915,1.0,1
2,2018-03-28,PI,0,0.8986283107267333,2.0,1
2,2018-03-29,PI,0,0.7692984471959297,3.0,1
2,2018-03-30,PI,0,0.0,1.0,0
2,2018-03-31,PI,0,0.0,0.0,1
2,2018-04-01,PI,0,0.0,0.0,0
2,2018-04-02,PI,4,0.9265470602878435,3.0,1
2,2018-04-03,PI,1,0.852919446106225,1.0,1
2,2018-04-04,PI,2,1.020599929447661,2.0,1
2,2018-04-05,PI,0,0.7646523750754893,3.0,1
2,2018-04-06,PI,0,0.6399065552403955,1.0,1
2,2018-04-07,PI,2,0.0,0.0,1
2,2018-04-08,PI,0,0.0,0.0,0
2,2018-04-09,PI,3,1.056904444870167,3.0,1
2,2018-04-10,PI,2,0.9520066663982558,1.0,1
2,2018-04-11,PI,3,0.9771216911105115,2.0,1
2,2018-04-12,PI,1,0.7506335996243744,3.0,1
2,2018-04-13,PI,0,0.9157072898311365,1.0,1
2,2018-04-14,PI,0,0.0,0.0,1
2,2018-04-15,PI,0,0.0,0.0,0
2,2018-04-16,PI,1,0.959543087613842,3.0,1
2,2018-04-17,PI,3,0.924054383292327,1.0,1
2,2018-04-18,PI,0,0.946083053509837,2.0,1
2,2018-04-19,PI,2,1.089536564227893,3.0,1
2,2018-04-20,PI,3,0.9679885736527255,1.0,1
2,2018-04-21,PI,0,0.0,0.0,1
2,2018-04-22,PI,0,0.0,0.0,0
2,2018-04-23,PI,1,1.2089547386543944,3.0,1
2,2018-04-24,PI,3,1.17449685161593,1.0,1
2,2018-04-25,PI,1,1.0234603093553654,2.0,1
2,2018-04-26,PI,3,0.8136791759195404,3.0,1
2,2018-04-27,PI,4,0.8345861464468304,1.0,1
2,2018-04-28,PI,0,0.0,0.0,1
2,2018-04-29,PI,0,0.0,0.0,0
2,2018-04-30,PI,3,1.1177084609670507,3.0,1
2,2018-02-01,PR,10,11.747939392011839,16.0,1
2,2018-02-02,PR,16,10.778300279569027,14.0,1
2,2018-02-03,PR,6,1.7493809604735988,0.0,1
2,2018-02-04,PR,0,0.0,0.0,0
2,2018-02-05,PR,13,14.35666134440032,17.0,1
2,2018-02-06,PR,14,17.635302875628515,19.0,1
2,2018-02-07,PR,16,9.578982067768315,12.0,1
2,2018-02-08,PR,17,9.23333915096283,16.0,1
2,2018-02-09,PR,11,9.442712095876612,14.0,1
2,2018-02-10,PR,0,1.8919243887950243,0.0,1
2,2018-02-11,PR,0,0.0,0.0,0
2,2018-02-12,PR,0,0.0,17.0,0
2,2018-02-13,PR,0,0.0,19.0,0
2,2018-02-14,PR,25,7.533149248553505,12.0,1
2,2018-02-15,PR,19,7.811432471738779,16.0,1
2,2018-02-16,PR,18,8.136573014842254,14.0,1
2,2018-02-17,PR,8,0.7799727171172387,0.0,1
2,2018-02-18,PR,0,0.0,0.0,0
2,2018-02-19,PR,18,9.13576328532697,17.0,1
2,2018-02-20,PR,19,8.855726371316937,19.0,1
2,2018-02-21,PR,28,9.448025684257182,12.0,1
2,2018-02-22,PR,20,8.626687560732828,16.0,1
2,2018-02-23,PR,14,8.669182609752097,14.0,1
2,2018-02-24,PR,12,1.0618538632955055,0.0,1
2,2018-02-25,PR,0,0.0,0.0,0
2,2018-02-26,PR,11,11.611732892307618,17.0,1
2,2018-02-27,PR,26,11.27311730118568,19.0,1
2,2018-02-28,PR,8,10.477553672293222,12.0,1
2,2018-03-01,PR,20,9.447903195983473,16.0,1
2,2018-03-02,PR,19,10.01914426402541,14.0,1
2,2018-03-03,PR,6,1.6612271259222102,0.0,1
2,2018-03-04,PR,0,0.0,0.0,0
2,2018-03-05,PR,15,11.130146939797896,17.0,1
2,2018-03-06,PR,24,11.609396060114808,19.0,1
2,2018-03-07,PR,22,10.58241688337147,12.0,1
2,2018-03-08,PR,15,10.037438218876337,16.0,1
2,2018-03-09,PR,19,10.00807411557254,14.0,1
2,2018-03-10,PR,4,1.6165897944590035,0.0,1
2,2018-03-11,PR,0,0.0,0.0,0
2,2018-03-12,PR,10,11.659033935941054,17.0,1
2,2018-03-13,PR,23,11.434698321681028,19.0,1
2,2018-03-14,PR,15,10.582806987254335,12.0,1
2,2018-03-15,PR,7,9.791216973595064,16.0,1
2,2018-03-16,PR,17,10.076224918155694,14.0,1
2,2018-03-17,PR,5,1.483433454941977,0.0,1
2,2018-03-18,PR,0,0.0,0.0,0
2,2018-03-19,PR,15,11.457725235293745,17.0,1
2,2018-03-20,PR,21,11.44922402435319,19.0,1
2,2018-03-21,PR,15,10.653203322753358,12.0,1
2,2018-03-22,PR,13,10.09452838241095,16.0,1
2,2018-03-23,PR,19,10.098054836346764,14.0,1
2,2018-03-24,PR,2,1.5592404221227936,0.0,1
2,2018-03-25,PR,0,0.0,0.0,0
2,2018-03-26,PR,10,11.585161148079587,17.0,1
2,2018-03-27,PR,32,11.556061701225152,19.0,1
2,2018-03-28,PR,12,10.568643626541567,12.0,1
2,2018-03-29,PR,11,10.002453316546568,16.0,1
2,2018-03-30,PR,6,0.0,14.0,0
2,2018-03-31,PR,1,1.516946429734513,0.0,1
2,2018-04-01,PR,0,0.0,0.0,0
2,2018-04-02,PR,17,9.609317335726532,17.0,1
2,2018-04-03,PR,20,9.509086919451608,19.0,1
2,2018-04-04,PR,28,8.901404889414241,12.0,1
2,2018-04-05,PR,14,8.323913353038524,16.0,1
2,2018-04-06,PR,6,8.580859530744693,14.0,1
2,2018-04-07,PR,9,1.1249287913603192,0.0,1
2,2018-04-08,PR,0,0.0,0.0,0
2,2018-04-09,PR,18,10.57451262442783,17.0,1
2,2018-04-10,PR,13,12.002494781416425,19.0,1
2,2018-04-11,PR,15,11.109356203842326,12.0,1
2,2018-04-12,PR,14,10.035771083888712,16.0,1
2,2018-04-13,PR,13,9.548146889062577,14.0,1
2,2018-04-14,PR,2,1.5477111125127998,0.0,1
2,2018-04-15,PR,0,0.0,0.0,0
2,2018-04-16,PR,19,11.565074376875579,17.0,1
2,2018-04-17,PR,30,11.396497302552392,19.0,1
2,2018-04-18,PR,16,10.424542561096022,12.0,1
2,2018-04-19,PR,16,11.142911258382947,16.0,1
2,2018-04-20,PR,15,10.929636493549271,14.0,1
2,2018-04-21,PR,2,1.71368007097268,0.0,1
2,2018-04-22,PR,0,0.0,0.0,0
2,2018-04-23,PR,27,12.617618998125709,17.0,1
2,2018-04-24,PR,27,12.797967170506137,19.0,1
2,2018-04-25,PR,17,12.253490811361228,12.0,1
2,2018-04-26,PR,13,11.87527461342808,16.0,1
2,2018-04-27,PR,13,11.918608226350578,14.0,1
2,2018-04-28,PR,1,1.738554105417754,0.0,1
2,2018-04-29,PR,0,0.0,0.0,0
2,2018-04-30,PR,18,12.668947932086025,17.0,1
2,2018-02-01,RJ,30,33.31634263835827,23.0,1
2,2018-02-02,RJ,27,32.506680519731404,43.0,1
2,2018-02-03,RJ,12,1.9421868344085895,4.0,1
2,2018-02-04,RJ,0,0.0,0.0,0
2,2018-02-05,RJ,46,37.62907625284627,39.0,1
2,2018-02-06,RJ,52,42.392069889047065,52.0,1
2,2018-02-07,RJ,53,35.38406209421111,28.0,1
2,2018-02-08,RJ,38,36.85282518694228,23.0,1
2,2018-02-09,RJ,31,34.949117890455796,43.0,1
2,2018-02-10,RJ,4,1.9946332546076848,4.0,1
2,2018-02-11,RJ,0,0.0,0.0,0
2,2018-02-12,RJ,0,0.0,39.0,0
2,2018-02-13,RJ,0,0.0,52.0,0
2,2018-02-14,RJ,56,35.810783512792064,28.0,1
2,2018-02-15,RJ,38,29.305200767363733,23.0,1
2,2018-02-16,RJ,51,29.63885524637034,43.0,1
2,2018-02-17,RJ,3,1.173301288353902,4.0,1
2,2018-02-18,RJ,0,0.0,0.0,0
2,2018-02-19,RJ,48,18.83275787482301,39.0,1
2,2018-02-20,RJ,40,22.70493173127018,52.0,1
2,2018-02-21,RJ,53,29.623162702721057,28.0,1
2,2018-02-22,RJ,61,22.59914204795902,23.0,1
2,2018-02-23,RJ,32,21.167107307824665,43.0,1
2,2018-02-24,RJ,13,1.8693468965361577,4.0,1
2,2018-02-25,RJ,0,0.0,0.0,0
2,2018-02-26,RJ,49,24.018448768727797,39.0,1
2,2018-02-27,RJ,77,24.62922038405663,52.0,1
2,2018-02-28,RJ,47,22.53547368388771,28.0,1
2,2018-03-01,RJ,41,22.84517846363856,23.0,1
2,2018-03-02,RJ,64,24.381077721264226,43.0,1
2,2018-03-03,RJ,13,1.9343605097297376,4.0,1
2,2018-03-04,RJ,0,0.0,0.0,0
2,2018-03-05,RJ,43,25.926673311181254,39.0,1
2,2018-03-06,RJ,47,28.072230386372166,52.0,1
2,2018-03-07,RJ,56,25.190943427406964,28.0,1
2,2018-03-08,RJ,52,23.00323193349418,23.0,1
2,2018-03-09,RJ,41,20.86514595146997,43.0,1
2,2018-03-10,RJ,13,1.5854053239145798,4.0,1
2,2018-03-11,RJ,0,0.0,0.0,0
2,2018-03-12,RJ,58,28.263283120805067,39.0,1
2,2018-03-13,RJ,55,27.101410933770122,52.0,1
2,2018-03-14,RJ,46,25.037225700016634,28.0,1
2,2018-03-15,RJ,20,22.716996230184435,23.0,1
2,2018-03-16,RJ,36,23.370859072599025,43.0,1
2,2018-03-17,RJ,7,1.723945293744627,4.0,1
2,2018-03-18,RJ,0,0.0,0.0,0
2,2018-03-19,RJ,35,26.46116800104253,39.0,1
2,2018-03-20,RJ,41,27.898683682129967,52.0,1
2,2018-03-21,RJ,49,25.141730973507844,28.0,1
2,2018-03-22,RJ,43,22.77064108308081,23.0,1
2,2018-03-23,RJ,34,20.469136487111946,43.0,1
2,2018-03-24,RJ,10,1.7482947597395744,4.0,1
2,2018-03-25,RJ,0,0.0,0.0,0
2,2018-03-26,RJ,29,27.616108874513138,39.0,1
2,2018-03-27,RJ,46,26.727004533444045,52.0,1
2,2018-03-28,RJ,38,24.999312003411283,28.0,1
2,2018-03-29,RJ,33,22.62070674333166,23.0,1
2,2018-03-30,RJ,6,0.0,43.0,0
2,2018-03-31,RJ,1,1.2700266036233243,4.0,1
2,2018-04-01,RJ,0,0.0,0.0,0
2,2018-04-02,RJ,42,27.106392988403442,39.0,1
2,2018-04-03,RJ,42,28.21627196712881,52.0,1
2,2018-04-04,RJ,45,26.094730484291134,28.0,1
2,2018-04-05,RJ,34,23.847523050792862,23.0,1
2,2018-04-06,RJ,14,14.421702069533428,43.0,1
2,2018-04-07,RJ,21,1.8313549404608191,4.0,1
2,2018-04-08,RJ,0,0.0,0.0,0
2,2018-04-09,RJ,30,27.454240274440938,39.0,1
2,2018-04-10,RJ,51,26.534305786845785,52.0,1
2,2018-04-11,RJ,35,25.185112860285848,28.0,1
2,2018-04-12,RJ,28,22.906792033274055,23.0,1
2,2018-04-13,RJ,27,21.48105269212381,43.0,1
2,2018-04-14,RJ,7,1.977153555225939,4.0,1
2,2018-04-15,RJ,0,0.0,0.0,0
2,2018-04-16,RJ,39,27.328498084813205,39.0,1
2,2018-04-17,RJ,53,27.875785333608043,52.0,1
2,2018-04-18,RJ,41,25.13724833897829,28.0,1
2,2018-04-19,RJ,42,23.99539359404701,23.0,1
2,2018-04-20,RJ,32,21.77725404311387,43.0,1
2,2018-04-21,RJ,3,1.650484689812096,4.0,1
2,2018-04-22,RJ,0,0.0,0.0,0
2,2018-04-23,RJ,40,28.863193726446973,39.0,1
2,2018-04-24,RJ,45,28.170508354902307,52.0,1
2,2018-04-25,RJ,44,26.58423484554335,28.0,1
2,2018-04-26,RJ,33,24.60412806247098,23.0,1
2,2018-04-27,RJ,43,24.014518783495525,43.0,1
2,2018-04-28,RJ,2,1.5171558857784053,4.0,1
2,2018-04-29,RJ,0,0.0,0.0,0
2,2018-04-30,RJ,44,29.915453319677624,39.0,1
2,2018-02-01,RN,2,0.41022278234083903,2.0,1
2,2018-02-02,RN,0,0.7211938255664824,2.0,1
2,2018-02-03,RN,0,0.3535212118753113,0.0,1
2,2018-02-04,RN,0,0.0,0.0,0
2,2018-02-05,RN,0,1.101086705116022,5.0,1
2,2018-02-06,RN,0,1.1830236270518188,1.0,1
2,2018-02-07,RN,2,1.186534732955203,0.0,1
2,2018-02-08,RN,0,0.708188360882232,2.0,1
2,2018-02-09,RN,2,0.7234154413606253,2.0,1
2,2018-02-10,RN,0,0.0033575248323458396,0.0,1
2,2018-02-11,RN,0,0.0,0.0,0
2,2018-02-12,RN,0,0.0,5.0,0
2,2018-02-13,RN,0,0.0,1.0,0
2,2018-02-14,RN,0,1.1173196598384116,0.0,1
2,2018-02-15,RN,2,0.8279722493512457,2.0,1
2,2018-02-16,RN,1,0.8298046278169039,2.0,1
2,2018-02-17,RN,0,0.002408114204348628,0.0,1
2,2018-02-18,RN,0,0.0,0.0,0
2,2018-02-19,RN,2,1.0785072170096224,5.0,1
2,2018-02-20,RN,4,0.9564970216805015,1.0,1
2,2018-02-21,RN,2,0.8515952832875635,0.0,1
2,2018-02-22,RN,1,0.6146981649532233,2.0,1
2,2018-02-23,RN,0,0.7473723261098031,2.0,1
2,2018-02-24,RN,0,0.00438920201850763,0.0,1
2,2018-02-25,RN,0,0.0,0.0,0
2,2018-02-26,RN,2,1.167082182709887,5.0,1
2,2018-02-27,RN,0,1.1030769656534334,1.0,1
2,2018-02-28,RN,3,0.9552535586028273,0.0,1
2,2018-03-01,RN,1,0.6080497846150569,2.0,1
2,2018-03-02,RN,1,0.6543447270718378,2.0,1
2,2018-03-03,RN,0,0.004395982464931672,0.0,1
2,2018-03-04,RN,0,0.0,0.0,0
2,2018-03-05,RN,5,1.0226428640441747,5.0,1
2,2018-03-06,RN,6,0.9586376469877194,1.0,1
2,2018-03-07,RN,2,0.9818088235357721,0.0,1
2,2018-03-08,RN,1,0.7553207320496356,2.0,1
2,2018-03-09,RN,0,0.7814287511371228,2.0,1
2,2018-03-10,RN,0,0.004231683158044884,0.0,1
2,2018-03-11,RN,0,0.0,0.0,0
2,2018-03-12,RN,0,0.9281479097053124,5.0,1
2,2018-03-13,RN,1,1.0090284869609059,1.0,1
2,2018-03-14,RN,0,1.032199663508958,0.0,1
2,2018-03-15,RN,1,0.6695391014217891,2.0,1
2,2018-03-16,RN,2,0.7811750097813904,2.0,1
2,2018-03-17,RN,0,0.0063313294343893016,0.0,1
2,2018-03-18,RN,0,0.0,0.0,0
2,2018-03-19,RN,0,1.0393616903806389,5.0,1
2,2018-03-20,RN,2,0.9235637321425006,1.0,1
2,2018-03-21,RN,0,1.0178638467192107,0.0,1
2,2018-03-22,RN,3,0.7857157420011026,2.0,1
2,2018-03-23,RN,2,0.6595192634574636,2.0,1
2,2018-03-24,RN,0,0.047799081893623974,0.0,1
2,2018-03-25,RN,0,0.0,0.0,0
2,2018-03-26,RN,0,1.0955691779169174,5.0,1
2,2018-03-27,RN,3,0.9360515937824242,1.0,1
2,2018-03-28,RN,2,0.9552923306199388,0.0,1
2,2018-03-29,RN,2,0.8259624670891368,2.0,1
2,2018-03-30,RN,0,0.0,2.0,0
2,2018-03-31,RN,0,0.0,0.0,1
2,2018-04-01,RN,0,0.0,0.0,0
2,2018-04-02,RN,2,0.9423185187655947,5.0,1
2,2018-04-03,RN,5,0.8783133017091415,1.0,1
2,2018-04-04,RN,2,1.050029303634213,0.0,1
2,2018-04-05,RN,1,0.7900462306784046,2.0,1
2,2018-04-06,RN,0,0.6653004108433106,2.0,1
2,2018-04-07,RN,0,0.0,0.0,1
2,2018-04-08,RN,0,0.0,0.0,0
2,2018-04-09,RN,2,1.0726759033479176,5.0,1
2,2018-04-10,RN,0,1.0086706862914645,1.0,1
2,2018-04-11,RN,0,0.9366274830483838,0.0,1
2,2018-04-12,RN,0,0.8072976195175808,2.0,1
2,2018-04-13,RN,3,0.9723713097243437,2.0,1
2,2018-04-14,RN,0,0.0,0.0,1
2,2018-04-15,RN,0,0.0,0.0,0
2,2018-04-16,RN,1,0.9753145460915918,5.0,1
2,2018-04-17,RN,2,0.9807184031855338,1.0,1
2,2018-04-18,RN,3,1.0027470734030448,0.0,1
2,2018-04-19,RN,0,1.049042356165765,2.0,1
2,2018-04-20,RN,4,1.0246525935459334,2.0,1
2,2018-04-21,RN,0,0.0,0.0,1
2,2018-04-22,RN,0,0.0,0.0,0
2,2018-04-23,RN,1,1.1915121846776504,5.0,1
2,2018-04-24,RN,6,1.231160871509136,1.0,1
2,2018-04-25,RN,2,1.001189686125196,0.0,1
2,2018-04-26,RN,0,0.7914085526893725,2.0,1
2,2018-04-27,RN,0,0.8123155232166618,2.0,1
2,2018-04-28,RN,0,0.0,0.0,1
2,2018-04-29,RN,0,0.0,0.0,0
2,2018-04-30,RN,1,1.0545452763214254,5.0,1
2,2018-02-01,RO,1,0.15037833771219264,0.0,1
2,2018-02-02,RO,0,0.13166136004930049,1.0,1
2,2018-02-03,RO,0,0.09092216787212011,0.0,1
2,2018-02-04,RO,0,0.0,0.0,0
2,2018-02-05,RO,1,0.608201264842011,1.0,1
2,2018-02-06,RO,0,0.5131234912411354,0.0,1
2,2018-02-07,RO,0,0.483702608066764,3.0,1
2,2018-02-08,RO,1,0.41640592506375734,0.0,1
2,2018-02-09,RO,1,0.39091356966580126,1.0,1
2,2018-02-10,RO,0,0.13907215129479814,0.0,1
2,2018-02-11,RO,0,0.0,0.0,0
2,2018-02-12,RO,0,0.0,1.0,0
2,2018-02-13,RO,0,0.0,0.0,0
2,2018-02-14,RO,0,0.5756494310146637,3.0,1
2,2018-02-15,RO,1,0.7167069744914414,0.0,1
2,2018-02-16,RO,0,0.40744857154665604,1.0,1
2,2018-02-17,RO,0,0.4016358375413064,0.0,1
2,2018-02-18,RO,0,0.0,0.0,0
2,2018-02-19,RO,0,0.5725903212526517,1.0,1
2,2018-02-20,RO,0,0.5302405633373167,0.0,1
2,2018-02-21,RO,2,0.6900163326942975,3.0,1
2,2018-02-22,RO,4,0.727010477838835,0.0,1
2,2018-02-23,RO,0,0.41775207489405036,1.0,1
2,2018-02-24,RO,0,0.40159806711937657,0.0,1
2,2018-02-25,RO,0,0.0,0.0,0
2,2018-02-26,RO,1,0.4754309467545433,1.0,1
2,2018-02-27,RO,1,0.4259488655306586,0.0,1
2,2018-02-28,RO,0,0.7235587192938479,3.0,1
2,2018-03-01,RO,0,0.7611173713107575,0.0,1
2,2018-03-02,RO,1,0.44573737002275354,1.0,1
2,2018-03-03,RO,0,0.3913052636895158,0.0,1
2,2018-03-04,RO,0,0.0,0.0,0
2,2018-03-05,RO,0,0.7422969988502545,1.0,1
2,2018-03-06,RO,2,0.6928149176263696,0.0,1
2,2018-03-07,RO,1,0.6530215388775978,3.0,1
2,2018-03-08,RO,0,0.6920951317409045,0.0,1
2,2018-03-09,RO,0,0.3843238268602489,1.0,1
2,2018-03-10,RO,0,0.3902519700476638,0.0,1
2,2018-03-11,RO,0,0.0,0.0,0
2,2018-03-12,RO,1,0.7650927130846271,1.0,1
2,2018-03-13,RO,2,0.6732413125317745,0.0,1
2,2018-03-14,RO,0,0.6881352189864377,3.0,1
2,2018-03-15,RO,1,0.6931258798634863,0.0,1
2,2018-03-16,RO,0,0.37645739653173194,1.0,1
2,2018-03-17,RO,0,0.39226290951296483,0.0,1
2,2018-03-18,RO,0,0.0,0.0,0
2,2018-03-19,RO,1,0.7314206994479066,1.0,1
2,2018-03-20,RO,0,0.6902315216519436,0.0,1
2,2018-03-21,RO,1,0.6738220634176127,3.0,1
2,2018-03-22,RO,0,0.7068702177251489,0.0,1
2,2018-03-23,RO,1,0.3586432196969057,1.0,1
2,2018-03-24,RO,0,0.4337533231931226,0.0,1
2,2018-03-25,RO,0,0.0,0.0,0
2,2018-03-26,RO,0,0.787650848205108,1.0,1
2,2018-03-27,RO,1,0.6957994476522552,0.0,1
2,2018-03-28,RO,1,0.7014661784131411,3.0,1
2,2018-03-29,RO,1,0.7401743459526479,0.0,1
2,2018-03-30,RO,0,0.0,1.0,0
2,2018-03-31,RO,0,0.34748781431676584,0.0,1
2,2018-04-01,RO,0,0.0,0.0,0
2,2018-04-02,RO,0,0.6679508975138221,1.0,1
2,2018-04-03,RO,0,0.6184688162899374,0.0,1
2,2018-04-04,RO,2,0.750637383831326,3.0,1
2,2018-04-05,RO,0,0.773717046335134,0.0,1
2,2018-04-06,RO,0,0.20741236858321227,1.0,1
2,2018-04-07,RO,0,0.4268294028013542,0.0,1
2,2018-04-08,RO,0,0.0,0.0,0
2,2018-04-09,RO,0,0.7557567011276621,1.0,1
2,2018-04-10,RO,0,0.6541880227557799,0.0,1
2,2018-04-11,RO,1,0.6730185401955252,3.0,1
2,2018-04-12,RO,1,0.7611478715905643,0.0,1
2,2018-04-13,RO,1,0.19699892463373656,1.0,1
2,2018-04-14,RO,0,0.42637695128595277,0.0,1
2,2018-04-15,RO,0,0.0,0.0,0
2,2018-04-16,RO,0,0.803645674987635,1.0,1
2,2018-04-17,RO,0,0.702531697183556,0.0,1
2,2018-04-18,RO,0,0.7162892786741102,3.0,1
2,2018-04-19,RO,2,0.8884573137311137,0.0,1
2,2018-04-20,RO,0,0.5394782715534506,1.0,1
2,2018-04-21,RO,0,0.4437086204302333,0.0,1
2,2018-04-22,RO,0,0.0,0.0,0
2,2018-04-23,RO,0,0.9267569700279518,1.0,1
2,2018-04-24,RO,0,0.8963524723397546,0.0,1
2,2018-04-25,RO,2,0.7577919207284926,3.0,1
2,2018-04-26,RO,1,0.763874004509485,0.0,1
2,2018-04-27,RO,0,0.43954223087090344,1.0,1
2,2018-04-28,RO,0,0.4436797310373233,0.0,1
2,2018-04-29,RO,0,0.0,0.0,0
2,2018-04-30,RO,0,0.9007112374650964,1.0,1
2,2018-02-01,RR,0,0.0,0.0,1
2,2018-02-02,RR,0,0.0,0.0,1
2,2018-02-03,RR,0,0.0009357946153083226,0.0,1
2,2018-02-04,RR,0,0.0,0.0,0
2,2018-02-05,RR,0,0.0,1.0,1
2,2018-02-06,RR,0,0.0,0.0,1
2,2018-02-07,RR,1,0.0,0.0,1
2,2018-02-08,RR,0,0.0,0.0,1
2,2018-02-09,RR,0,0.0,0.0,1
2,2018-02-10,RR,0,0.0,0.0,1
2,2018-02-11,RR,0,0.0,0.0,0
2,2018-02-12,RR,0,0.0,1.0,0
2,2018-02-13,RR,0,0.0,0.0,0
2,2018-02-14,RR,0,7.201391331568097e-35,0.0,1
2,2018-02-15,RR,0,0.0,0.0,1
2,2018-02-16,RR,0,0.0,0.0,1
2,2018-02-17,RR,0,0.00869949846200043,0.0,1
2,2018-02-18,RR,0,0.0,0.0,0
2,2018-02-19,RR,0,0.0,1.0,1
2,2018-02-20,RR,0,0.0,0.0,1
2,2018-02-21,RR,0,0.0,0.0,1
2,2018-02-22,RR,0,0.0,0.0,1
2,2018-02-23,RR,0,0.0,0.0,1
2,2018-02-24,RR,0,0.0,0.0,1
2,2018-02-25,RR,0,0.0,0.0,0
2,2018-02-26,RR,2,7.201391331568097e-35,1.0,1
2,2018-02-27,RR,1,0.0,0.0,1
2,2018-02-28,RR,0,0.0,0.0,1
2,2018-03-01,RR,1,0.0,0.0,1
2,2018-03-02,RR,1,0.0,0.0,1
2,2018-03-03,RR,0,0.008699477296339537,0.0,1
2,2018-03-04,RR,0,0.0,0.0,0
2,2018-03-05,RR,0,0.0,1.0,1
2,2018-03-06,RR,0,0.0,0.0,1
2,2018-03-07,RR,1,0.0,0.0,1
2,2018-03-08,RR,1,0.0,0.0,1
2,2018-03-09,RR,1,0.0,0.0,1
2,2018-03-10,RR,0,0.0,0.0,1
2,2018-03-11,RR,0,0.0,0.0,0
2,2018-03-12,RR,1,0.006651316178811756,1.0,1
2,2018-03-13,RR,0,0.0,0.0,1
2,2018-03-14,RR,0,0.0,0.0,1
2,2018-03-15,RR,0,0.0,0.0,1
2,2018-03-16,RR,0,0.0,0.0,1
2,2018-03-17,RR,0,0.010316569813082165,0.0,1
2,2018-03-18,RR,0,0.0,0.0,0
2,2018-03-19,RR,0,0.0,1.0,1
2,2018-03-20,RR,1,0.0,0.0,1
2,2018-03-21,RR,0,0.0,0.0,1
2,2018-03-22,RR,0,0.0,0.0,1
2,2018-03-23,RR,0,0.0,0.0,1
2,2018-03-24,RR,0,0.0,0.0,1
2,2018-03-25,RR,0,0.0,0.0,0
2,2018-03-26,RR,0,0.006651316178811756,1.0,1
2,2018-03-27,RR,0,0.0,0.0,1
2,2018-03-28,RR,0,0.0,0.0,1
2,2018-03-29,RR,0,0.0,0.0,1
2,2018-03-30,RR,0,0.0,0.0,0
2,2018-03-31,RR,0,0.010052515200918747,0.0,1
2,2018-04-01,RR,0,0.0,0.0,0
2,2018-04-02,RR,0,0.0,1.0,1
2,2018-04-03,RR,0,0.0,0.0,1
2,2018-04-04,RR,1,0.0,0.0,1
2,2018-04-05,RR,0,0.0,0.0,1
2,2018-04-06,RR,0,0.0,0.0,1
2,2018-04-07,RR,0,0.0,0.0,1
2,2018-04-08,RR,0,0.0,0.0,0
2,2018-04-09,RR,0,0.006651316178811756,1.0,1
2,2018-04-10,RR,0,0.0,0.0,1
2,2018-04-11,RR,0,0.0,0.0,1
2,2018-04-12,RR,0,0.0,0.0,1
2,2018-04-13,RR,0,0.0,0.0,1
2,2018-04-14,RR,0,0.008986641767142521,0.0,1
2,2018-04-15,RR,0,0.0,0.0,0
2,2018-04-16,RR,0,0.0,1.0,1
2,2018-04-17,RR,0,0.0,0.0,1
2,2018-04-18,RR,0,0.0,0.0,1
2,2018-04-19,RR,0,0.021357367488010672,0.0,1
2,2018-04-20,RR,0,0.018189803852556138,0.0,1
2,2018-04-21,RR,0,0.0,0.0,1
2,2018-04-22,RR,0,0.0,0.0,0
2,2018-04-23,RR,0,0.017323939148442657,1.0,1
2,2018-04-24,RR,0,0.07494613508994773,0.0,1
2,2018-04-25,RR,0,0.0,0.0,1
2,2018-04-26,RR,0,0.0,0.0,1
2,2018-04-27,RR,0,0.0,0.0,1
2,2018-04-28,RR,0,0.00895950586329999,0.0,1
2,2018-04-29,RR,0,0.0,0.0,0
2,2018-04-30,RR,0,0.0,1.0,1
2,2018-02-01,RS,16,14.998223404531414,12.0,1
2,2018-02-02,RS,17,14.171351788998928,17.0,1
2,2018-02-03,RS,6,0.5971590100317844,3.0,1
2,2018-02-04,RS,0,0.0,0.0,0
2,2018-02-05,RS,19,18.21058621974208,18.0,1
2,2018-02-06,RS,17,17.92537104587017,17.0,1
2,2018-02-07,RS,17,17.30995942453323,21.0,1
2,2018-02-08,RS,15,16.375676169617556,12.0,1
2,2018-02-09,RS,13,13.014495632952473,17.0,1
2,2018-02-10,RS,1,1.098532538576468,3.0,1
2,2018-02-11,RS,0,0.0,0.0,0
2,2018-02-12,RS,0,0.0,18.0,0
2,2018-02-13,RS,0,0.0,17.0,0
2,2018-02-14,RS,25,12.329777000910624,21.0,1
2,2018-02-15,RS,26,10.865318649132837,12.0,1
2,2018-02-16,RS,19,9.571952482904084,17.0,1
2,2018-02-17,RS,4,0.9523670388040556,3.0,1
2,2018-02-18,RS,0,0.0,0.0,0
2,2018-02-19,RS,23,10.180814355037336,18.0,1
2,2018-02-20,RS,26,11.279686872906238,17.0,1
2,2018-02-21,RS,22,11.702548720056457,21.0,1
2,2018-02-22,RS,17,11.432151571345852,12.0,1
2,2018-02-23,RS,13,11.593610620169331,17.0,1
2,2018-02-24,RS,5,1.6036002110502452,3.0,1
2,2018-02-25,RS,0,0.0,0.0,0
2,2018-02-26,RS,25,15.149652571375174,18.0,1
2,2018-02-27,RS,24,15.049940741839468,17.0,1
2,2018-02-28,RS,19,11.469504376840748,21.0,1
2,2018-03-01,RS,14,11.528120507961367,12.0,1
2,2018-03-02,RS,20,11.843401015567185,17.0,1
2,2018-03-03,RS,7,1.7577329889200808,3.0,1
2,2018-03-04,RS,0,0.0,0.0,0
2,2018-03-05,RS,18,12.92628661865866,18.0,1
2,2018-03-06,RS,23,13.02833231747264,17.0,1
2,2018-03-07,RS,18,12.32489238826615,21.0,1
2,2018-03-08,RS,10,11.983339087761175,12.0,1
2,2018-03-09,RS,16,11.903147474042866,17.0,1
2,2018-03-10,RS,2,1.5106534479464206,3.0,1
2,2018-03-11,RS,0,0.0,0.0,0
2,2018-03-12,RS,22,13.041844679784049,18.0,1
2,2018-03-13,RS,17,12.873082287603438,17.0,1
2,2018-03-14,RS,15,12.284661634586179,21.0,1
2,2018-03-15,RS,17,11.762116946768387,12.0,1
2,2018-03-16,RS,13,11.83325741962806,17.0,1
2,2018-03-17,RS,1,1.681324685868255,3.0,1
2,2018-03-18,RS,0,0.0,0.0,0
2,2018-03-19,RS,22,13.006491955952605,18.0,1
2,2018-03-20,RS,28,12.942417522932628,17.0,1
2,2018-03-21,RS,26,12.168821358872485,21.0,1
2,2018-03-22,RS,23,11.815505379655944,12.0,1
2,2018-03-23,RS,20,11.85508733781913,17.0,1
2,2018-03-24,RS,5,1.7039779386402905,3.0,1
2,2018-03-25,RS,0,0.0,0.0,0
2,2018-03-26,RS,10,13.078354646659028,18.0,1
2,2018-03-27,RS,31,12.942671926119164,17.0,1
2,2018-03-28,RS,16,12.065226626341838,21.0,1
2,2018-03-29,RS,20,11.704395277472706,12.0,1
2,2018-03-30,RS,1,0.0,17.0,0
2,2018-03-31,RS,1,1.3965451959067872,3.0,1
2,2018-04-01,RS,0,0.0,0.0,0
2,2018-04-02,RS,11,12.377485797481743,18.0,1
2,2018-04-03,RS,16,12.309511097036356,17.0,1
2,2018-04-04,RS,20,12.095005513781125,21.0,1
2,2018-04-05,RS,20,11.781569579568947,12.0,1
2,2018-04-06,RS,7,9.951610279303178,17.0,1
2,2018-04-07,RS,10,1.7027285123284763,3.0,1
2,2018-04-08,RS,0,0.0,0.0,0
2,2018-04-09,RS,11,13.332160528667275,18.0,1
2,2018-04-10,RS,20,13.012625006617599,17.0,1
2,2018-04-11,RS,19,12.13136211083347,21.0,1
2,2018-04-12,RS,13,11.877946009722319,12.0,1
2,2018-04-13,RS,17,13.248926460162751,17.0,1
2,2018-04-14,RS,2,1.8810083865668192,3.0,1
2,2018-04-15,RS,0,0.0,0.0,0
2,2018-04-16,RS,20,13.251842290496608,18.0,1
2,2018-04-17,RS,17,13.185096367016154,17.0,1
2,2018-04-18,RS,19,12.300908105723268,21.0,1
2,2018-04-19,RS,22,13.022116757842499,12.0,1
2,2018-04-20,RS,13,12.955956526976902,17.0,1
2,2018-04-21,RS,2,1.689191784037306,3.0,1
2,2018-04-22,RS,0,0.0,0.0,0
2,2018-04-23,RS,23,14.307419225373023,18.0,1
2,2018-04-24,RS,17,14.130017823866927,17.0,1
2,2018-04-25,RS,14,13.470972032579576,21.0,1
2,2018-04-26,RS,19,15.313579152246234,12.0,1
2,2018-04-27,RS,15,13.363904522606186,17.0,1
2,2018-04-28,RS,0,1.735381907811067,3.0,1
2,2018-04-29,RS,0,0.0,0.0,0
2,2018-04-30,RS,13,14.813313303928885,18.0,1
2,2018-02-01,SC,15,10.448271562558809,12.0,1
2,2018-02-02,SC,11,8.292839365506591,17.0,1
2,2018-02-03,SC,6,1.6583625858298587,1.0,1
2,2018-02-04,SC,0,0.0,0.0,0
2,2018-02-05,SC,16,10.47950895119324,12.0,1
2,2018-02-06,SC,17,9.674250061089918,15.0,1
2,2018-02-07,SC,9,10.318283206741285,10.0,1
2,2018-02-08,SC,13,9.933727030154486,12.0,1
2,2018-02-09,SC,10,9.865073027303616,17.0,1
2,2018-02-10,SC,1,1.1645753182366725,1.0,1
2,2018-02-11,SC,0,0.0,0.0,0
2,2018-02-12,SC,0,0.0,12.0,0
2,2018-02-13,SC,0,0.0,15.0,0
2,2018-02-14,SC,14,7.857397946786201,10.0,1
2,2018-02-15,SC,17,6.748155403665533,12.0,1
2,2018-02-16,SC,16,7.563347092337012,17.0,1
2,2018-02-17,SC,7,0.5889179653411118,1.0,1
2,2018-02-18,SC,0,0.0,0.0,0
2,2018-02-19,SC,10,8.250821600513701,12.0,1
2,2018-02-20,SC,10,8.13546668842554,15.0,1
2,2018-02-21,SC,19,8.186093990098387,10.0,1
2,2018-02-22,SC,14,7.850285778885857,12.0,1
2,2018-02-23,SC,13,7.824649558034832,17.0,1
2,2018-02-24,SC,3,0.7553191725550606,1.0,1
2,2018-02-25,SC,0,0.0,0.0,0
2,2018-02-26,SC,10,9.125476626726885,12.0,1
2,2018-02-27,SC,17,9.95366470717705,15.0,1
2,2018-02-28,SC,17,8.550285778004051,10.0,1
2,2018-03-01,SC,10,7.846900944201911,12.0,1
2,2018-03-02,SC,16,8.418142012243845,17.0,1
2,2018-03-03,SC,2,1.0113698516712437,1.0,1
2,2018-03-04,SC,0,0.0,0.0,0
2,2018-03-05,SC,14,9.693880076803675,12.0,1
2,2018-03-06,SC,7,9.589239514088295,15.0,1
2,2018-03-07,SC,15,8.864012584087236,10.0,1
2,2018-03-08,SC,19,8.375646963224575,12.0,1
2,2018-03-09,SC,8,8.428434640540207,17.0,1
2,2018-03-10,SC,2,1.1373084892600869,1.0,1
2,2018-03-11,SC,0,0.0,0.0,0
2,2018-03-12,SC,11,9.692413654332057,12.0,1
2,2018-03-13,SC,13,9.762789097381171,15.0,1
2,2018-03-14,SC,8,8.787639191451785,10.0,1
2,2018-03-15,SC,4,8.21157749856273,12.0,1
2,2018-03-16,SC,12,8.246662467195032,17.0,1
2,2018-03-17,SC,1,1.1950391269736569,1.0,1
2,2018-03-18,SC,0,0.0,0.0,0
2,2018-03-19,SC,16,9.796601151692496,12.0,1
2,2018-03-20,SC,14,9.721741577973916,15.0,1
2,2018-03-21,SC,12,8.72817595805216,10.0,1
2,2018-03-22,SC,13,8.26496593145029,12.0,1
2,2018-03-23,SC,18,8.268492385386102,17.0,1
2,2018-03-24,SC,0,1.213319457667997,1.0,1
2,2018-03-25,SC,0,0.0,0.0,0
2,2018-03-26,SC,5,9.868463842398919,12.0,1
2,2018-03-27,SC,13,9.721995981160452,15.0,1
2,2018-03-28,SC,5,8.64361626184037,10.0,1
2,2018-03-29,SC,11,8.172890865585908,12.0,1
2,2018-03-30,SC,1,0.0,17.0,0
2,2018-03-31,SC,0,0.9002459939961678,1.0,1
2,2018-04-01,SC,0,0.0,0.0,0
2,2018-04-02,SC,8,9.26518080240316,12.0,1
2,2018-04-03,SC,13,9.118712941164693,15.0,1
2,2018-04-04,SC,28,8.214792486323216,10.0,1
2,2018-04-05,SC,4,7.812401238833469,12.0,1
2,2018-04-06,SC,4,6.867440459022064,17.0,1
2,2018-04-07,SC,5,0.8430708842989733,1.0,1
2,2018-04-08,SC,0,0.0,0.0,0
2,2018-04-09,SC,4,9.882157407725591,12.0,1
2,2018-04-10,SC,15,9.642298719721428,15.0,1
2,2018-04-11,SC,6,8.720558640055422,10.0,1
2,2018-04-12,SC,10,8.345665963818645,12.0,1
2,2018-04-13,SC,8,9.168315536169391,17.0,1
2,2018-04-14,SC,1,1.2248652142051606,1.0,1
2,2018-04-15,SC,0,0.0,0.0,0
2,2018-04-16,SC,11,11.296000484237968,12.0,1
2,2018-04-17,SC,11,11.293843607895386,15.0,1
2,2018-04-18,SC,8,10.40382525231434,10.0,1
2,2018-04-19,SC,16,10.816873031475799,12.0,1
2,2018-04-20,SC,12,10.438152731774341,17.0,1
2,2018-04-21,SC,1,1.69506465037297,1.0,1
2,2018-04-22,SC,0,0.0,0.0,0
2,2018-04-23,SC,12,12.055703168421221,12.0,1
2,2018-04-24,SC,12,11.970458380697224,15.0,1
2,2018-04-25,SC,11,11.10920277605474,10.0,1
2,2018-04-26,SC,17,11.289679725911709,12.0,1
2,2018-04-27,SC,17,11.377526006583478,17.0,1
2,2018-04-28,SC,0,1.696788025058589,1.0,1
2,2018-04-29,SC,0,0.0,0.0,0
2,2018-04-30,SC,14,12.269970742111521,12.0,1
2,2018-02-01,SE,1,0.4099218414114565,0.0,1
2,2018-02-02,SE,1,0.34039274937645303,2.0,1
2,2018-02-03,SE,0,0.03918891617395757,0.0,1
2,2018-02-04,SE,0,0.0,0.0,0
2,2018-02-05,SE,0,0.8586709590020389,1.0,1
2,2018-02-06,SE,0,0.2912041752702678,0.0,1
2,2018-02-07,SE,1,0.6866553855077473,0.0,1
2,2018-02-08,SE,0,0.5885569422140459,0.0,1
2,2018-02-09,SE,0,0.6540357948641757,2.0,1
2,2018-02-10,SE,0,0.1845398586180086,0.0,1
2,2018-02-11,SE,0,0.0,0.0,0
2,2018-02-12,SE,0,0.0,1.0,0
2,2018-02-13,SE,0,0.0,0.0,0
2,2018-02-14,SE,0,0.5337700673372548,0.0,1
2,2018-02-15,SE,2,0.8419554869385535,0.0,1
2,2018-02-16,SE,0,0.4837748861467456,2.0,1
2,2018-02-17,SE,0,0.44710354486451703,0.0,1
2,2018-02-18,SE,0,0.0,0.0,0
2,2018-02-19,SE,1,0.7042791786884113,1.0,1
2,2018-02-20,SE,1,0.661929420773076,0.0,1
2,2018-02-21,SE,0,0.7845480759409991,0.0,1
2,2018-02-22,SE,3,0.824005580215459,0.0,1
2,2018-02-23,SE,1,0.465824979423651,2.0,1
2,2018-02-24,SE,0,0.44910778445768057,0.0,1
2,2018-02-25,SE,0,0.0,0.0,0
2,2018-02-26,SE,2,0.6323550521081066,1.0,1
2,2018-02-27,SE,1,0.5405036515552538,0.0,1
2,2018-02-28,SE,1,0.8412842502807736,0.0,1
2,2018-03-01,SE,0,0.8810776906332632,0.0,1
2,2018-03-02,SE,2,0.5170040622925788,2.0,1
2,2018-03-03,SE,0,0.4388218903437233,0.0,1
2,2018-03-04,SE,0,0.0,0.0,0
2,2018-03-05,SE,1,0.9082791742380781,1.0,1
2,2018-03-06,SE,0,0.8164277736852256,0.0,1
2,2018-03-07,SE,3,0.8254343550679585,0.0,1
2,2018-03-08,SE,3,0.8648918593424195,0.0,1
2,2018-03-09,SE,0,0.50819835661474,2.0,1
2,2018-03-10,SE,0,0.43571967737087447,0.0,1
2,2018-03-11,SE,0,0.0,0.0,0
2,2018-03-12,SE,2,0.943392854346918,1.0,1
2,2018-03-13,SE,1,0.8515414537940652,0.0,1
2,2018-03-14,SE,2,0.8605480351767981,0.0,1
2,2018-03-15,SE,1,0.8659226074650015,0.0,1
2,2018-03-16,SE,0,0.500331926286223,2.0,1
2,2018-03-17,SE,0,0.4377306168361755,0.0,1
2,2018-03-18,SE,0,0.0,0.0,0
2,2018-03-19,SE,0,0.9097208407101972,1.0,1
2,2018-03-20,SE,0,0.8685316629142344,0.0,1
2,2018-03-21,SE,0,0.8462348796079743,0.0,1
2,2018-03-22,SE,1,0.8796669453266635,0.0,1
2,2018-03-23,SE,2,0.4825177494513969,2.0,1
2,2018-03-24,SE,0,0.47922103051633325,0.0,1
2,2018-03-25,SE,0,0.0,0.0,0
2,2018-03-26,SE,0,0.9659509894673989,1.0,1
2,2018-03-27,SE,0,0.7446986093543161,0.0,1
2,2018-03-28,SE,1,0.8738789946035026,0.0,1
2,2018-03-29,SE,0,0.9129710735541624,0.0,1
2,2018-03-30,SE,0,0.0,2.0,0
2,2018-03-31,SE,0,0.0,0.0,1
2,2018-04-01,SE,0,0.0,0.0,0
2,2018-04-02,SE,1,0.6760992955399349,1.0,1
2,2018-04-03,SE,1,0.6135708363969932,0.0,1
2,2018-04-04,SE,1,0.7540166740317724,0.0,1
2,2018-04-05,SE,0,0.5232243176474889,0.0,1
2,2018-04-06,SE,1,0.3191936423889481,2.0,1
2,2018-04-07,SE,0,0.266724420075245,0.0,1
2,2018-04-08,SE,0,0.0,0.0,0
2,2018-04-09,SE,2,0.8751342474670767,1.0,1
2,2018-04-10,SE,1,0.8251974656753888,0.0,1
2,2018-04-11,SE,0,0.8108631888771869,0.0,1
2,2018-04-12,SE,1,0.8498239828219537,0.0,1
2,2018-04-13,SE,1,0.23512434045959527,2.0,1
2,2018-04-14,SE,0,0.16479935331910622,0.0,1
2,2018-04-15,SE,0,0.0,0.0,0
2,2018-04-16,SE,0,0.8325488905267595,1.0,1
2,2018-04-17,SE,0,0.6920922938543956,0.0,1
2,2018-04-18,SE,0,0.8541339273557719,0.0,1
2,2018-04-19,SE,0,1.0266858738239295,0.0,1
2,2018-04-20,SE,0,0.7347276640249388,2.0,1
2,2018-04-21,SE,0,0.05374825269647628,0.0,1
2,2018-04-22,SE,0,0.0,0.0,0
2,2018-04-23,SE,0,1.0193482281739465,1.0,1
2,2018-04-24,SE,0,0.9756735232165056,0.0,1
2,2018-04-25,SE,0,0.7141016018621644,0.0,1
2,2018-04-26,SE,2,0.5043204684263415,0.0,1
2,2018-04-27,SE,1,0.634567793992204,2.0,1
2,2018-04-28,SE,0,0.053719363303566185,0.0,1
2,2018-04-29,SE,0,0.0,0.0,0
2,2018-04-30,SE,2,0.9609580868875357,1.0,1
2,2018-02-01,SP,100,128.86498066328582,108.0,1
2,2018-02-02,SP,104,130.36456102234197,144.0,1
2,2018-02-03,SP,34,18.080018631690173,10.0,1
2,2018-02-04,SP,0,0.0,0.0,0
2,2018-02-05,SP,119,139.31837030438876,147.0,1
2,2018-02-06,SP,158,139.60119951519218,136.0,1
2,2018-02-07,SP,132,136.19232722240054,134.0,1
2,2018-02-08,SP,106,129.98267338188967,108.0,1
2,2018-02-09,SP,141,130.52852096527118,144.0,1
2,2018-02-10,SP,16,17.10567169959596,10.0,1
2,2018-02-11,SP,1,0.0,0.0,0
2,2018-02-12,SP,0,0.0,147.0,0
2,2018-02-13,SP,0,0.0,136.0,0
2,2018-02-14,SP,200,115.15122977979703,134.0,1
2,2018-02-15,SP,174,105.62398436028253,108.0,1
2,2018-02-16,SP,185,111.42981184294614,144.0,1
2,2018-02-17,SP,37,17.640992476680207,10.0,1
2,2018-02-18,SP,0,0.0,0.0,0
2,2018-02-19,SP,131,92.92772200992653,147.0,1
2,2018-02-20,SP,143,105.95916913791262,136.0,1
2,2018-02-21,SP,170,131.2052436774248,134.0,1
2,2018-02-22,SP,123,124.99004151801923,108.0,1
2,2018-02-23,SP,76,125.53588910140078,144.0,1
2,2018-02-24,SP,37,12.226147452958006,10.0,1
2,2018-02-25,SP,0,0.0,0.0,0
2,2018-02-26,SP,116,130.67746324420713,147.0,1
2,2018-02-27,SP,198,134.02824479014356,136.0,1
2,2018-02-28,SP,126,135.74771138005897,134.0,1
2,2018-03-01,SP,104,128.62218105497087,108.0,1
2,2018-03-02,SP,142,130.1251194138856,144.0,1
2,2018-03-03,SP,26,14.94740586485827,10.0,1
2,2018-03-04,SP,1,0.0,0.0,0
2,2018-03-05,SP,126,138.91161075314457,147.0,1
2,2018-03-06,SP,162,139.19443996394799,136.0,1
2,2018-03-07,SP,133,135.78556767115634,134.0,1
2,2018-03-08,SP,135,129.5792718305041,108.0,1
2,2018-03-09,SP,107,130.3612222656966,144.0,1
2,2018-03-10,SP,27,17.075798161792875,10.0,1
2,2018-03-11,SP,0,0.0,0.0,0
2,2018-03-12,SP,122,139.36232440936632,147.0,1
2,2018-03-13,SP,148,139.612073948529,136.0,1
2,2018-03-14,SP,117,135.96317205967296,134.0,1
2,2018-03-15,SP,97,129.76108156692783,108.0,1
2,2018-03-16,SP,111,130.29951906992238,144.0,1
2,2018-03-17,SP,15,17.216777525815026,10.0,1
2,2018-03-18,SP,0,0.0,0.0,0
2,2018-03-19,SP,148,138.90415902064677,147.0,1
2,2018-03-20,SP,171,139.2588529389789,136.0,1
2,2018-03-21,SP,156,135.83156493219488,134.0,1
2,2018-03-22,SP,107,129.62526909154263,108.0,1
2,2018-03-23,SP,163,130.13214807984068,144.0,1
2,2018-03-24,SP,17,17.046009650296455,10.0,1
2,2018-03-25,SP,1,0.0,0.0,0
2,2018-03-26,SP,112,138.98193814459398,147.0,1
2,2018-03-27,SP,237,139.2647673553974,136.0,1
2,2018-03-28,SP,126,135.66900211677276,134.0,1
2,2018-03-29,SP,135,129.44953089323596,108.0,1
2,2018-03-30,SP,13,0.0,144.0,0
2,2018-03-31,SP,6,16.87702790234099,10.0,1
2,2018-04-01,SP,0,0.0,0.0,0
2,2018-04-02,SP,121,138.35335365875835,147.0,1
2,2018-04-03,SP,166,138.63618286956174,136.0,1
2,2018-04-04,SP,205,135.65012913156133,134.0,1
2,2018-04-05,SP,155,129.4435542791459,108.0,1
2,2018-04-06,SP,45,102.1815336847283,144.0,1
2,2018-04-07,SP,102,17.244352235738717,10.0,1
2,2018-04-08,SP,0,0.0,0.0,0
2,2018-04-09,SP,119,138.72586493642456,147.0,1
2,2018-04-10,SP,184,139.00869414722797,136.0,1
2,2018-04-11,SP,141,135.59982185443633,134.0,1
2,2018-04-12,SP,104,129.4877658786575,108.0,1
2,2018-04-13,SP,103,125.07062337649499,144.0,1
2,2018-04-14,SP,12,17.25973004805278,10.0,1
2,2018-04-15,SP,0,0.0,0.0,0
2,2018-04-16,SP,139,138.76614878933285,147.0,1
2,2018-04-17,SP,181,139.1599233460395,136.0,1
2,2018-04-18,SP,113,135.7510510532479,134.0,1
2,2018-04-19,SP,139,130.6136198306993,108.0,1
2,2018-04-20,SP,117,131.07610023560795,144.0,1
2,2018-04-21,SP,14,17.730136036800197,10.0,1
2,2018-04-22,SP,0,0.0,0.0,0
2,2018-04-23,SP,139,139.93241673935609,147.0,1
2,2018-04-24,SP,189,140.27646902367394,136.0,1
2,2018-04-25,SP,148,136.97073258030787,134.0,1
2,2018-04-26,SP,124,131.03482680919646,108.0,1
2,2018-04-27,SP,131,131.787055457574,144.0,1
2,2018-04-28,SP,4,17.730619006602318,10.0,1
2,2018-04-29,SP,0,0.0,0.0,0
2,2018-04-30,SP,174,140.19324538013467,147.0,1
2,2018-02-01,TO,0,0.36713143726843117,0.0,1
2,2018-02-02,TO,2,0.330437887004043,1.0,1
2,2018-02-03,TO,1,0.0,0.0,1
2,2018-02-04,TO,0,0.0,0.0,0
2,2018-02-05,TO,2,0.0,0.0,1
2,2018-02-06,TO,0,0.0,0.0,1
2,2018-02-07,TO,0,0.0,0.0,1
2,2018-02-08,TO,1,0.06244474636239888,0.0,1
2,2018-02-09,TO,0,0.0631786773550815,1.0,1
2,2018-02-10,TO,0,0.0,0.0,1
2,2018-02-11,TO,0,0.0,0.0,0
2,2018-02-12,TO,0,0.0,0.0,0
2,2018-02-13,TO,0,0.0,0.0,0
2,2018-02-14,TO,4,0.0,0.0,1
2,2018-02-15,TO,0,0.10050224037263,0.0,1
2,2018-02-16,TO,0,0.07971367923593624,1.0,1
2,2018-02-17,TO,0,0.0,0.0,1
2,2018-02-18,TO,0,0.0,0.0,0
2,2018-02-19,TO,0,0.0,0.0,1
2,2018-02-20,TO,1,0.0,0.0,1
2,2018-02-21,TO,2,0.0,0.0,1
2,2018-02-22,TO,1,0.06227474145833959,0.0,1
2,2018-02-23,TO,1,0.04148618032164598,1.0,1
2,2018-02-24,TO,0,0.0,0.0,1
2,2018-02-25,TO,0,0.0,0.0,0
2,2018-02-26,TO,1,0.0,0.0,1
2,2018-02-27,TO,3,0.0,0.0,1
2,2018-02-28,TO,1,0.0,0.0,1
2,2018-03-01,TO,2,0.0963816349302622,0.0,1
2,2018-03-02,TO,1,0.06947147545034942,1.0,1
2,2018-03-03,TO,0,0.0,0.0,1
2,2018-03-04,TO,0,0.0,0.0,0
2,2018-03-05,TO,2,0.0,0.0,1
2,2018-03-06,TO,0,0.0,0.0,1
2,2018-03-07,TO,0,0.0,0.0,1
2,2018-03-08,TO,1,0.08911035826316122,0.0,1
2,2018-03-09,TO,3,0.06675350656735617,1.0,1
2,2018-03-10,TO,0,0.0,0.0,1
2,2018-03-11,TO,0,0.0,0.0,0
2,2018-03-12,TO,0,0.0,0.0,1
2,2018-03-13,TO,1,0.0,0.0,1
2,2018-03-14,TO,1,0.0,0.0,1
2,2018-03-15,TO,1,0.09011233823950753,0.0,1
2,2018-03-16,TO,1,0.06191369671584454,1.0,1
2,2018-03-17,TO,0,0.0,0.0,1
2,2018-03-18,TO,0,0.0,0.0,0
2,2018-03-19,TO,1,0.0,0.0,1
2,2018-03-20,TO,2,0.0,0.0,1
2,2018-03-21,TO,0,0.0,0.0,1
2,2018-03-22,TO,2,0.10381385264180772,0.0,1
2,2018-03-23,TO,0,0.04405669642165589,1.0,1
2,2018-03-24,TO,0,0.0,0.0,1
2,2018-03-25,TO,0,0.0,0.0,0
2,2018-03-26,TO,0,0.0,0.0,1
2,2018-03-27,TO,1,0.0,0.0,1
2,2018-03-28,TO,0,0.0,0.0,1
2,2018-03-29,TO,1,0.1371179808693068,0.0,1
2,2018-03-30,TO,0,0.0,1.0,0
2,2018-03-31,TO,0,0.0,0.0,1
2,2018-04-01,TO,0,0.0,0.0,0
2,2018-04-02,TO,0,0.0,0.0,1
2,2018-04-03,TO,2,0.0,0.0,1
2,2018-04-04,TO,3,0.0,0.0,1
2,2018-04-05,TO,0,0.12120735822578033,0.0,1
2,2018-04-06,TO,1,0.0,1.0,1
2,2018-04-07,TO,1,0.0,0.0,1
2,2018-04-08,TO,0,0.0,0.0,0
2,2018-04-09,TO,1,0.0,0.0,1
2,2018-04-10,TO,2,0.0,0.0,1
2,2018-04-11,TO,2,0.0,0.0,1
2,2018-04-12,TO,0,0.10910295969953826,0.0,1
2,2018-04-13,TO,0,0.0,1.0,1
2,2018-04-14,TO,0,0.0,0.0,1
2,2018-04-15,TO,0,0.0,0.0,0
2,2018-04-16,TO,0,0.0,0.0,1
2,2018-04-17,TO,2,0.0,0.0,1
2,2018-04-18,TO,1,0.0,0.0,1
2,2018-04-19,TO,1,0.28171035516120363,0.0,1
2,2018-04-20,TO,1,0.03138252345783401,1.0,1
2,2018-04-21,TO,0,0.0,0.0,1
2,2018-04-22,TO,0,0.0,0.0,0
2,2018-04-23,TO,0,0.03539530979639209,0.0,1
2,2018-04-24,TO,0,0.08964141979765945,0.0,1
2,2018-04-25,TO,2,0.0,0.0,1
2,2018-04-26,TO,0,0.15019984700055364,0.0,1
2,2018-04-27,TO,1,0.12121305504829319,1.0,1
2,2018-04-28,TO,0,0.0,0.0,1
2,2018-04-29,TO,0,0.0,0.0,0
2,2018-04-30,TO,2,0.2454821518889637,0.0,1
3,2018-05-01,AC,0,0.0,0.0,0
3,2018-05-02,AC,0,0.017446360967068687,0.0,1
3,2018-05-03,AC,0,0.01926485778803247,0.0,1
3,2018-05-04,AC,0,0.0006586621642136923,0.0,1
3,2018-05-05,AC,0,0.006642887094761414,0.0,1
3,2018-05-06,AC,0,0.0,0.0,0
3,2018-05-07,AC,0,0.02426554559061897,1.0,1
3,2018-05-08,AC,0,0.04109560394061133,0.0,1
3,2018-05-09,AC,1,0.0,0.0,1
3,2018-05-10,AC,0,0.0,0.0,1
3,2018-05-11,AC,0,0.0,0.0,1
3,2018-05-12,AC,0,0.0,0.0,1
3,2018-05-13,AC,0,0.0,0.0,0
3,2018-05-14,AC,0,0.01710819130982559,1.0,1
3,2018-05-15,AC,0,0.044468517125445556,0.0,1
3,2018-05-16,AC,0,0.014868970038558155,0.0,1
3,2018-05-17,AC,0,0.014276487866300513,0.0,1
3,2018-05-18,AC,0,0.0,0.0,1
3,2018-05-19,AC,0,0.0,0.0,1
3,2018-05-20,AC,0,0.0,0.0,0
3,2018-05-21,AC,0,0.015107179138491442,1.0,1
3,2018-05-22,AC,0,0.02305460357422257,0.0,1
3,2018-05-23,AC,0,0.004885427459482492,0.0,1
3,2018-05-24,AC,0,0.0,0.0,1
3,2018-05-25,AC,0,0.0,0.0,1
3,2018-05-26,AC,0,0.017204138125356105,0.0,1
3,2018-05-27,AC,0,0.0,0.0,0
3,2018-05-28,AC,0,0.038645826570237456,1.0,1
3,2018-05-29,AC,0,0.019970054653508398,0.0,1
3,2018-05-30,AC,0,0.0019920789768201014,0.0,1
3,2018-05-31,AC,0,0.0,0.0,0
3,2018-06-01,AC,1,0.019099119251378218,0.0,1
3,2018-06-02,AC,0,0.00889970194833941,0.0,1
3,2018-06-03,AC,0,0.0,0.0,0
3,2018-06-04,AC,0,0.036640739205444424,1.0,1
3,2018-06-05,AC,0,0.02108665438445772,0.0,1
3,2018-06-06,AC,0,0.003108678707769425,0.0,1
3,2018-06-07,AC,0,0.03145535889493892,0.0,1
3,2018-06-08,AC,0,0.0,0.0,1
3,2018-06-09,AC,0,0.0,0.0,1
3,2018-06-10,AC,0,0.0,0.0,0
3,2018-06-11,AC,0,0.04716276515909431,1.0,1
3,2018-06-12,AC,0,0.038228302377580306,0.0,1
3,2018-06-13,AC,0,0.020250326700892003,0.0,1
3,2018-06-14,AC,0,0.004497400112291532,0.0,1
3,2018-06-15,AC,0,0.03363867721416345,0.0,1
3,2018-06-16,AC,0,0.0,0.0,1
3,2018-06-17,AC,0,0.0,0.0,0
3,2018-06-18,AC,0,0.08008128504821761,1.0,1
3,2018-06-19,AC,1,0.0614055131314886,0.0,1
3,2018-06-20,AC,0,0.0,0.0,1
3,2018-06-21,AC,0,0.0,0.0,1
3,2018-06-22,AC,0,0.0,0.0,1
3,2018-06-23,AC,0,0.01745619262409443,0.0,1
3,2018-06-24,AC,0,0.0,0.0,0
3,2018-06-25,AC,0,0.029774872869621223,1.0,1
3,2018-06-26,AC,0,0.011099100952892167,0.0,1
3,2018-06-27,AC,1,0.015683883171216016,0.0,1
3,2018-06-28,AC,0,0.01523279383622526,0.0,1
3,2018-06-29,AC,1,0.0,0.0,1
3,2018-06-30,AC,0,0.0,0.0,1
3,2018-05-01,AL,0,0.0,2.0,0
3,2018-05-02,AL,0,1.6309367994435793,2.0,1
3,2018-05-03,AL,2,0.9642451309951874,1.0,1
3,2018-05-04,AL,1,0.9612699198167933,2.0,1
3,2018-05-05,AL,0,0.0,0.0,1
3,2018-05-06,AL,0,0.0,0.0,0
3,2018-05-07,AL,2,0.6583452911859554,0.0,1
3,2018-05-08,AL,1,1.016775677256015,2.0,1
3,2018-05-09,AL,1,1.011101151278537,2.0,1
3,2018-05-10,AL,2,1.0551882797431669,1.0,1
3,2018-05-11,AL,0,0.7798274262492054,2.0,1
3,2018-05-12,AL,0,0.0,0.0,1
3,2018-05-13,AL,0,0.0,0.0,0
3,2018-05-14,AL,0,0.963669923324845,0.0,1
3,2018-05-15,AL,1,1.3004825203811392,2.0,1
3,2018-05-16,AL,3,1.0839293734922153,2.0,1
3,2018-05-17,AL,0,1.0914559682088216,1.0,1
3,2018-05-18,AL,1,0.9253996621248024,2.0,1
3,2018-05-19,AL,0,0.0,0.0,1
3,2018-05-20,AL,0,0.0,0.0,0
3,2018-05-21,AL,1,0.7912632496607601,0.0,1
3,2018-05-22,AL,0,1.1333719707453844,2.0,1
3,2018-05-23,AL,0,1.2470902783596944,2.0,1
3,2018-05-24,AL,1,1.1057768984099356,1.0,1
3,2018-05-25,AL,0,1.0184879666051776,2.0,1
3,2018-05-26,AL,0,0.0,0.0,1
3,2018-05-27,AL,0,0.0,0.0,0
3,2018-05-28,AL,0,1.0188125858500015,0.0,1
3,2018-05-29,AL,1,1.2977477416755716,2.0,1
3,2018-05-30,AL,0,1.2282581403043764,2.0,1
3,2018-05-31,AL,0,0.0,1.0,0
3,2018-06-01,AL,0,1.0159054165797616,2.0,1
3,2018-06-02,AL,1,0.0,0.0,1
3,2018-06-03,AL,0,0.0,0.0,0
3,2018-06-04,AL,4,1.0159274164534076,0.0,1
3,2018-06-05,AL,2,1.3056978707522495,2.0,1
3,2018-06-06,AL,0,1.2592054058027757,2.0,1
3,2018-06-07,AL,0,1.519042487240838,1.0,1
3,2018-06-08,AL,0,1.4223112108690226,2.0,1
3,2018-06-09,AL,0,0.0,0.0,1
3,2018-06-10,AL,0,0.0,0.0,0
3,2018-06-11,AL,2,1.1249519227449771,0.0,1
3,2018-06-12,AL,2,1.350866535123698,2.0,1
3,2018-06-13,AL,0,1.2813769337525025,2.0,1
3,2018-06-14,AL,3,2.0357845310280203,1.0,1
3,2018-06-15,AL,3,1.7173483095941513,2.0,1
3,2018-06-16,AL,0,0.0,0.0,1
3,2018-06-17,AL,0,0.0,0.0,0
3,2018-06-18,AL,1,1.3643894377245624,0.0,1
3,2018-06-19,AL,1,1.5797105140535563,2.0,1
3,2018-06-20,AL,0,0.9685368911395221,2.0,1
3,2018-06-21,AL,1,0.7525289054219265,1.0,1
3,2018-06-22,AL,0,0.8590964612583942,2.0,1
3,2018-06-23,AL,0,0.0,0.0,1
3,2018-06-24,AL,0,0.0,0.0,0
3,2018-06-25,AL,2,0.7868378187519812,0.0,1
3,2018-06-26,AL,0,1.1409658286339788,2.0,1
3,2018-06-27,AL,2,1.0117170889335152,2.0,1
3,2018-06-28,AL,3,0.9675458279841589,1.0,1
3,2018-06-29,AL,0,0.9518942938072267,2.0,1
3,2018-06-30,AL,0,0.0,0.0,1
3,2018-05-01,AM,0,0.0,0.0,0
3,2018-05-02,AM,0,0.027669113669476414,0.0,1
3,2018-05-03,AM,2,0.029627686917819737,0.0,1
3,2018-05-04,AM,0,0.05146530489511779,1.0,1
3,2018-05-05,AM,0,0.0,0.0,1
3,2018-05-06,AM,0,0.0,0.0,0
3,2018-05-07,AM,1,0.0,0.0,1
3,2018-05-08,AM,1,0.05155388763991857,0.0,1
3,2018-05-09,AM,0,0.06654482394809724,0.0,1
3,2018-05-10,AM,1,0.06685491420043692,0.0,1
3,2018-05-11,AM,0,0.0,1.0,1
3,2018-05-12,AM,0,0.0,0.0,1
3,2018-05-13,AM,0,0.0,0.0,0
3,2018-05-14,AM,0,0.036630335479708814,0.0,1
3,2018-05-15,AM,2,0.11705196292418686,0.0,1
3,2018-05-16,AM,0,0.04761431562748569,0.0,1
3,2018-05-17,AM,0,0.04744310064143657,0.0,1
3,2018-05-18,AM,0,0.0,1.0,1
3,2018-05-19,AM,0,0.0,0.0,1
3,2018-05-20,AM,0,0.0,0.0,0
3,2018-05-21,AM,0,0.06976863457711073,0.0,1
3,2018-05-22,AM,1,0.038702933827320526,0.0,1
3,2018-05-23,AM,0,0.03846038969242959,0.0,1
3,2018-05-24,AM,0,0.024161202503643696,0.0,1
3,2018-05-25,AM,0,0.0,1.0,1
3,2018-05-26,AM,0,0.011938909713249027,0.0,1
3,2018-05-27,AM,0,0.0,0.0,0
3,2018-05-28,AM,0,0.037406585344991285,0.0,1
3,2018-05-29,AM,0,0.01827754289358417,0.0,1
3,2018-05-30,AM,0,6.403621999636663e-05,0.0,1
3,2018-05-31,AM,0,0.0,0.0,0
3,2018-06-01,AM,0,0.015297783089170921,1.0,1
3,2018-06-02,AM,0,0.03651415573082952,0.0,1
3,2018-06-03,AM,0,0.0,0.0,0
3,2018-06-04,AM,1,0.03562897734003844,0.0,1
3,2018-06-05,AM,0,0.03108739050378198,0.0,1
3,2018-06-06,AM,3,0.012873883830194204,0.0,1
3,2018-06-07,AM,0,0.0,0.0,1
3,2018-06-08,AM,0,0.033023304935926895,1.0,1
3,2018-06-09,AM,0,0.0,0.0,1
3,2018-06-10,AM,0,0.0,0.0,0
3,2018-06-11,AM,1,0.057676887764620245,0.0,1
3,2018-06-12,AM,0,0.04791022522770249,0.0,1
3,2018-06-13,AM,0,0.0296967185541147,0.0,1
3,2018-06-14,AM,2,0.03664025986519763,0.0,1
3,2018-06-15,AM,0,0.018765169046997605,1.0,1
3,2018-06-16,AM,0,0.0,0.0,1
3,2018-06-17,AM,0,0.0,0.0,0
3,2018-06-18,AM,0,0.0902164784330179,0.0,1
3,2018-06-19,AM,0,0.07108743598161084,0.0,1
3,2018-06-20,AM,0,0.0,0.0,1
3,2018-06-21,AM,0,0.08092288580630969,0.0,1
3,2018-06-22,AM,1,0.0,1.0,1
3,2018-06-23,AM,0,0.012102675530280613,0.0,1
3,2018-06-24,AM,0,0.0,0.0,0
3,2018-06-25,AM,0,0.028394638078284334,0.0,1
3,2018-06-26,AM,0,0.009265595626877217,0.0,1
3,2018-06-27,AM,0,0.0024079242483256956,0.0,1
3,2018-06-28,AM,0,0.0,0.0,1
3,2018-06-29,AM,0,0.0,1.0,1
3,2018-06-30,AM,0,0.021326438187849336,0.0,1
3,2018-05-01,AP,0,0.0,0.0,0
3,2018-05-02,AP,0,7.201391331568097e-35,0.0,1
3,2018-05-03,AP,0,0.014318916913077892,0.0,1
3,2018-05-04,AP,0,0.0,0.0,1
3,2018-05-05,AP,0,0.0,0.0,1
3,2018-05-06,AP,0,0.0,0.0,0
3,2018-05-07,AP,1,0.030386849970478733,0.0,1
3,2018-05-08,AP,1,0.0403440297490163,0.0,1
3,2018-05-09,AP,0,0.00022168352746349508,0.0,1
3,2018-05-10,AP,2,0.0003916973524236093,0.0,1
3,2018-05-11,AP,0,0.0,0.0,1
3,2018-05-12,AP,0,0.0,0.0,1
3,2018-05-13,AP,0,0.0,0.0,0
3,2018-05-14,AP,0,0.013598757553042438,0.0,1
3,2018-05-15,AP,0,0.030095469363024662,0.0,1
3,2018-05-16,AP,1,0.038804071971805784,0.0,1
3,2018-05-17,AP,0,0.03821158979954814,0.0,1
3,2018-05-18,AP,0,0.005987214460519664,0.0,1
3,2018-05-19,AP,0,0.0,0.0,1
3,2018-05-20,AP,0,0.0,0.0,0
3,2018-05-21,AP,0,0.0010533543030857072,0.0,1
3,2018-05-22,AP,0,0.009000778738816828,0.0,1
3,2018-05-23,AP,0,0.02965014603674971,0.0,1
3,2018-05-24,AP,0,0.014929691661755295,0.0,1
3,2018-05-25,AP,0,0.0,0.0,1
3,2018-05-26,AP,0,0.008852911863338734,0.0,1
3,2018-05-27,AP,0,0.0,0.0,0
3,2018-05-28,AP,0,0.025068351236325073,0.0,1
3,2018-05-29,AP,0,0.0063925793195960265,0.0,1
3,2018-05-30,AP,0,0.009070984078832053,0.0,1
3,2018-05-31,AP,0,0.0,0.0,0
3,2018-06-01,AP,0,0.0,0.0,1
3,2018-06-02,AP,0,0.014018608036346655,0.0,1
3,2018-06-03,AP,0,0.0,0.0,0
3,2018-06-04,AP,1,0.02306326008886967,0.0,1
3,2018-06-05,AP,0,0.007509175267882973,0.0,1
3,2018-06-06,AP,0,0.010187580027118998,0.0,1
3,2018-06-07,AP,0,0.0,0.0,1
3,2018-06-08,AP,0,0.0,0.0,1
3,2018-06-09,AP,0,0.0,0.0,1
3,2018-06-10,AP,0,0.0,0.0,0
3,2018-06-11,AP,1,0.03358528604251955,0.0,1
3,2018-06-12,AP,0,0.02465082326100554,0.0,1
3,2018-06-13,AP,0,0.027329228020241566,0.0,1
3,2018-06-14,AP,0,0.023329598904434055,0.0,1
3,2018-06-15,AP,0,0.014347250365614808,0.0,1
3,2018-06-16,AP,0,0.0,0.0,1
3,2018-06-17,AP,0,0.0,0.0,0
3,2018-06-18,AP,0,0.06650380593164291,0.0,1
3,2018-06-19,AP,0,0.047828034014913846,0.0,1
3,2018-06-20,AP,0,0.0,0.0,1
3,2018-06-21,AP,0,0.03015571463015646,0.0,1
3,2018-06-22,AP,0,0.0,0.0,1
3,2018-06-23,AP,0,0.009104966362077058,0.0,1
3,2018-06-24,AP,0,0.0,0.0,0
3,2018-06-25,AP,0,0.01619739375304649,0.0,1
3,2018-06-26,AP,0,0.0,0.0,1
3,2018-06-27,AP,0,0.009209548459905228,0.0,1
3,2018-06-28,AP,1,0.0,0.0,1
3,2018-06-29,AP,0,0.0,0.0,1
3,2018-06-30,AP,0,0.0,0.0,1
3,2018-05-01,BA,0,0.0,13.0,0
3,2018-05-02,BA,11,11.140407141410064,14.0,1
3,2018-05-03,BA,18,11.73080815940427,12.0,1
3,2018-05-04,BA,15,11.897509547855856,11.0,1
3,2018-05-05,BA,2,0.7175410539593975,0.0,1
3,2018-05-06,BA,0,0.0,0.0,0
3,2018-05-07,BA,15,12.163171218369483,11.0,1
3,2018-05-08,BA,21,10.311627387943451,13.0,1
3,2018-05-09,BA,24,12.491263793150521,14.0,1
3,2018-05-10,BA,14,11.690389648329283,12.0,1
3,2018-05-11,BA,8,11.80838848537007,11.0,1
3,2018-05-12,BA,1,1.190579550148479,0.0,1
3,2018-05-13,BA,0,0.0,0.0,0
3,2018-05-14,BA,19,11.671782558027534,11.0,1
3,2018-05-15,BA,15,15.784597534917282,13.0,1
3,2018-05-16,BA,9,14.163827002795577,14.0,1
3,2018-05-17,BA,6,13.602454303712273,12.0,1
3,2018-05-18,BA,6,13.184347126231371,11.0,1
3,2018-05-19,BA,0,0.9475629883351182,0.0,1
3,2018-05-20,BA,0,0.0,0.0,0
3,2018-05-21,BA,13,13.160105525367188,11.0,1
3,2018-05-22,BA,10,13.508050946468938,13.0,1
3,2018-05-23,BA,1,12.922881376757525,14.0,1
3,2018-05-24,BA,3,12.634105077908092,12.0,1
3,2018-05-25,BA,1,13.029274289038517,11.0,1
3,2018-05-26,BA,1,2.101071942405146,0.0,1
3,2018-05-27,BA,0,0.0,0.0,0
3,2018-05-28,BA,6,12.669586904148463,11.0,1
3,2018-05-29,BA,12,13.669487307992718,13.0,1
3,2018-05-30,BA,8,12.911644210202775,14.0,1
3,2018-05-31,BA,0,0.0,12.0,0
3,2018-06-01,BA,9,10.132300401268717,11.0,1
3,2018-06-02,BA,0,1.56655436444496,0.0,1
3,2018-06-03,BA,0,0.0,0.0,0
3,2018-06-04,BA,20,10.577414096344981,11.0,1
3,2018-06-05,BA,13,13.987905405951475,13.0,1
3,2018-06-06,BA,10,13.548050098263547,14.0,1
3,2018-06-07,BA,6,11.424762391944345,12.0,1
3,2018-06-08,BA,7,14.362982710738926,11.0,1
3,2018-06-09,BA,0,1.336118426292357,0.0,1
3,2018-06-10,BA,0,0.0,0.0,0
3,2018-06-11,BA,16,15.711456361256666,11.0,1
3,2018-06-12,BA,16,16.19843580549845,13.0,1
3,2018-06-13,BA,11,14.858449406924453,14.0,1
3,2018-06-14,BA,11,16.819418426775254,12.0,1
3,2018-06-15,BA,7,14.627632052458418,11.0,1
3,2018-06-16,BA,0,2.0796294269299147,0.0,1
3,2018-06-17,BA,0,0.0,0.0,0
3,2018-06-18,BA,11,14.785878078020254,11.0,1
3,2018-06-19,BA,6,15.795109437911005,13.0,1
3,2018-06-20,BA,10,11.346021677397445,14.0,1
3,2018-06-21,BA,10,12.228367183175834,12.0,1
3,2018-06-22,BA,4,11.459233968177836,11.0,1
3,2018-06-23,BA,0,1.3296405796972897,0.0,1
3,2018-06-24,BA,0,0.0,0.0,0
3,2018-06-25,BA,7,11.879260154722267,11.0,1
3,2018-06-26,BA,8,13.167299069181517,13.0,1
3,2018-06-27,BA,6,11.852682329031385,14.0,1
3,2018-06-28,BA,8,11.336899062097922,12.0,1
3,2018-06-29,BA,5,11.441734781655788,11.0,1
3,2018-06-30,BA,0,2.096075775516595,0.0,1
3,2018-05-01,CE,0,0.0,5.0,0
3,2018-05-02,CE,2,4.954333193740946,4.0,1
3,2018-05-03,CE,8,4.524923914874447,3.0,1
3,2018-05-04,CE,4,4.43673299737905,6.0,1
3,2018-05-05,CE,0,0.0,0.0,1
3,2018-05-06,CE,0,0.0,0.0,0
3,2018-05-07,CE,6,6.299291493605721,3.0,1
3,2018-05-08,CE,1,4.795214243001051,5.0,1
3,2018-05-09,CE,6,5.442275460999457,4.0,1
3,2018-05-10,CE,2,4.841527529416145,3.0,1
3,2018-05-11,CE,11,4.805789324439325,6.0,1
3,2018-05-12,CE,2,0.0728593592831783,0.0,1
3,2018-05-13,CE,0,0.0,0.0,0
3,2018-05-14,CE,8,4.95589852106623,3.0,1
3,2018-05-15,CE,11,5.801223382491565,5.0,1
3,2018-05-16,CE,6,5.633169186296553,4.0,1
3,2018-05-17,CE,3,4.9127887526619665,3.0,1
3,2018-05-18,CE,2,4.810260996788387,6.0,1
3,2018-05-19,CE,0,0.13188914207948754,0.0,1
3,2018-05-20,CE,0,0.0,0.0,0
3,2018-05-21,CE,1,4.449790809859217,3.0,1
3,2018-05-22,CE,0,5.1731081398664935,5.0,1
3,2018-05-23,CE,0,5.083433795992375,4.0,1
3,2018-05-24,CE,2,4.420608064331688,3.0,1
3,2018-05-25,CE,0,4.266653204125044,6.0,1
3,2018-05-26,CE,0,1.4009775827315898,0.0,1
3,2018-05-27,CE,0,0.0,0.0,0
3,2018-05-28,CE,0,4.80171305244347,3.0,1
3,2018-05-29,CE,2,5.2943306268327195,5.0,1
3,2018-05-30,CE,2,5.122303829226997,4.0,1
3,2018-05-31,CE,0,0.0,3.0,0
3,2018-06-01,CE,1,3.3677830413941074,6.0,1
3,2018-06-02,CE,1,0.9317268365657612,0.0,1
3,2018-06-03,CE,0,0.0,0.0,0
3,2018-06-04,CE,4,4.040671039689987,3.0,1
3,2018-06-05,CE,3,5.41699571102998,5.0,1
3,2018-06-06,CE,3,5.2551246032145364,4.0,1
3,2018-06-07,CE,3,4.94071613257543,3.0,1
3,2018-06-08,CE,1,6.035482350335481,6.0,1
3,2018-06-09,CE,0,1.4993596107797136,0.0,1
3,2018-06-10,CE,0,0.0,0.0,0
3,2018-06-11,CE,4,5.661804967044603,3.0,1
3,2018-06-12,CE,3,6.149464442121083,5.0,1
3,2018-06-13,CE,2,5.990653815024999,4.0,1
3,2018-06-14,CE,4,6.400455069554027,3.0,1
3,2018-06-15,CE,2,6.639828742832048,6.0,1
3,2018-06-16,CE,0,1.223266287563433,0.0,1
3,2018-06-17,CE,0,0.0,0.0,0
3,2018-06-18,CE,3,6.129150392451318,3.0,1
3,2018-06-19,CE,4,6.845199760533095,5.0,1
3,2018-06-20,CE,2,4.598546348734866,4.0,1
3,2018-06-21,CE,3,3.9845924909653356,3.0,1
3,2018-06-22,CE,4,4.126823798141336,6.0,1
3,2018-06-23,CE,0,1.5053706533366573,0.0,1
3,2018-06-24,CE,0,0.0,0.0,0
3,2018-06-25,CE,2,4.958767852370148,3.0,1
3,2018-06-26,CE,6,5.5960120947811625,5.0,1
3,2018-06-27,CE,4,5.12388507067623,4.0,1
3,2018-06-28,CE,6,5.0854217010362985,3.0,1
3,2018-06-29,CE,2,6.6769155380956295,6.0,1
3,2018-06-30,CE,0,1.1648820746651245,0.0,1
3,2018-05-01,DF,0,0.0,14.0,0
3,2018-05-02,DF,9,7.840424962867568,7.0,1
3,2018-05-03,DF,14,6.764895700816957,5.0,1
3,2018-05-04,DF,2,6.863546541391298,7.0,1
3,2018-05-05,DF,0,0.059462543047438046,0.0,1
3,2018-05-06,DF,0,0.0,0.0,0
3,2018-05-07,DF,7,7.872415230004048,7.0,1
3,2018-05-08,DF,3,5.5018340490800846,14.0,1
3,2018-05-09,DF,8,7.913344904522846,7.0,1
3,2018-05-10,DF,12,6.376346758527917,5.0,1
3,2018-05-11,DF,10,7.327545957831341,7.0,1
3,2018-05-12,DF,0,0.10747289838538907,0.0,1
3,2018-05-13,DF,0,0.0,0.0,0
3,2018-05-14,DF,8,7.5297332748633155,7.0,1
3,2018-05-15,DF,17,7.00132745053469,14.0,1
3,2018-05-16,DF,10,8.228126960861319,7.0,1
3,2018-05-17,DF,8,8.05740293458407,5.0,1
3,2018-05-18,DF,8,8.016359662030283,7.0,1
3,2018-05-19,DF,0,0.15292848504748743,0.0,1
3,2018-05-20,DF,0,0.0,0.0,0
3,2018-05-21,DF,8,7.8690139603629,7.0,1
3,2018-05-22,DF,4,7.857022602548812,14.0,1
3,2018-05-23,DF,4,8.08382710352777,7.0,1
3,2018-05-24,DF,5,6.698629779179488,5.0,1
3,2018-05-25,DF,1,7.677966464347178,7.0,1
3,2018-05-26,DF,0,1.5261134275687571,0.0,1
3,2018-05-27,DF,0,0.0,0.0,0
3,2018-05-28,DF,3,7.61852399016774,7.0,1
3,2018-05-29,DF,6,8.902156912953133,14.0,1
3,2018-05-30,DF,2,7.967016561672163,7.0,1
3,2018-05-31,DF,0,0.0,5.0,0
3,2018-06-01,DF,6,6.956805795613523,7.0,1
3,2018-06-02,DF,0,1.3909445747219034,0.0,1
3,2018-06-03,DF,0,0.0,0.0,0
3,2018-06-04,DF,9,7.594567117159956,7.0,1
3,2018-06-05,DF,7,10.255846367385766,14.0,1
3,2018-06-06,DF,6,10.058024696911302,7.0,1
3,2018-06-07,DF,2,7.386624042650704,5.0,1
3,2018-06-08,DF,4,9.734465212556573,7.0,1
3,2018-06-09,DF,0,1.315815331518784,0.0,1
3,2018-06-10,DF,0,0.0,0.0,0
3,2018-06-11,DF,13,8.973849259411097,7.0,1
3,2018-06-12,DF,5,11.59831296437674,14.0,1
3,2018-06-13,DF,4,11.174028424036939,7.0,1
3,2018-06-14,DF,8,10.357049209797283,5.0,1
3,2018-06-15,DF,3,11.213341559614168,7.0,1
3,2018-06-16,DF,0,1.9697998243974744,0.0,1
3,2018-06-17,DF,0,0.0,0.0,0
3,2018-06-18,DF,11,9.481822147145868,7.0,1
3,2018-06-19,DF,10,10.913245482583598,14.0,1
3,2018-06-20,DF,14,8.34179053330035,7.0,1
3,2018-06-21,DF,3,8.41853252998779,5.0,1
3,2018-06-22,DF,4,8.187802674082258,7.0,1
3,2018-06-23,DF,0,1.1601678526467196,0.0,1
3,2018-06-24,DF,0,0.0,0.0,0
3,2018-06-25,DF,8,7.2179390733308235,7.0,1
3,2018-06-26,DF,12,9.225552213126573,14.0,1
3,2018-06-27,DF,5,8.294355157137366,7.0,1
3,2018-06-28,DF,6,7.750309390949875,5.0,1
3,2018-06-29,DF,8,7.74542545754968,7.0,1
3,2018-06-30,DF,0,1.0259848151366757,0.0,1
3,2018-05-01,ES,0,0.0,9.0,0
3,2018-05-02,ES,8,8.645026590101649,6.0,1
3,2018-05-03,ES,6,9.35809996927591,6.0,1
3,2018-05-04,ES,4,8.016765756562684,5.0,1
3,2018-05-05,ES,2,0.6034679606505505,0.0,1
3,2018-05-06,ES,0,0.0,0.0,0
3,2018-05-07,ES,9,7.494765009925072,16.0,1
3,2018-05-08,ES,8,6.558481499074258,9.0,1
3,2018-05-09,ES,12,7.457573322388266,6.0,1
3,2018-05-10,ES,7,7.244704649716626,6.0,1
3,2018-05-11,ES,6,6.859896784289013,5.0,1
3,2018-05-12,ES,1,0.05491531390293168,0.0,1
3,2018-05-13,ES,0,0.0,0.0,0
3,2018-05-14,ES,11,7.578670224081679,16.0,1
3,2018-05-15,ES,13,7.4152065935803355,9.0,1
3,2018-05-16,ES,6,8.70097304241091,6.0,1
3,2018-05-17,ES,6,8.362496760753245,6.0,1
3,2018-05-18,ES,11,8.520374950720893,5.0,1
3,2018-05-19,ES,1,0.04326384006871801,0.0,1
3,2018-05-20,ES,0,0.0,0.0,0
3,2018-05-21,ES,7,7.208541727631975,16.0,1
3,2018-05-22,ES,5,8.809536260440996,9.0,1
3,2018-05-23,ES,3,7.9024009753063496,6.0,1
3,2018-05-24,ES,1,7.536888844328078,6.0,1
3,2018-05-25,ES,1,7.831305745426455,5.0,1
3,2018-05-26,ES,0,1.615428605634435,0.0,1
3,2018-05-27,ES,0,0.0,0.0,0
3,2018-05-28,ES,6,7.707412485921054,16.0,1
3,2018-05-29,ES,2,8.505994113959012,9.0,1
3,2018-05-30,ES,3,7.966692157529381,6.0,1
3,2018-05-31,ES,0,0.0,6.0,0
3,2018-06-01,ES,3,6.995488856592614,5.0,1
3,2018-06-02,ES,0,1.4526393895262946,0.0,1
3,2018-06-03,ES,0,0.0,0.0,0
3,2018-06-04,ES,5,7.7828364043698315,16.0,1
3,2018-06-05,ES,6,10.254425716992225,9.0,1
3,2018-06-06,ES,5,10.292734693102885,6.0,1
3,2018-06-07,ES,6,8.397951889630725,6.0,1
3,2018-06-08,ES,3,9.863432142172828,5.0,1
3,2018-06-09,ES,0,1.4272181668842854,0.0,1
3,2018-06-10,ES,0,0.0,0.0,0
3,2018-06-11,ES,4,9.601639101196414,16.0,1
3,2018-06-12,ES,6,11.898840638702238,9.0,1
3,2018-06-13,ES,8,11.093990691987518,6.0,1
3,2018-06-14,ES,4,10.365829234227755,6.0,1
3,2018-06-15,ES,8,11.476724754855816,5.0,1
3,2018-06-16,ES,0,2.0168753068779943,0.0,1
3,2018-06-17,ES,0,0.0,0.0,0
3,2018-06-18,ES,11,11.080588834138213,16.0,1
3,2018-06-19,ES,6,11.187418312898373,9.0,1
3,2018-06-20,ES,4,8.761301002807969,6.0,1
3,2018-06-21,ES,4,8.71033281433552,6.0,1
3,2018-06-22,ES,4,8.391555370627312,5.0,1
3,2018-06-23,ES,1,1.2158101719349663,0.0,1
3,2018-06-24,ES,0,0.0,0.0,0
3,2018-06-25,ES,11,8.56588801469598,16.0,1
3,2018-06-26,ES,7,9.882589287530463,9.0,1
3,2018-06-27,ES,4,7.987721329399121,6.0,1
3,2018-06-28,ES,8,7.44367556321162,6.0,1
3,2018-06-29,ES,3,8.657820318048733,5.0,1
3,2018-06-30,ES,1,1.4128848990947818,0.0,1
3,2018-05-01,GO,0,0.0,7.0,0
3,2018-05-02,GO,6,8.192105577507622,5.0,1
3,2018-05-03,GO,12,6.8496262101026035,8.0,1
3,2018-05-04,GO,11,8.123034906099331,5.0,1
3,2018-05-05,GO,0,0.1988103280225466,0.0,1
3,2018-05-06,GO,0,0.0,0.0,0
3,2018-05-07,GO,11,7.352787230403782,8.0,1
3,2018-05-08,GO,15,5.92208978504587,7.0,1
3,2018-05-09,GO,13,7.405910175120122,5.0,1
3,2018-05-10,GO,6,7.576560651797735,8.0,1
3,2018-05-11,GO,6,6.5441350851792555,5.0,1
3,2018-05-12,GO,0,0.03458521107217746,0.0,1
3,2018-05-13,GO,0,0.0,0.0,0
3,2018-05-14,GO,5,7.5241456538314635,8.0,1
3,2018-05-15,GO,10,7.227881560393495,7.0,1
3,2018-05-16,GO,9,8.241630530972811,5.0,1
3,2018-05-17,GO,8,8.320635245286363,8.0,1
3,2018-05-18,GO,5,8.15080387648739,5.0,1
3,2018-05-19,GO,1,0.18872045046155125,0.0,1
3,2018-05-20,GO,0,0.0,0.0,0
3,2018-05-21,GO,7,7.558637412384171,8.0,1
3,2018-05-22,GO,5,7.498030551766044,7.0,1
3,2018-05-23,GO,3,8.145681747913809,5.0,1
3,2018-05-24,GO,0,7.671215526794154,8.0,1
3,2018-05-25,GO,1,7.765866523641667,5.0,1
3,2018-05-26,GO,0,1.5746921680980348,0.0,1
3,2018-05-27,GO,0,0.0,0.0,0
3,2018-05-28,GO,2,7.681708880043091,8.0,1
3,2018-05-29,GO,6,8.431949080260297,7.0,1
3,2018-05-30,GO,4,8.030201451547516,5.0,1
3,2018-05-31,GO,0,0.0,8.0,0
3,2018-06-01,GO,3,7.101120308399034,5.0,1
3,2018-06-02,GO,0,1.4172737329425884,0.0,1
3,2018-06-03,GO,0,0.0,0.0,0
3,2018-06-04,GO,3,7.687111599694985,8.0,1
3,2018-06-05,GO,4,10.42489039904946,7.0,1
3,2018-06-06,GO,1,10.167816192921997,5.0,1
3,2018-06-07,GO,4,8.278956432233697,8.0,1
3,2018-06-08,GO,7,9.742418238360157,5.0,1
3,2018-06-09,GO,0,1.3898340638849291,0.0,1
3,2018-06-10,GO,0,0.0,0.0,0
3,2018-06-11,GO,11,9.480625197383743,8.0,1
3,2018-06-12,GO,2,11.962349932720368,7.0,1
3,2018-06-13,GO,7,10.972976788174845,5.0,1
3,2018-06-14,GO,6,10.08730586849524,8.0,1
3,2018-06-15,GO,3,11.355710851043142,5.0,1
3,2018-06-16,GO,0,1.9794912038786376,0.0,1
3,2018-06-17,GO,0,0.0,0.0,0
3,2018-06-18,GO,4,9.545007037021218,8.0,1
3,2018-06-19,GO,4,11.082858594414926,7.0,1
3,2018-06-20,GO,2,8.520701186832852,5.0,1
3,2018-06-21,GO,3,8.455971759908607,8.0,1
3,2018-06-22,GO,4,8.366713327614761,5.0,1
3,2018-06-23,GO,1,1.161888946479975,0.0,1
3,2018-06-24,GO,0,0.0,0.0,0
3,2018-06-25,GO,3,8.692637180116598,8.0,1
3,2018-06-26,GO,10,9.370904407011775,7.0,1
3,2018-06-27,GO,5,7.797160055123566,5.0,1
3,2018-06-28,GO,6,7.955440798483084,8.0,1
3,2018-06-29,GO,5,8.185676891244102,5.0,1
3,2018-06-30,GO,0,1.2124324889449212,0.0,1
3,2018-05-01,MA,0,0.0,2.0,0
3,2018-05-02,MA,4,2.3940211000549887,8.0,1
3,2018-05-03,MA,2,2.7799666472446334,3.0,1
3,2018-05-04,MA,1,1.6261604726084562,0.0,1
3,2018-05-05,MA,0,0.0,0.0,1
3,2018-05-06,MA,0,0.0,0.0,0
3,2018-05-07,MA,2,2.8107351279032597,5.0,1
3,2018-05-08,MA,0,2.2382196220430384,2.0,1
3,2018-05-09,MA,3,2.7992014504032765,8.0,1
3,2018-05-10,MA,4,2.181130244693328,3.0,1
3,2018-05-11,MA,1,2.2072549713538248,0.0,1
3,2018-05-12,MA,0,0.0,0.0,1
3,2018-05-13,MA,0,0.0,0.0,0
3,2018-05-14,MA,2,2.378541237011054,5.0,1
3,2018-05-15,MA,1,3.095732060362912,2.0,1
3,2018-05-16,MA,3,2.8849853363590037,8.0,1
3,2018-05-17,MA,2,2.047371408575431,3.0,1
3,2018-05-18,MA,1,1.8582285598329304,0.0,1
3,2018-05-19,MA,0,0.0,0.0,1
3,2018-05-20,MA,0,0.0,0.0,0
3,2018-05-21,MA,3,2.036143703458722,5.0,1
3,2018-05-22,MA,0,2.5191544283268357,2.0,1
3,2018-05-23,MA,1,2.6930539852628055,8.0,1
3,2018-05-24,MA,0,2.1911438583957445,3.0,1
3,2018-05-25,MA,0,2.1062803095269778,0.0,1
3,2018-05-26,MA,0,0.356103176203827,0.0,1
3,2018-05-27,MA,0,0.0,0.0,0
3,2018-05-28,MA,1,2.7552599910564726,5.0,1
3,2018-05-29,MA,0,3.308337275376784,2.0,1
3,2018-05-30,MA,0,3.042381872940324,8.0,1
3,2018-05-31,MA,0,0.0,3.0,0
3,2018-06-01,MA,4,2.19290640754281,0.0,1
3,2018-06-02,MA,0,0.3810554884663175,0.0,1
3,2018-06-03,MA,0,0.0,0.0,0
3,2018-06-04,MA,1,2.741640499850545,5.0,1
3,2018-06-05,MA,1,3.5397497075076694,2.0,1
3,2018-06-06,MA,3,3.355635561205198,8.0,1
3,2018-06-07,MA,2,2.7939090371306996,3.0,1
3,2018-06-08,MA,0,3.1167383631173107,0.0,1
3,2018-06-09,MA,0,0.3623399715900573,0.0,1
3,2018-06-10,MA,0,0.0,0.0,0
3,2018-06-11,MA,7,3.0115027314793656,5.0,1
3,2018-06-12,MA,2,3.589885700866841,2.0,1
3,2018-06-13,MA,2,3.323887455700842,8.0,1
3,2018-06-14,MA,2,3.630713135778361,3.0,1
3,2018-06-15,MA,0,3.616210634970597,0.0,1
3,2018-06-16,MA,1,0.4315761398699686,0.0,1
3,2018-06-17,MA,0,0.0,0.0,0
3,2018-06-18,MA,2,3.2136640664648137,5.0,1
3,2018-06-19,MA,3,3.69674247100299,2.0,1
3,2018-06-20,MA,0,2.340922552994891,8.0,1
3,2018-06-21,MA,1,2.1037517563678674,3.0,1
3,2018-06-22,MA,1,1.9703139815730857,0.0,1
3,2018-06-23,MA,0,0.3789999039908806,0.0,1
3,2018-06-24,MA,0,0.0,0.0,0
3,2018-06-25,MA,4,2.5206734221608413,5.0,1
3,2018-06-26,MA,4,3.034947931096512,2.0,1
3,2018-06-27,MA,0,2.669987394519467,8.0,1
3,2018-06-28,MA,4,2.4776051831872183,3.0,1
3,2018-06-29,MA,1,2.467702259620897,0.0,1
3,2018-06-30,MA,0,0.31446595426395735,0.0,1
3,2018-05-01,MG,0,0.0,37.0,0
3,2018-05-02,MG,41,36.06170089683961,30.0,1
3,2018-05-03,MG,49,33.75472000725847,35.0,1
3,2018-05-04,MG,39,32.635174132044384,40.0,1
3,2018-05-05,MG,1,3.0321893154755717,4.0,1
3,2018-05-06,MG,0,0.0,0.0,0
3,2018-05-07,MG,39,35.82277526358093,46.0,1
3,2018-05-08,MG,52,32.03775905015151,37.0,1
3,2018-05-09,MG,57,34.345855960888116,30.0,1
3,2018-05-10,MG,34,32.14374640918762,35.0,1
3,2018-05-11,MG,41,29.62234070601685,40.0,1
3,2018-05-12,MG,8,1.4114536199447059,4.0,1
3,2018-05-13,MG,0,0.0,0.0,0
3,2018-05-14,MG,57,34.507319832017494,46.0,1
3,2018-05-15,MG,52,32.792606809636766,37.0,1
3,2018-05-16,MG,45,35.30554548304455,30.0,1
3,2018-05-17,MG,45,32.686261867352734,35.0,1
3,2018-05-18,MG,39,30.056700185639055,40.0,1
3,2018-05-19,MG,3,1.7453795374738748,4.0,1
3,2018-05-20,MG,0,0.0,0.0,0
3,2018-05-21,MG,29,34.806027972496494,46.0,1
3,2018-05-22,MG,32,37.841670744231884,37.0,1
3,2018-05-23,MG,27,34.166932605233626,30.0,1
3,2018-05-24,MG,17,32.261450313459335,35.0,1
3,2018-05-25,MG,7,29.710482198691412,40.0,1
3,2018-05-26,MG,0,3.247963306397472,4.0,1
3,2018-05-27,MG,0,0.0,0.0,0
3,2018-05-28,MG,24,32.440458138595744,46.0,1
3,2018-05-29,MG,21,35.5836163813425,37.0,1
3,2018-05-30,MG,18,29.480714911409937,30.0,1
3,2018-05-31,MG,0,0.0,35.0,0
3,2018-06-01,MG,21,27.856859305323194,40.0,1
3,2018-06-02,MG,2,1.8978575430584292,4.0,1
3,2018-06-03,MG,0,0.0,0.0,0
3,2018-06-04,MG,38,32.78743003637517,46.0,1
3,2018-06-05,MG,35,39.22321463272799,37.0,1
3,2018-06-06,MG,24,36.569583737602876,30.0,1
3,2018-06-07,MG,28,28.604929266309576,35.0,1
3,2018-06-08,MG,23,32.320692605115276,40.0,1
3,2018-06-09,MG,3,2.957236768491515,4.0,1
3,2018-06-10,MG,0,0.0,0.0,0
3,2018-06-11,MG,47,35.156068081961735,46.0,1
3,2018-06-12,MG,42,42.58830870327866,37.0,1
3,2018-06-13,MG,18,40.00449453360546,30.0,1
3,2018-06-14,MG,41,39.828128784254844,35.0,1
3,2018-06-15,MG,37,39.78283655637859,40.0,1
3,2018-06-16,MG,0,2.946209038645655,4.0,1
3,2018-06-17,MG,0,0.0,0.0,0
3,2018-06-18,MG,36,40.646394602213185,46.0,1
3,2018-06-19,MG,38,43.156874226949455,37.0,1
3,2018-06-20,MG,31,38.533600709782355,30.0,1
3,2018-06-21,MG,25,34.975645380751,35.0,1
3,2018-06-22,MG,26,35.103891321428776,40.0,1
3,2018-06-23,MG,3,3.186568643157487,4.0,1
3,2018-06-24,MG,0,0.0,0.0,0
3,2018-06-25,MG,47,37.28516326134744,46.0,1
3,2018-06-26,MG,37,40.38856572865232,37.0,1
3,2018-06-27,MG,28,39.61648710638015,30.0,1
3,2018-06-28,MG,40,36.89329482698425,35.0,1
3,2018-06-29,MG,32,36.97584252108774,40.0,1
3,2018-06-30,MG,1,2.746523395644909,4.0,1
3,2018-05-01,MS,0,0.0,0.0,0
3,2018-05-02,MS,3,2.9178819965093146,4.0,1
3,2018-05-03,MS,2,2.4576977087397616,6.0,1
3,2018-05-04,MS,1,1.9003520120618802,2.0,1
3,2018-05-05,MS,0,0.02039333051952284,0.0,1
3,2018-05-06,MS,0,0.0,0.0,0
3,2018-05-07,MS,2,2.1487236806435366,1.0,1
3,2018-05-08,MS,2,2.3956289094239485,0.0,1
3,2018-05-09,MS,3,2.6815627718234345,4.0,1
3,2018-05-10,MS,5,1.8769422920510197,6.0,1
3,2018-05-11,MS,0,1.7671649995282352,2.0,1
3,2018-05-12,MS,0,0.0,0.0,1
3,2018-05-13,MS,0,0.0,0.0,0
3,2018-05-14,MS,2,2.1776612540530613,1.0,1
3,2018-05-15,MS,2,2.8564280115176133,0.0,1
3,2018-05-16,MS,5,2.942310803277392,4.0,1
3,2018-05-17,MS,1,1.9197665734401834,6.0,1
3,2018-05-18,MS,2,1.7198822482515557,2.0,1
3,2018-05-19,MS,0,0.0,0.0,1
3,2018-05-20,MS,0,0.0,0.0,0
3,2018-05-21,MS,1,1.9878482742391208,1.0,1
3,2018-05-22,MS,3,2.505889533382657,0.0,1
3,2018-05-23,MS,2,2.517877167095519,4.0,1
3,2018-05-24,MS,2,2.0222597624130976,6.0,1
3,2018-05-25,MS,0,1.9294409775852337,2.0,1
3,2018-05-26,MS,0,0.14575175176974564,0.0,1
3,2018-05-27,MS,0,0.0,0.0,0
3,2018-05-28,MS,3,2.5762592818206853,1.0,1
3,2018-05-29,MS,1,3.0653804248909684,0.0,1
3,2018-05-30,MS,4,2.897649022462735,4.0,1
3,2018-05-31,MS,0,0.0,6.0,0
3,2018-06-01,MS,1,2.036472356985206,2.0,1
3,2018-06-02,MS,0,0.2729606053078511,0.0,1
3,2018-06-03,MS,0,0.0,0.0,0
3,2018-06-04,MS,1,2.6134683689793645,1.0,1
3,2018-06-05,MS,2,3.440456607830957,0.0,1
3,2018-06-06,MS,2,3.279397421761068,4.0,1
3,2018-06-07,MS,2,2.7006996552450446,6.0,1
3,2018-06-08,MS,3,3.000992900634753,2.0,1
3,2018-06-09,MS,0,0.37062721919987107,0.0,1
3,2018-06-10,MS,0,0.0,0.0,0
3,2018-06-11,MS,3,2.8627996227801487,1.0,1
3,2018-06-12,MS,2,3.3786662073088207,0.0,1
3,2018-06-13,MS,3,3.223320256275119,4.0,1
3,2018-06-14,MS,3,3.4957873473957752,6.0,1
3,2018-06-15,MS,3,3.5052623353338377,2.0,1
3,2018-06-16,MS,0,0.4398710871783781,0.0,1
3,2018-06-17,MS,0,0.0,0.0,0
3,2018-06-18,MS,4,3.1373772893650895,1.0,1
3,2018-06-19,MS,1,3.5219687826479658,0.0,1
3,2018-06-20,MS,3,2.195632809123089,4.0,1
3,2018-06-21,MS,1,2.110896484762628,6.0,1
3,2018-06-22,MS,4,1.8617915461882628,2.0,1
3,2018-06-23,MS,1,0.37015730780207123,0.0,1
3,2018-06-24,MS,0,0.0,0.0,0
3,2018-06-25,MS,4,2.463372355827785,1.0,1
3,2018-06-26,MS,1,2.9978781109575885,0.0,1
3,2018-06-27,MS,2,2.436970864057052,4.0,1
3,2018-06-28,MS,0,2.167329936054937,6.0,1
3,2018-06-29,MS,2,2.214159053237699,2.0,1
3,2018-06-30,MS,0,0.3188977787371284,0.0,1
3,2018-05-01,MT,0,0.0,5.0,0
3,2018-05-02,MT,2,3.4360013926929955,6.0,1
3,2018-05-03,MT,7,2.7803555405935363,4.0,1
3,2018-05-04,MT,5,2.886354781153832,4.0,1
3,2018-05-05,MT,0,0.09804209244889796,1.0,1
3,2018-05-06,MT,0,0.0,0.0,0
3,2018-05-07,MT,6,3.7722887024348366,3.0,1
3,2018-05-08,MT,5,2.681543188408032,5.0,1
3,2018-05-09,MT,4,3.2694423538905197,6.0,1
3,2018-05-10,MT,5,2.7421495895003005,4.0,1
3,2018-05-11,MT,5,2.5911790287135386,4.0,1
3,2018-05-12,MT,1,0.0,1.0,1
3,2018-05-13,MT,0,0.0,0.0,0
3,2018-05-14,MT,3,2.6762972768885755,3.0,1
3,2018-05-15,MT,4,4.068160740158662,5.0,1
3,2018-05-16,MT,5,3.37800726934603,6.0,1
3,2018-05-17,MT,2,2.739881651844936,4.0,1
3,2018-05-18,MT,0,2.488186975733769,4.0,1
3,2018-05-19,MT,0,0.0,1.0,1
3,2018-05-20,MT,0,0.0,0.0,0
3,2018-05-21,MT,1,2.574389204819494,3.0,1
3,2018-05-22,MT,2,2.8509790770073993,5.0,1
3,2018-05-23,MT,1,3.214657687193161,6.0,1
3,2018-05-24,MT,0,2.457494559542402,4.0,1
3,2018-05-25,MT,0,2.6099939423542264,4.0,1
3,2018-05-26,MT,0,0.44044748173142806,1.0,1
3,2018-05-27,MT,0,0.0,0.0,0
3,2018-05-28,MT,2,3.4813665200259893,3.0,1
3,2018-05-29,MT,2,3.6136282677684246,5.0,1
3,2018-05-30,MT,3,3.5380545161428607,6.0,1
3,2018-05-31,MT,0,0.0,4.0,0
3,2018-06-01,MT,0,2.447865141045939,4.0,1
3,2018-06-02,MT,0,0.4128105642901921,1.0,1
3,2018-06-03,MT,0,0.0,0.0,0
3,2018-06-04,MT,5,3.216621692738284,3.0,1
3,2018-06-05,MT,1,4.151397790485755,5.0,1
3,2018-06-06,MT,0,3.9784765291700754,6.0,1
3,2018-06-07,MT,2,3.1563573650506447,4.0,1
3,2018-06-08,MT,1,3.8854011298310116,4.0,1
3,2018-06-09,MT,0,0.4745279876943627,1.0,1
3,2018-06-10,MT,0,0.0,0.0,0
3,2018-06-11,MT,4,3.437984599532185,3.0,1
3,2018-06-12,MT,5,3.9423914039732098,5.0,1
3,2018-06-13,MT,2,3.771817089733212,6.0,1
3,2018-06-14,MT,1,3.846193328799826,4.0,1
3,2018-06-15,MT,3,3.9210848062038135,4.0,1
3,2018-06-16,MT,0,0.4869557168043027,1.0,1
3,2018-06-17,MT,0,0.0,0.0,0
3,2018-06-18,MT,4,3.652925965969417,3.0,1
3,2018-06-19,MT,5,4.1065062425784875,5.0,1
3,2018-06-20,MT,3,2.4551993496618687,6.0,1
3,2018-06-21,MT,2,2.3004819840872277,4.0,1
3,2018-06-22,MT,1,2.595113469115234,4.0,1
3,2018-06-23,MT,0,0.4155446563707528,1.0,1
3,2018-06-24,MT,0,0.0,0.0,0
3,2018-06-25,MT,2,2.99475767636945,3.0,1
3,2018-06-26,MT,4,3.439082187106675,5.0,1
3,2018-06-27,MT,3,3.4405076884408947,6.0,1
3,2018-06-28,MT,7,2.9018769131302826,4.0,1
3,2018-06-29,MT,1,2.8899755538831515,4.0,1
3,2018-06-30,MT,0,0.33535355775981995,1.0,1
3,2018-05-01,PA,0,0.0,5.0,0
3,2018-05-02,PA,8,3.5732827914928955,4.0,1
3,2018-05-03,PA,2,2.803332750541648,2.0,1
3,2018-05-04,PA,2,2.8357061440782263,0.0,1
3,2018-05-05,PA,1,0.1447575140476088,0.0,1
3,2018-05-06,PA,0,0.0,0.0,0
3,2018-05-07,PA,3,3.2720753233506583,2.0,1
3,2018-05-08,PA,3,3.6691403663214737,5.0,1
3,2018-05-09,PA,3,3.8270341415821356,4.0,1
3,2018-05-10,PA,2,3.364978820058372,2.0,1
3,2018-05-11,PA,3,3.601232493369936,0.0,1
3,2018-05-12,PA,0,0.012523197386388197,0.0,1
3,2018-05-13,PA,0,0.0,0.0,0
3,2018-05-14,PA,1,3.1180139329861385,2.0,1
3,2018-05-15,PA,3,4.113421885096082,5.0,1
3,2018-05-16,PA,3,3.821445049597471,4.0,1
3,2018-05-17,PA,3,2.950959388792055,2.0,1
3,2018-05-18,PA,1,2.6527550624508427,0.0,1
3,2018-05-19,PA,0,0.0,0.0,1
3,2018-05-20,PA,0,0.0,0.0,0
3,2018-05-21,PA,1,2.5852880791383015,2.0,1
3,2018-05-22,PA,1,3.762830007564616,5.0,1
3,2018-05-23,PA,0,3.7409712416335,4.0,1
3,2018-05-24,PA,1,2.9061314852324043,2.0,1
3,2018-05-25,PA,0,3.037213224798038,0.0,1
3,2018-05-26,PA,0,0.5293387777370382,0.0,1
3,2018-05-27,PA,0,0.0,0.0,0
3,2018-05-28,PA,3,4.062292446835777,2.0,1
3,2018-05-29,PA,0,4.348579749786718,5.0,1
3,2018-05-30,PA,2,3.682792518135426,4.0,1
3,2018-05-31,PA,0,0.0,2.0,0
3,2018-06-01,PA,1,2.881093073999651,0.0,1
3,2018-06-02,PA,0,0.5450288937104385,0.0,1
3,2018-06-03,PA,0,0.0,0.0,0
3,2018-06-04,PA,2,3.3462933271220536,2.0,1
3,2018-06-05,PA,3,4.525298028055828,5.0,1
3,2018-06-06,PA,4,4.2053391930947,4.0,1
3,2018-06-07,PA,2,4.540456211302469,2.0,1
3,2018-06-08,PA,5,4.134656702378406,0.0,1
3,2018-06-09,PA,0,0.6186661443578417,0.0,1
3,2018-06-10,PA,0,0.0,0.0,0
3,2018-06-11,PA,2,4.015875798552877,2.0,1
3,2018-06-12,PA,4,4.648832391804363,5.0,1
3,2018-06-13,PA,4,4.332731499853579,4.0,1
3,2018-06-14,PA,2,4.520637839458235,2.0,1
3,2018-06-15,PA,2,4.44222739411452,0.0,1
3,2018-06-16,PA,0,1.1126308666731701,0.0,1
3,2018-06-17,PA,0,0.0,0.0,0
3,2018-06-18,PA,4,4.580160183443976,2.0,1
3,2018-06-19,PA,1,4.476568002508586,5.0,1
3,2018-06-20,PA,2,3.3075910549217915,4.0,1
3,2018-06-21,PA,0,2.3556882414269515,2.0,1
3,2018-06-22,PA,2,2.8060069649491313,0.0,1
3,2018-06-23,PA,0,0.6495822462592803,0.0,1
3,2018-06-24,PA,0,0.0,0.0,0
3,2018-06-25,PA,4,3.3957872641853815,2.0,1
3,2018-06-26,PA,4,4.22802972652329,5.0,1
3,2018-06-27,PA,0,4.0613294731042915,4.0,1
3,2018-06-28,PA,3,3.6349835505628447,2.0,1
3,2018-06-29,PA,0,3.3517191273066156,0.0,1
3,2018-06-30,PA,0,0.5788267935522028,0.0,1
3,2018-05-01,PB,0,0.0,2.0,0
3,2018-05-02,PB,1,1.619173245942398,2.0,1
3,2018-05-03,PB,1,1.355196937067159,0.0,1
3,2018-05-04,PB,1,1.2198106597368412,1.0,1
3,2018-05-05,PB,0,0.032430677186345624,0.0,1
3,2018-05-06,PB,0,0.0,0.0,0
3,2018-05-07,PB,1,1.2604853040253914,1.0,1
3,2018-05-08,PB,1,1.3354552862659932,2.0,1
3,2018-05-09,PB,2,1.3315437337821883,2.0,1
3,2018-05-10,PB,2,1.3905852718425369,0.0,1
3,2018-05-11,PB,2,1.1086095894127408,1.0,1
3,2018-05-12,PB,1,0.0,0.0,1
3,2018-05-13,PB,0,0.0,0.0,0
3,2018-05-14,PB,3,1.162680796740756,1.0,1
3,2018-05-15,PB,1,1.7404076605930385,2.0,1
3,2018-05-16,PB,3,1.4333535394248307,2.0,1
3,2018-05-17,PB,2,1.308806621790609,0.0,1
3,2018-05-18,PB,1,1.1472949480800687,1.0,1
3,2018-05-19,PB,0,0.018467086878468358,0.0,1
3,2018-05-20,PB,0,0.0,0.0,0
3,2018-05-21,PB,0,1.0707462437812427,1.0,1
3,2018-05-22,PB,0,1.5316913617464354,2.0,1
3,2018-05-23,PB,0,1.6039309640014812,2.0,1
3,2018-05-24,PB,0,1.329227538959595,0.0,1
3,2018-05-25,PB,0,1.2464832395283134,1.0,1
3,2018-05-26,PB,0,0.01619852732646438,0.0,1
3,2018-05-27,PB,0,0.0,0.0,0
3,2018-05-28,PB,3,1.5564768150247186,1.0,1
3,2018-05-29,PB,3,1.761349378419755,2.0,1
3,2018-05-30,PB,1,1.7305756625727062,2.0,1
3,2018-05-31,PB,0,0.0,0.0,0
3,2018-06-01,PB,1,1.453798251681909,1.0,1
3,2018-06-02,PB,0,0.08860990608015713,0.0,1
3,2018-06-03,PB,0,0.0,0.0,0
3,2018-06-04,PB,0,1.526453988314194,1.0,1
3,2018-06-05,PB,1,2.208863640747999,2.0,1
3,2018-06-06,PB,0,2.26704944736823,2.0,1
3,2018-06-07,PB,0,2.4565090501655176,0.0,1
3,2018-06-08,PB,0,2.1680024973959418,1.0,1
3,2018-06-09,PB,0,0.08208913688079725,0.0,1
3,2018-06-10,PB,0,0.0,0.0,0
3,2018-06-11,PB,3,2.3671932195246153,1.0,1
3,2018-06-12,PB,2,2.7500104939798136,2.0,1
3,2018-06-13,PB,0,2.574348177794048,2.0,1
3,2018-06-14,PB,1,2.6120627919523125,0.0,1
3,2018-06-15,PB,1,2.8926278306408775,1.0,1
3,2018-06-16,PB,0,0.3090037286709726,0.0,1
3,2018-06-17,PB,0,0.0,0.0,0
3,2018-06-18,PB,2,2.598894072944553,1.0,1
3,2018-06-19,PB,2,3.0005208750446495,2.0,1
3,2018-06-20,PB,1,1.5576371384548713,2.0,1
3,2018-06-21,PB,2,1.3683532440316206,0.0,1
3,2018-06-22,PB,5,1.2543583426187401,1.0,1
3,2018-06-23,PB,0,0.14445137160621366,0.0,1
3,2018-06-24,PB,0,0.0,0.0,0
3,2018-06-25,PB,2,1.6629166757881895,1.0,1
3,2018-06-26,PB,2,2.2039910886552434,2.0,1
3,2018-06-27,PB,0,1.399968010292546,2.0,1
3,2018-06-28,PB,1,1.4650885112961431,0.0,1
3,2018-06-29,PB,2,1.4539816094926898,1.0,1
3,2018-06-30,PB,0,0.033786939110057854,0.0,1
3,2018-05-01,PE,0,0.0,6.0,0
3,2018-05-02,PE,8,5.4689915761386185,6.0,1
3,2018-05-03,PE,4,6.535903788872326,5.0,1
3,2018-05-04,PE,5,5.7748347993960465,7.0,1
3,2018-05-05,PE,0,0.04077320914150004,0.0,1
3,2018-05-06,PE,0,0.0,0.0,0
3,2018-05-07,PE,4,5.541955829473521,4.0,1
3,2018-05-08,PE,6,5.623884193472808,6.0,1
3,2018-05-09,PE,9,5.780682489871049,6.0,1
3,2018-05-10,PE,9,5.168456691380595,5.0,1
3,2018-05-11,PE,7,6.648547929811031,7.0,1
3,2018-05-12,PE,1,0.0,0.0,1
3,2018-05-13,PE,0,0.0,0.0,0
3,2018-05-14,PE,9,5.433500191163652,4.0,1
3,2018-05-15,PE,11,6.268135645507507,6.0,1
3,2018-05-16,PE,10,6.087821943905625,6.0,1
3,2018-05-17,PE,4,6.588271887385664,5.0,1
3,2018-05-18,PE,1,5.240779164441128,7.0,1
3,2018-05-19,PE,0,0.0,0.0,1
3,2018-05-20,PE,0,0.0,0.0,0
3,2018-05-21,PE,3,4.971957460186233,4.0,1
3,2018-05-22,PE,1,5.844383113417113,6.0,1
3,2018-05-23,PE,3,5.605299622313875,6.0,1
3,2018-05-24,PE,0,4.967179051108657,5.0,1
3,2018-05-25,PE,2,6.674103928074094,7.0,1
3,2018-05-26,PE,0,1.448621481028991,0.0,1
3,2018-05-27,PE,0,0.0,0.0,0
3,2018-05-28,PE,4,5.017056036313372,4.0,1
3,2018-05-29,PE,2,5.918506049403884,6.0,1
3,2018-05-30,PE,1,5.746479251798163,6.0,1
3,2018-05-31,PE,0,0.0,5.0,0
3,2018-06-01,PE,4,4.753143625894161,7.0,1
3,2018-06-02,PE,0,1.5460325395365795,0.0,1
3,2018-06-03,PE,0,0.0,0.0,0
3,2018-06-04,PE,9,4.802063228839749,4.0,1
3,2018-06-05,PE,9,6.6671248806493875,6.0,1
3,2018-06-06,PE,10,7.263974433118698,6.0,1
3,2018-06-07,PE,2,5.398249570339173,5.0,1
3,2018-06-08,PE,5,7.927754456602651,7.0,1
3,2018-06-09,PE,0,1.2864881745828247,0.0,1
3,2018-06-10,PE,0,0.0,0.0,0
3,2018-06-11,PE,8,6.555607564709993,4.0,1
3,2018-06-12,PE,3,7.372833492656772,6.0,1
3,2018-06-13,PE,4,6.883639601356971,6.0,1
3,2018-06-14,PE,6,6.81674715600808,5.0,1
3,2018-06-15,PE,3,7.198925203049528,7.0,1
3,2018-06-16,PE,0,1.3725124241287674,0.0,1
3,2018-06-17,PE,0,0.0,0.0,0
3,2018-06-18,PE,9,6.663738338871284,4.0,1
3,2018-06-19,PE,4,8.55233844023343,6.0,1
3,2018-06-20,PE,3,6.779913397975519,6.0,1
3,2018-06-21,PE,2,5.468370984117821,5.0,1
3,2018-06-22,PE,3,5.7212167128563385,7.0,1
3,2018-06-23,PE,0,1.3813551277339304,0.0,1
3,2018-06-24,PE,0,0.0,0.0,0
3,2018-06-25,PE,1,6.480912370091054,4.0,1
3,2018-06-26,PE,3,7.360796240678911,6.0,1
3,2018-06-27,PE,2,7.075775505633964,6.0,1
3,2018-06-28,PE,5,6.714538410284113,5.0,1
3,2018-06-29,PE,3,6.649575978807229,7.0,1
3,2018-06-30,PE,1,1.289654471350288,0.0,1
3,2018-05-01,PI,0,0.0,3.0,0
3,2018-05-02,PI,0,1.4398660295307135,1.0,1
3,2018-05-03,PI,1,1.5406786300751376,3.0,1
3,2018-05-04,PI,1,1.5983000379715961,4.0,1
3,2018-05-05,PI,0,0.03706734551322577,0.0,1
3,2018-05-06,PI,0,0.0,0.0,0
3,2018-05-07,PI,1,2.169386746453452,3.0,1
3,2018-05-08,PI,0,1.3802870335974018,3.0,1
3,2018-05-09,PI,1,1.550764239714867,1.0,1
3,2018-05-10,PI,2,1.157033983086671,3.0,1
3,2018-05-11,PI,0,1.0102614730192572,4.0,1
3,2018-05-12,PI,0,0.0,0.0,1
3,2018-05-13,PI,0,0.0,0.0,0
3,2018-05-14,PI,7,0.8648874378284939,3.0,1
3,2018-05-15,PI,0,1.6488062647811597,3.0,1
3,2018-05-16,PI,4,1.5208805386537982,1.0,1
3,2018-05-17,PI,2,1.1920828341111838,3.0,1
3,2018-05-18,PI,2,1.0305711604006436,4.0,1
3,2018-05-19,PI,0,0.034443914342936206,0.0,1
3,2018-05-20,PI,0,0.0,0.0,0
3,2018-05-21,PI,1,0.9224897641167247,3.0,1
3,2018-05-22,PI,0,1.4731075840069034,3.0,1
3,2018-05-23,PI,1,1.3970762799576995,1.0,1
3,2018-05-24,PI,0,1.3487805951549587,3.0,1
3,2018-05-25,PI,0,1.2660362957236768,4.0,1
3,2018-05-26,PI,0,0.0,0.0,1
3,2018-05-27,PI,0,0.0,0.0,0
3,2018-05-28,PI,2,1.350894614095549,3.0,1
3,2018-05-29,PI,0,1.4858055233769942,3.0,1
3,2018-05-30,PI,1,1.5055989523858344,1.0,1
3,2018-05-31,PI,0,0.0,3.0,0
3,2018-06-01,PI,2,1.3485609020840912,4.0,1
3,2018-06-02,PI,0,0.018391672918480553,0.0,1
3,2018-06-03,PI,0,0.0,0.0,0
3,2018-06-04,PI,2,1.3301738442700557,3.0,1
3,2018-06-05,PI,1,1.6854933368487048,3.0,1
3,2018-06-06,PI,1,2.0173040659392876,1.0,1
3,2018-06-07,PI,4,1.9073508117438212,3.0,1
3,2018-06-08,PI,2,1.8791432575692197,4.0,1
3,2018-06-09,PI,0,0.0,0.0,1
3,2018-06-10,PI,0,0.0,0.0,0
3,2018-06-11,PI,3,1.7381207149206153,3.0,1
3,2018-06-12,PI,1,2.4594502375310046,3.0,1
3,2018-06-13,PI,1,2.251104068439583,1.0,1
3,2018-06-14,PI,1,2.5507177176754396,3.0,1
3,2018-06-15,PI,0,2.534083537640301,4.0,1
3,2018-06-16,PI,0,0.3474848639313359,0.0,1
3,2018-06-17,PI,0,0.0,0.0,0
3,2018-06-18,PI,1,2.4737448472640797,3.0,1
3,2018-06-19,PI,3,2.7918792484647033,3.0,1
3,2018-06-20,PI,2,1.4524513195835016,1.0,1
3,2018-06-21,PI,2,1.2137703991102742,3.0,1
3,2018-06-22,PI,0,1.123759053614368,4.0,1
3,2018-06-23,PI,0,0.1507929901120055,0.0,1
3,2018-06-24,PI,0,0.0,0.0,0
3,2018-06-25,PI,2,1.4618355517818535,3.0,1
3,2018-06-26,PI,0,1.6434862244224506,3.0,1
3,2018-06-27,PI,0,1.1163785821828094,1.0,1
3,2018-06-28,PI,2,1.182988264145341,3.0,1
3,2018-06-29,PI,2,1.1718813623418873,4.0,1
3,2018-06-30,PI,0,0.015715580894759072,0.0,1
3,2018-05-01,PR,0,0.0,27.0,0
3,2018-05-02,PR,26,14.177451755400085,17.0,1
3,2018-05-03,PR,26,13.943658991105377,13.0,1
3,2018-05-04,PR,13,13.296303012969599,13.0,1
3,2018-05-05,PR,1,1.7796294389336123,1.0,1
3,2018-05-06,PR,0,0.0,0.0,0
3,2018-05-07,PR,16,15.150533842367178,18.0,1
3,2018-05-08,PR,25,14.697680818487342,27.0,1
3,2018-05-09,PR,20,15.200711948042757,17.0,1
3,2018-05-10,PR,16,14.264506555753762,13.0,1
3,2018-05-11,PR,15,14.820050256926777,13.0,1
3,2018-05-12,PR,2,0.5232533955647201,1.0,1
3,2018-05-13,PR,0,0.0,0.0,0
3,2018-05-14,PR,29,15.191678417550266,18.0,1
3,2018-05-15,PR,19,17.844289588914087,27.0,1
3,2018-05-16,PR,13,16.577200304407754,17.0,1
3,2018-05-17,PR,22,15.94070763674064,13.0,1
3,2018-05-18,PR,10,15.162836320758442,13.0,1
3,2018-05-19,PR,1,1.487390619260094,1.0,1
3,2018-05-20,PR,0,0.0,0.0,0
3,2018-05-21,PR,18,16.32488645581439,18.0,1
3,2018-05-22,PR,17,18.19780328607548,27.0,1
3,2018-05-23,PR,8,16.279520927241872,17.0,1
3,2018-05-24,PR,4,14.924213271867071,13.0,1
3,2018-05-25,PR,6,15.145974412343273,13.0,1
3,2018-05-26,PR,0,2.4713771224445527,1.0,1
3,2018-05-27,PR,0,0.0,0.0,0
3,2018-05-28,PR,8,16.003737634903185,18.0,1
3,2018-05-29,PR,6,18.31293023428118,27.0,1
3,2018-05-30,PR,5,15.81964225929972,17.0,1
3,2018-05-31,PR,0,0.0,13.0,0
3,2018-06-01,PR,10,12.891698593631942,13.0,1
3,2018-06-02,PR,0,2.796698030175599,1.0,1
3,2018-06-03,PR,0,0.0,0.0,0
3,2018-06-04,PR,13,14.76511074607091,18.0,1
3,2018-06-05,PR,21,19.57607015039877,27.0,1
3,2018-06-06,PR,11,17.33046849418453,17.0,1
3,2018-06-07,PR,12,16.135953962226758,13.0,1
3,2018-06-08,PR,16,19.198664869078417,13.0,1
3,2018-06-09,PR,2,2.159929141392395,1.0,1
3,2018-06-10,PR,0,0.0,0.0,0
3,2018-06-11,PR,16,19.868778216460864,18.0,1
3,2018-06-12,PR,18,21.214864283156334,27.0,1
3,2018-06-13,PR,14,18.655167821291847,17.0,1
3,2018-06-14,PR,12,19.38902717119882,13.0,1
3,2018-06-15,PR,14,18.097344988162295,13.0,1
3,2018-06-16,PR,1,2.701641037436892,1.0,1
3,2018-06-17,PR,0,0.0,0.0,0
3,2018-06-18,PR,18,18.666320771670325,18.0,1
3,2018-06-19,PR,15,22.497046724753638,27.0,1
3,2018-06-20,PR,14,15.528884967004055,17.0,1
3,2018-06-21,PR,12,15.086485348100586,13.0,1
3,2018-06-22,PR,10,16.21506259062891,13.0,1
3,2018-06-23,PR,0,2.3768536220280896,1.0,1
3,2018-06-24,PR,0,0.0,0.0,0
3,2018-06-25,PR,19,17.29287434137885,18.0,1
3,2018-06-26,PR,16,20.557915934065715,27.0,1
3,2018-06-27,PR,15,15.732327423027952,17.0,1
3,2018-06-28,PR,13,15.234220490829449,13.0,1
3,2018-06-29,PR,16,15.230681726090884,13.0,1
3,2018-06-30,PR,0,1.5598614418554424,1.0,1
3,2018-05-01,RJ,0,0.0,45.0,0
3,2018-05-02,RJ,51,37.31765128292822,44.0,1
3,2018-05-03,RJ,43,35.01533988755634,33.0,1
3,2018-05-04,RJ,47,32.00363882697494,43.0,1
3,2018-05-05,RJ,1,2.500834183908596,2.0,1
3,2018-05-06,RJ,0,0.0,0.0,0
3,2018-05-07,RJ,54,38.38497132587114,44.0,1
3,2018-05-08,RJ,60,32.999953289438885,45.0,1
3,2018-05-09,RJ,55,38.31526314668446,44.0,1
3,2018-05-10,RJ,52,37.00659978420193,33.0,1
3,2018-05-11,RJ,47,37.45723847269417,43.0,1
3,2018-05-12,RJ,6,1.7208649426186626,2.0,1
3,2018-05-13,RJ,0,0.0,0.0,0
3,2018-05-14,RJ,55,41.80098133841627,44.0,1
3,2018-05-15,RJ,61,44.012200612013395,45.0,1
3,2018-05-16,RJ,50,42.084325719661166,44.0,1
3,2018-05-17,RJ,51,36.636737397753215,33.0,1
3,2018-05-18,RJ,33,35.98134117608426,43.0,1
3,2018-05-19,RJ,1,2.517429647240463,2.0,1
3,2018-05-20,RJ,0,0.0,0.0,0
3,2018-05-21,RJ,33,40.44387096907893,44.0,1
3,2018-05-22,RJ,34,43.12049060852674,45.0,1
3,2018-05-23,RJ,22,40.527520734113935,44.0,1
3,2018-05-24,RJ,13,37.23099764065135,33.0,1
3,2018-05-25,RJ,15,37.451871052552335,43.0,1
3,2018-05-26,RJ,3,3.0048633620958545,2.0,1
3,2018-05-27,RJ,0,0.0,0.0,0
3,2018-05-28,RJ,22,38.25753230860344,44.0,1
3,2018-05-29,RJ,32,40.91686773715417,45.0,1
3,2018-05-30,RJ,17,38.29488233483663,44.0,1
3,2018-05-31,RJ,0,0.0,33.0,0
3,2018-06-01,RJ,23,31.708009003869734,43.0,1
3,2018-06-02,RJ,0,3.8130735621871863,2.0,1
3,2018-06-03,RJ,0,0.0,0.0,0
3,2018-06-04,RJ,51,36.97788436212626,44.0,1
3,2018-06-05,RJ,42,42.073344408859136,45.0,1
3,2018-06-06,RJ,23,39.26307262378257,44.0,1
3,2018-06-07,RJ,29,29.426382819977324,33.0,1
3,2018-06-08,RJ,25,41.061345583229574,43.0,1
3,2018-06-09,RJ,0,3.1864478612030798,2.0,1
3,2018-06-10,RJ,0,0.0,0.0,0
3,2018-06-11,RJ,47,41.68383805785892,44.0,1
3,2018-06-12,RJ,36,44.11146697438246,45.0,1
3,2018-06-13,RJ,32,42.50839720566283,44.0,1
3,2018-06-14,RJ,38,39.83507121289462,33.0,1
3,2018-06-15,RJ,38,37.96963897048707,43.0,1
3,2018-06-16,RJ,0,2.791942803176731,2.0,1
3,2018-06-17,RJ,0,0.0,0.0,0
3,2018-06-18,RJ,53,40.445447257019985,44.0,1
3,2018-06-19,RJ,29,43.1455108143153,45.0,1
3,2018-06-20,RJ,37,37.98058585696923,44.0,1
3,2018-06-21,RJ,21,35.688474622597155,33.0,1
3,2018-06-22,RJ,26,35.8894427538456,43.0,1
3,2018-06-23,RJ,1,3.2746648974100108,2.0,1
3,2018-06-24,RJ,0,0.0,0.0,0
3,2018-06-25,RJ,44,38.74474226617558,44.0,1
3,2018-06-26,RJ,36,41.04098602130453,45.0,1
3,2018-06-27,RJ,21,38.852610583486886,44.0,1
3,2018-06-28,RJ,28,36.710164220167115,33.0,1
3,2018-06-29,RJ,32,36.733828755377445,43.0,1
3,2018-06-30,RJ,0,2.834619649897432,2.0,1
3,2018-05-01,RN,0,0.0,6.0,0
3,2018-05-02,RN,3,1.561781137391424,2.0,1
3,2018-05-03,RN,2,1.3908243122857733,0.0,1
3,2018-05-04,RN,1,1.080177056608967,0.0,1
3,2018-05-05,RN,0,0.0,0.0,1
3,2018-05-06,RN,0,0.0,0.0,0
3,2018-05-07,RN,1,1.1289646305704009,1.0,1
3,2018-05-08,RN,1,1.4981625303402988,6.0,1
3,2018-05-09,RN,4,1.1996763923649862,2.0,1
3,2018-05-10,RN,1,1.416983097878845,0.0,1
3,2018-05-11,RN,2,1.2684605684682666,0.0,1
3,2018-05-12,RN,0,0.0,0.0,1
3,2018-05-13,RN,0,0.0,0.0,0
3,2018-05-14,RN,2,1.0023907171474835,1.0,1
3,2018-05-15,RN,2,1.6488062647811597,6.0,1
3,2018-05-16,RN,2,1.3014861980076287,2.0,1
3,2018-05-17,RN,1,1.2943489683706921,0.0,1
3,2018-05-18,RN,1,1.132837294660152,0.0,1
3,2018-05-19,RN,0,0.0,0.0,1
3,2018-05-20,RN,0,0.0,0.0,0
3,2018-05-21,RN,0,1.0535372213251488,1.0,1
3,2018-05-22,RN,0,1.4731075840069034,6.0,1
3,2018-05-23,RN,0,1.5124226278372914,2.0,1
3,2018-05-24,RN,0,1.3487805951549587,0.0,1
3,2018-05-25,RN,0,1.225677290470664,0.0,1
3,2018-05-26,RN,0,0.0,0.0,1
3,2018-05-27,RN,0,0.0,0.0,0
3,2018-05-28,RN,1,1.3105356252299156,1.0,1
3,2018-05-29,RN,0,1.4858055233769942,6.0,1
3,2018-05-30,RN,0,1.4266030352975192,2.0,1
3,2018-05-31,RN,0,0.0,0.0,0
3,2018-06-01,RN,0,1.348406998990122,0.0,1
3,2018-06-02,RN,0,0.0,0.0,1
3,2018-06-03,RN,0,0.0,0.0,0
3,2018-06-04,RN,2,1.3652979940496683,1.0,1
3,2018-06-05,RN,1,1.6791754832330081,6.0,1
3,2018-06-06,RN,1,1.5200343479094989,2.0,1
3,2018-06-07,RN,0,1.853597982051501,0.0,1
3,2018-06-08,RN,2,1.879057439700715,0.0,1
3,2018-06-09,RN,0,0.0,0.0,1
3,2018-06-10,RN,0,0.0,0.0,0
3,2018-06-11,RN,1,1.598168683823519,1.0,1
3,2018-06-12,RN,1,2.3222056401075544,6.0,1
3,2018-06-13,RN,3,2.213748951719607,2.0,1
3,2018-06-14,RN,2,2.5507177176754396,0.0,1
3,2018-06-15,RN,1,2.534083537640301,0.0,1
3,2018-06-16,RN,0,0.2277982861437297,0.0,1
3,2018-06-17,RN,0,0.0,0.0,0
3,2018-06-18,RN,4,2.3721186629414097,1.0,1
3,2018-06-19,RN,2,2.659586770975979,6.0,1
3,2018-06-20,RN,1,1.4524513195835016,2.0,1
3,2018-06-21,RN,2,1.2137703991102742,0.0,1
3,2018-06-22,RN,2,1.230259153681678,0.0,1
3,2018-06-23,RN,0,0.1507929901120055,0.0,1
3,2018-06-24,RN,0,0.0,0.0,0
3,2018-06-25,RN,3,1.4603802549253573,1.0,1
3,2018-06-26,RN,1,1.5049938936296217,6.0,1
3,2018-06-27,RN,1,1.1163785821828094,2.0,1
3,2018-06-28,RN,4,1.182988264145341,0.0,1
3,2018-06-29,RN,0,1.1718813623418873,0.0,1
3,2018-06-30,RN,0,0.015715580894759072,0.0,1
3,2018-05-01,RO,0,0.0,0.0,0
3,2018-05-02,RO,0,1.0140971477594851,2.0,1
3,2018-05-03,RO,0,0.6288577234118458,1.0,1
3,2018-05-04,RO,0,0.7356489959782324,0.0,1
3,2018-05-05,RO,0,0.00037343614935393075,0.0,1
3,2018-05-06,RO,0,0.0,0.0,0
3,2018-05-07,RO,1,0.6016858598991227,0.0,1
3,2018-05-08,RO,2,0.9947414492939279,0.0,1
3,2018-05-09,RO,2,0.5324947635628214,2.0,1
3,2018-05-10,RO,0,0.65583630674039,1.0,1
3,2018-05-11,RO,1,0.3200492264339639,0.0,1
3,2018-05-12,RO,0,0.0,0.0,1
3,2018-05-13,RO,0,0.0,0.0,0
3,2018-05-14,RO,2,0.5274652856387018,0.0,1
3,2018-05-15,RO,2,0.551207703761544,0.0,1
3,2018-05-16,RO,1,0.75602957768508,2.0,1
3,2018-05-17,RO,1,0.7195983405287605,1.0,1
3,2018-05-18,RO,0,0.5869794905618696,0.0,1
3,2018-05-19,RO,0,0.1716044354910839,0.0,1
3,2018-05-20,RO,0,0.0,0.0,0
3,2018-05-21,RO,2,0.6768688392949344,0.0,1
3,2018-05-22,RO,0,0.6920619700435255,0.0,1
3,2018-05-23,RO,0,0.7295046552950162,2.0,1
3,2018-05-24,RO,2,0.6789454459359598,1.0,1
3,2018-05-25,RO,0,0.5435694918098185,0.0,1
3,2018-05-26,RO,0,0.023392845721737013,0.0,1
3,2018-05-27,RO,0,0.0,0.0,0
3,2018-05-28,RO,0,0.5483165331266311,0.0,1
3,2018-05-29,RO,1,0.5369097980653827,0.0,1
3,2018-05-30,RO,1,0.5566387193604448,2.0,1
3,2018-05-31,RO,0,0.0,1.0,0
3,2018-06-01,RO,0,0.510979975920637,0.0,1
3,2018-06-02,RO,0,0.1972828171960322,0.0,1
3,2018-06-03,RO,0,0.0,0.0,0
3,2018-06-04,RO,0,0.6243376224548434,0.0,1
3,2018-06-05,RO,1,0.6383806465353777,0.0,1
3,2018-06-06,RO,1,0.6512807838002357,2.0,1
3,2018-06-07,RO,0,0.5865787733861396,1.0,1
3,2018-06-08,RO,0,0.5434358047494044,0.0,1
3,2018-06-09,RO,0,0.1698618955602355,0.0,1
3,2018-06-10,RO,0,0.0,0.0,0
3,2018-06-11,RO,2,0.6654831634653621,0.0,1
3,2018-06-12,RO,1,0.6298373445784199,0.0,1
3,2018-06-13,RO,0,0.6495662658734815,2.0,1
3,2018-06-14,RO,2,0.42527528838102835,1.0,1
3,2018-06-15,RO,1,0.6302776357938985,0.0,1
3,2018-06-16,RO,0,0.18087071035188743,0.0,1
3,2018-06-17,RO,0,0.0,0.0,0
3,2018-06-18,RO,0,0.7028691151454006,0.0,1
3,2018-06-19,RO,0,0.6578609163439691,0.0,1
3,2018-06-20,RO,0,0.49740344588527996,2.0,1
3,2018-06-21,RO,0,0.4776292942981636,1.0,1
3,2018-06-22,RO,1,0.45075138548137134,0.0,1
3,2018-06-23,RO,0,0.17979279044539415,0.0,1
3,2018-06-24,RO,0,0.0,0.0,0
3,2018-06-25,RO,0,0.48997596693100737,0.0,1
3,2018-06-26,RO,0,0.4785692318697589,0.0,1
3,2018-06-27,RO,1,0.4977079037522601,2.0,1
3,2018-06-28,RO,0,0.4759322517152214,1.0,1
3,2018-06-29,RO,1,0.44860297548092526,0.0,1
3,2018-06-30,RO,0,0.17921769840235477,0.0,1
3,2018-05-01,RR,0,0.0,0.0,0
3,2018-05-02,RR,1,7.201391331568097e-35,0.0,1
3,2018-05-03,RR,0,0.0,0.0,1
3,2018-05-04,RR,0,0.0,0.0,1
3,2018-05-05,RR,0,0.0,0.0,1
3,2018-05-06,RR,0,0.0,0.0,0
3,2018-05-07,RR,1,0.03251549859919249,0.0,1
3,2018-05-08,RR,0,0.04007044960853007,0.0,1
3,2018-05-09,RR,0,0.0,0.0,1
3,2018-05-10,RR,0,0.009748855348580302,0.0,1
3,2018-05-11,RR,0,0.0,0.0,1
3,2018-05-12,RR,0,0.0,0.0,1
3,2018-05-13,RR,0,0.0,0.0,0
3,2018-05-14,RR,0,0.0133251774125562,0.0,1
3,2018-05-15,RR,0,0.029821889222538426,0.0,1
3,2018-05-16,RR,0,0.007636920397640585,0.0,1
3,2018-05-17,RR,0,0.049415603313424414,0.0,1
3,2018-05-18,RR,0,0.005705845249743868,0.0,1
3,2018-05-19,RR,0,0.0,0.0,1
3,2018-05-20,RR,0,0.0,0.0,0
3,2018-05-21,RR,0,0.0008625081155766211,0.0,1
3,2018-05-22,RR,0,0.00880993255130774,0.0,1
3,2018-05-23,RR,0,0.010977913945476857,0.0,1
3,2018-05-24,RR,0,0.014738845474246209,0.0,1
3,2018-05-25,RR,0,0.0,0.0,1
3,2018-05-26,RR,0,0.008970864538456854,0.0,1
3,2018-05-27,RR,0,0.0,0.0,0
3,2018-05-28,RR,0,0.02531110788697084,0.0,1
3,2018-05-29,RR,0,0.0066353359702418,0.0,1
3,2018-05-30,RR,0,0.009313740729477825,0.0,1
3,2018-05-31,RR,0,0.0,0.0,0
3,2018-06-01,RR,0,0.0,0.0,1
3,2018-06-02,RR,0,0.014139984168579135,0.0,1
3,2018-06-03,RR,0,0.0,0.0,0
3,2018-06-04,RR,0,0.023309440196629796,0.0,1
3,2018-06-05,RR,1,0.007755355375643107,0.0,1
3,2018-06-06,RR,0,0.010433760134879132,0.0,1
3,2018-06-07,RR,0,0.0,0.0,1
3,2018-06-08,RR,1,0.0,0.0,1
3,2018-06-09,RR,0,0.0,0.0,1
3,2018-06-10,RR,0,0.0,0.0,0
3,2018-06-11,RR,1,0.03383146615027967,0.0,1
3,2018-06-12,RR,0,0.02489700336876566,0.0,1
3,2018-06-13,RR,1,0.02757540812800168,0.0,1
3,2018-06-14,RR,0,0.02357577901219418,0.0,1
3,2018-06-15,RR,0,0.01459343047337494,0.0,1
3,2018-06-16,RR,0,0.0,0.0,1
3,2018-06-17,RR,0,0.0,0.0,0
3,2018-06-18,RR,1,0.06674998603940303,0.0,1
3,2018-06-19,RR,0,0.04807421412267398,0.0,1
3,2018-06-20,RR,0,0.0,0.0,1
3,2018-06-21,RR,0,0.03040189473791658,0.0,1
3,2018-06-22,RR,0,0.0,0.0,1
3,2018-06-23,RR,0,0.009226342494309541,0.0,1
3,2018-06-24,RR,0,0.0,0.0,0
3,2018-06-25,RR,0,0.01644357386080662,0.0,1
3,2018-06-26,RR,0,0.0,0.0,1
3,2018-06-27,RR,0,0.009455728567665349,0.0,1
3,2018-06-28,RR,0,0.0,0.0,1
3,2018-06-29,RR,0,0.0,0.0,1
3,2018-06-30,RR,0,0.0,0.0,1
3,2018-05-01,RS,0,0.0,17.0,0
3,2018-05-02,RS,25,14.851917058695806,14.0,1
3,2018-05-03,RS,25,14.501859154819302,19.0,1
3,2018-05-04,RS,12,13.610364303494665,15.0,1
3,2018-05-05,RS,0,1.761818737143711,0.0,1
3,2018-05-06,RS,0,0.0,0.0,0
3,2018-05-07,RS,20,15.709474695801408,13.0,1
3,2018-05-08,RS,29,14.153650571060126,17.0,1
3,2018-05-09,RS,22,15.276305244509857,14.0,1
3,2018-05-10,RS,23,15.10964533006593,19.0,1
3,2018-05-11,RS,19,14.648359582575782,15.0,1
3,2018-05-12,RS,1,0.4974516657531289,0.0,1
3,2018-05-13,RS,0,0.0,0.0,0
3,2018-05-14,RS,21,16.05091583072326,13.0,1
3,2018-05-15,RS,23,19.278956975255316,17.0,1
3,2018-05-16,RS,21,17.328307912234486,14.0,1
3,2018-05-17,RS,18,17.00524897303023,19.0,1
3,2018-05-18,RS,15,16.773680453522214,15.0,1
3,2018-05-19,RS,1,1.27358189905226,0.0,1
3,2018-05-20,RS,0,0.0,0.0,0
3,2018-05-21,RS,16,18.753011248047745,13.0,1
3,2018-05-22,RS,16,20.423600163141085,17.0,1
3,2018-05-23,RS,9,17.56316345863766,14.0,1
3,2018-05-24,RS,1,16.71523536861333,19.0,1
3,2018-05-25,RS,5,16.630371819744557,15.0,1
3,2018-05-26,RS,0,2.935031134037584,0.0,1
3,2018-05-27,RS,0,0.0,0.0,0
3,2018-05-28,RS,8,18.86694827378041,13.0,1
3,2018-05-29,RS,10,20.46614145925106,17.0,1
3,2018-05-30,RS,14,18.83813161266844,14.0,1
3,2018-05-31,RS,0,0.0,19.0,0
3,2018-06-01,RS,10,15.88590048322467,15.0,1
3,2018-06-02,RS,1,3.0684808274197586,0.0,1
3,2018-06-03,RS,0,0.0,0.0,0
3,2018-06-04,RS,20,15.702211213969921,13.0,1
3,2018-06-05,RS,18,18.84268547420057,17.0,1
3,2018-06-06,RS,13,18.024189593014217,14.0,1
3,2018-06-07,RS,11,16.576169627594727,19.0,1
3,2018-06-08,RS,12,19.437476380213866,15.0,1
3,2018-06-09,RS,0,2.348913871773884,0.0,1
3,2018-06-10,RS,0,0.0,0.0,0
3,2018-06-11,RS,17,21.285950446940664,13.0,1
3,2018-06-12,RS,12,21.894746104209116,17.0,1
3,2018-06-13,RS,13,20.42732735779373,14.0,1
3,2018-06-14,RS,13,21.483391128931935,19.0,1
3,2018-06-15,RS,8,20.31924279402838,15.0,1
3,2018-06-16,RS,0,3.1868755506458593,0.0,1
3,2018-06-17,RS,0,0.0,0.0,0
3,2018-06-18,RS,12,22.249699289623884,13.0,1
3,2018-06-19,RS,17,23.879756545136143,17.0,1
3,2018-06-20,RS,6,17.524799403060445,14.0,1
3,2018-06-21,RS,11,18.771125883424148,19.0,1
3,2018-06-22,RS,12,17.16404842972696,15.0,1
3,2018-06-23,RS,1,3.0241403863883827,0.0,1
3,2018-06-24,RS,0,0.0,0.0,0
3,2018-06-25,RS,23,18.322961499061797,13.0,1
3,2018-06-26,RS,16,20.301092477259584,17.0,1
3,2018-06-27,RS,14,18.177569777797654,14.0,1
3,2018-06-28,RS,14,17.46605332323728,19.0,1
3,2018-06-29,RS,17,17.997865891174623,15.0,1
3,2018-06-30,RS,0,2.2557374059371607,0.0,1
3,2018-05-01,SC,0,0.0,12.0,0
3,2018-05-02,SC,14,12.282075988092478,11.0,1
3,2018-05-03,SC,19,12.8141521927899,17.0,1
3,2018-05-04,SC,13,11.792907542151017,17.0,1
3,2018-05-05,SC,2,0.9873688241988625,0.0,1
3,2018-05-06,SC,0,0.0,0.0,0
3,2018-05-07,SC,10,12.446289401293491,14.0,1
3,2018-05-08,SC,4,11.80135900465816,12.0,1
3,2018-05-09,SC,18,12.949179097082574,11.0,1
3,2018-05-10,SC,14,14.670304382873923,17.0,1
3,2018-05-11,SC,14,14.44841580771737,17.0,1
3,2018-05-12,SC,2,1.1259538920051806,0.0,1
3,2018-05-13,SC,0,0.0,0.0,0
3,2018-05-14,SC,13,14.606544626009594,14.0,1
3,2018-05-15,SC,20,17.04834207628514,12.0,1
3,2018-05-16,SC,21,14.762476286393992,11.0,1
3,2018-05-17,SC,9,12.595093043733536,17.0,1
3,2018-05-18,SC,8,12.936553285510769,17.0,1
3,2018-05-19,SC,2,1.0853100718593318,0.0,1
3,2018-05-20,SC,0,0.0,0.0,0
3,2018-05-21,SC,6,12.869018219833999,14.0,1
3,2018-05-22,SC,11,15.035288402012648,12.0,1
3,2018-05-23,SC,9,13.458434368347907,11.0,1
3,2018-05-24,SC,10,14.00770696402577,17.0,1
3,2018-05-25,SC,2,13.774699516712072,17.0,1
3,2018-05-26,SC,0,2.2675510672492476,0.0,1
3,2018-05-27,SC,0,0.0,0.0,0
3,2018-05-28,SC,9,13.540115083478627,14.0,1
3,2018-05-29,SC,10,14.24129624513843,12.0,1
3,2018-05-30,SC,2,13.937491199351323,11.0,1
3,2018-05-31,SC,0,0.0,17.0,0
3,2018-06-01,SC,5,10.057892526569972,17.0,1
3,2018-06-02,SC,0,1.8871789870674434,0.0,1
3,2018-06-03,SC,0,0.0,0.0,0
3,2018-06-04,SC,9,11.43881295672457,14.0,1
3,2018-06-05,SC,6,14.996618757723828,12.0,1
3,2018-06-06,SC,5,14.052349187822177,11.0,1
3,2018-06-07,SC,10,12.524339747192146,17.0,1
3,2018-06-08,SC,4,16.69385260989785,17.0,1
3,2018-06-09,SC,0,1.5015058958458454,0.0,1
3,2018-06-10,SC,0,0.0,0.0,0
3,2018-06-11,SC,17,16.805578001692425,14.0,1
3,2018-06-12,SC,12,16.64994986438554,12.0,1
3,2018-06-13,SC,12,15.620007591300332,11.0,1
3,2018-06-14,SC,11,17.5318381398991,17.0,1
3,2018-06-15,SC,6,14.900313398479822,17.0,1
3,2018-06-16,SC,0,1.30338032431492,0.0,1
3,2018-06-17,SC,0,0.0,0.0,0
3,2018-06-18,SC,11,15.783758659958796,14.0,1
3,2018-06-19,SC,10,17.343329882006387,12.0,1
3,2018-06-20,SC,12,12.042940129483044,11.0,1
3,2018-06-21,SC,9,12.388095082964593,17.0,1
3,2018-06-22,SC,8,12.082335143536802,17.0,1
3,2018-06-23,SC,0,2.1702676068933067,0.0,1
3,2018-06-24,SC,0,0.0,0.0,0
3,2018-06-25,SC,13,12.90283729727777,14.0,1
3,2018-06-26,SC,12,14.845994745354892,12.0,1
3,2018-06-27,SC,9,14.024127611168366,11.0,1
3,2018-06-28,SC,8,14.205581670231227,17.0,1
3,2018-06-29,SC,8,13.68881056323328,17.0,1
3,2018-06-30,SC,0,1.2477568152019198,0.0,1
3,2018-05-01,SE,0,0.0,0.0,0
3,2018-05-02,SE,1,1.1930144184839304,0.0,1
3,2018-05-03,SE,1,1.3243073218738237,2.0,1
3,2018-05-04,SE,1,0.9970668815647241,1.0,1
3,2018-05-05,SE,0,0.0,0.0,1
3,2018-05-06,SE,0,0.0,0.0,0
3,2018-05-07,SE,0,1.105372372694878,2.0,1
3,2018-05-08,SE,1,1.064855530186211,0.0,1
3,2018-05-09,SE,0,1.1575091248360128,0.0,1
3,2018-05-10,SE,0,0.654883356481811,2.0,1
3,2018-05-11,SE,0,0.6399498259943255,1.0,1
3,2018-05-12,SE,0,0.0,0.0,1
3,2018-05-13,SE,0,0.0,0.0,0
3,2018-05-14,SE,1,0.40436787307466027,2.0,1
3,2018-05-15,SE,0,1.1654830386059605,0.0,1
3,2018-05-16,SE,2,0.9954878027521765,0.0,1
3,2018-05-17,SE,0,0.8757517196848515,2.0,1
3,2018-05-18,SE,0,0.7226592934168927,1.0,1
3,2018-05-19,SE,0,0.0,0.0,1
3,2018-05-20,SE,0,0.0,0.0,0
3,2018-05-21,SE,0,0.5400126300519811,2.0,1
3,2018-05-22,SE,1,0.8792431561761959,0.0,1
3,2018-05-23,SE,0,1.0511300248971405,0.0,1
3,2018-05-24,SE,0,0.9173404447221742,2.0,1
3,2018-05-25,SE,0,0.8390403714561252,1.0,1
3,2018-05-26,SE,0,0.0,0.0,1
3,2018-05-27,SE,0,0.0,0.0,0
3,2018-05-28,SE,1,0.7727069472272208,2.0,1
3,2018-05-29,SE,0,1.0195545852811618,0.0,1
3,2018-05-30,SE,1,0.9634814803951149,0.0,1
3,2018-05-31,SE,0,0.0,2.0,0
3,2018-06-01,SE,0,0.7729973873312774,1.0,1
3,2018-06-02,SE,0,0.0,0.0,1
3,2018-06-03,SE,0,0.0,0.0,0
3,2018-06-04,SE,4,0.7739841272550568,2.0,1
3,2018-06-05,SE,2,1.16693608990069,0.0,1
3,2018-06-06,SE,2,1.1177422164941213,0.0,1
3,2018-06-07,SE,1,1.351279861439303,2.0,1
3,2018-06-08,SE,1,1.2004833533626933,1.0,1
3,2018-06-09,SE,0,0.0,0.0,1
3,2018-06-10,SE,0,0.0,0.0,0
3,2018-06-11,SE,1,0.9134905665945933,2.0,1
3,2018-06-12,SE,0,1.1394051789733146,0.0,1
3,2018-06-13,SE,1,1.0969659381941044,0.0,1
3,2018-06-14,SE,2,1.4980796431921617,2.0,1
3,2018-06-15,SE,1,1.511099335606029,1.0,1
3,2018-06-16,SE,0,0.0,0.0,1
3,2018-06-17,SE,0,0.0,0.0,0
3,2018-06-18,SE,4,0.987044730821657,2.0,1
3,2018-06-19,SE,2,1.2023658071506507,0.0,1
3,2018-06-20,SE,3,0.6422094385250479,0.0,1
3,2018-06-21,SE,0,0.7386363439865311,2.0,1
3,2018-06-22,SE,0,0.48035678590928516,1.0,1
3,2018-06-23,SE,0,0.0,0.0,1
3,2018-06-24,SE,0,0.0,0.0,0
3,2018-06-25,SE,1,0.5945122084727431,2.0,1
3,2018-06-26,SE,1,0.8910021077329937,0.0,1
3,2018-06-27,SE,0,0.7694401027383965,0.0,1
3,2018-06-28,SE,0,0.7587813435386611,2.0,1
3,2018-06-29,SE,0,0.5958614672722923,1.0,1
3,2018-06-30,SE,0,0.015291708728951884,0.0,1
3,2018-05-01,SP,0,0.0,189.0,0
3,2018-05-02,SP,186,153.51745983283334,148.0,1
3,2018-05-03,SP,204,149.40237607932946,124.0,1
3,2018-05-04,SP,144,140.2709464937506,131.0,1
3,2018-05-05,SP,9,8.29504106688793,4.0,1
3,2018-05-06,SP,0,0.0,0.0,0
3,2018-05-07,SP,177,162.1213331975149,174.0,1
3,2018-05-08,SP,192,139.36589092343084,189.0,1
3,2018-05-09,SP,163,153.78321429356666,148.0,1
3,2018-05-10,SP,180,139.4315802605515,124.0,1
3,2018-05-11,SP,138,146.2221143912973,131.0,1
3,2018-05-12,SP,10,7.571872458356615,4.0,1
3,2018-05-13,SP,0,0.0,0.0,0
3,2018-05-14,SP,178,154.15356063652982,174.0,1
3,2018-05-15,SP,180,141.43720514149436,189.0,1
3,2018-05-16,SP,174,154.0957600179544,148.0,1
3,2018-05-17,SP,137,147.5704861466331,124.0,1
3,2018-05-18,SP,160,147.39285266796506,131.0,1
3,2018-05-19,SP,9,9.568465257469313,4.0,1
3,2018-05-20,SP,0,0.0,0.0,0
3,2018-05-21,SP,184,153.72941619407672,174.0,1
3,2018-05-22,SP,150,159.84930956741258,189.0,1
3,2018-05-23,SP,154,153.45424147456075,148.0,1
3,2018-05-24,SP,114,147.0243351695343,124.0,1
3,2018-05-25,SP,90,147.02596693279486,131.0,1
3,2018-05-26,SP,2,11.701041842227996,4.0,1
3,2018-05-27,SP,0,0.0,0.0,0
3,2018-05-28,SP,101,147.16247671705054,174.0,1
3,2018-05-29,SP,104,153.13267042890195,189.0,1
3,2018-05-30,SP,86,147.42629139183103,148.0,1
3,2018-05-31,SP,0,0.0,124.0,0
3,2018-06-01,SP,87,148.7588668015116,131.0,1
3,2018-06-02,SP,3,11.046998336424405,4.0,1
3,2018-06-03,SP,0,0.0,0.0,0
3,2018-06-04,SP,176,154.7947385567106,174.0,1
3,2018-06-05,SP,132,162.62275730116588,189.0,1
3,2018-06-06,SP,105,157.0486639502582,148.0,1
3,2018-06-07,SP,104,130.71204183220334,124.0,1
3,2018-06-08,SP,146,144.65199967766884,131.0,1
3,2018-06-09,SP,4,12.660662765911644,4.0,1
3,2018-06-10,SP,0,0.0,0.0,0
3,2018-06-11,SP,189,149.37839107819372,174.0,1
3,2018-06-12,SP,154,155.40193996182253,189.0,1
3,2018-06-13,SP,135,149.82784661091486,148.0,1
3,2018-06-14,SP,114,121.73485807977733,124.0,1
3,2018-06-15,SP,113,144.8603443873306,131.0,1
3,2018-06-16,SP,4,12.794202430866825,4.0,1
3,2018-06-17,SP,0,0.0,0.0,0
3,2018-06-18,SP,161,149.42807267845578,174.0,1
3,2018-06-19,SP,133,155.35938372838092,189.0,1
3,2018-06-20,SP,133,147.26008698199297,148.0,1
3,2018-06-21,SP,106,135.5908699009915,124.0,1
3,2018-06-22,SP,103,142.2217165657977,131.0,1
3,2018-06-23,SP,1,12.677392154649938,4.0,1
3,2018-06-24,SP,0,0.0,0.0,0
3,2018-06-25,SP,185,147.58201773679886,174.0,1
3,2018-06-26,SP,142,153.55221144865027,189.0,1
3,2018-06-27,SP,90,147.79079010261026,148.0,1
3,2018-06-28,SP,124,133.4399775408794,124.0,1
3,2018-06-29,SP,120,142.7398049722738,131.0,1
3,2018-06-30,SP,3,12.38052254767098,4.0,1
3,2018-05-01,TO,0,0.0,0.0,0
3,2018-05-02,TO,0,1.1723356694935807,2.0,1
3,2018-05-03,TO,0,0.8803278647323431,0.0,1
3,2018-05-04,TO,1,0.7109599705177257,1.0,1
3,2018-05-05,TO,0,0.0,0.0,1
3,2018-05-06,TO,0,0.0,0.0,0
3,2018-05-07,TO,1,0.9312673591426552,2.0,1
3,2018-05-08,TO,1,1.03487369234826,0.0,1
3,2018-05-09,TO,2,0.6086627132615469,2.0,1
3,2018-05-10,TO,0,1.0180933557376615,0.0,1
3,2018-05-11,TO,0,0.6381471397893749,1.0,1
3,2018-05-12,TO,1,0.0,0.0,1
3,2018-05-13,TO,0,0.0,0.0,0
3,2018-05-14,TO,2,0.2926305372549713,2.0,1
3,2018-05-15,TO,1,1.1367577076554678,0.0,1
3,2018-05-16,TO,2,0.9583691409210201,2.0,1
3,2018-05-17,TO,2,0.8386330578536968,0.0,1
3,2018-05-18,TO,0,0.6855406315857366,1.0,1
3,2018-05-19,TO,0,0.0,0.0,1
3,2018-05-20,TO,0,0.0,0.0,0
3,2018-05-21,TO,1,0.5112112676924317,2.0,1
3,2018-05-22,TO,0,0.8421244943450396,0.0,1
3,2018-05-23,TO,0,1.0178414293797655,2.0,1
3,2018-05-24,TO,0,0.8840518492047993,0.0,1
3,2018-05-25,TO,0,0.8057517759387494,1.0,1
3,2018-05-26,TO,0,0.0,0.0,1
3,2018-05-27,TO,0,0.0,0.0,0
3,2018-05-28,TO,0,0.7523284620111861,2.0,1
3,2018-05-29,TO,0,0.9908588005935207,0.0,1
3,2018-05-30,TO,0,0.9878011838266684,2.0,1
3,2018-05-31,TO,0,0.0,0.0,0
3,2018-06-01,TO,0,0.7548493710053815,1.0,1
3,2018-06-02,TO,0,0.005522856882751422,0.0,1
3,2018-06-03,TO,0,0.0,0.0,0
3,2018-06-04,TO,1,0.8086800713079563,2.0,1
3,2018-06-05,TO,1,1.1487880735747942,0.0,1
3,2018-06-06,TO,1,1.0995942001682253,2.0,1
3,2018-06-07,TO,1,1.333131845113407,0.0,1
3,2018-06-08,TO,0,1.1823388162456394,1.0,1
3,2018-06-09,TO,0,0.0,0.0,1
3,2018-06-10,TO,0,0.0,0.0,0
3,2018-06-11,TO,1,0.9036633289491455,2.0,1
3,2018-06-12,TO,2,1.1212606418562607,0.0,1
3,2018-06-13,TO,0,1.0788214010770505,2.0,1
3,2018-06-14,TO,3,1.4842164588725983,0.0,1
3,2018-06-15,TO,2,1.4929547984889746,1.0,1
3,2018-06-16,TO,0,0.0,0.0,1
3,2018-06-17,TO,0,0.0,0.0,0
3,2018-06-18,TO,0,0.977217493176209,2.0,1
3,2018-06-19,TO,0,1.1842212700335968,0.0,1
3,2018-06-20,TO,2,0.6240649014079936,2.0,1
3,2018-06-21,TO,1,0.7204918068694769,0.0,1
3,2018-06-22,TO,0,0.676229879122681,1.0,1
3,2018-06-23,TO,0,0.0,0.0,1
3,2018-06-24,TO,0,0.0,0.0,0
3,2018-06-25,TO,1,0.5846814916184526,2.0,1
3,2018-06-26,TO,1,0.876684157720878,0.0,1
3,2018-06-27,TO,0,0.5490113657179607,2.0,1
3,2018-06-28,TO,0,0.5383345380060703,0.0,1
3,2018-06-29,TO,0,0.5129713691777481,1.0,1
3,2018-06-30,TO,0,0.0,0.0,1
4,2018-07-01,AC,0,0.0,0.0,0
4,2018-07-02,AC,0,0.29328729515035185,0.0,1
4,2018-07-03,AC,0,0.0,0.0,1
4,2018-07-04,AC,0,0.0,1.0,1
4,2018-07-05,AC,0,0.06965630750387238,0.0,1
4,2018-07-06,AC,0,0.10004417507277366,1.0,1
4,2018-07-07,AC,0,7.201391331568097e-35,0.0,1
4,2018-07-08,AC,0,0.0,0.0,0
4,2018-07-09,AC,0,0.33821515454783446,0.0,1
4,2018-07-10,AC,0,0.05319481769515214,0.0,1
4,2018-07-11,AC,0,0.048646440659440106,1.0,1
4,2018-07-12,AC,0,0.12491808843453905,0.0,1
4,2018-07-13,AC,0,0.13066797942407357,1.0,1
4,2018-07-14,AC,0,0.0,0.0,1
4,2018-07-15,AC,0,0.0,0.0,0
4,2018-07-16,AC,0,0.3931635371046223,0.0,1
4,2018-07-17,AC,0,0.07923039338923335,0.0,1
4,2018-07-18,AC,0,0.08177147906808999,1.0,1
4,2018-07-19,AC,0,0.0985286677621505,0.0,1
4,2018-07-20,AC,0,0.10042260529496044,1.0,1
4,2018-07-21,AC,0,0.0025405785872614404,0.0,1
4,2018-07-22,AC,0,0.0,0.0,0
4,2018-07-23,AC,0,0.3629181629755091,0.0,1
4,2018-07-24,AC,0,0.12346289336421383,0.0,1
4,2018-07-25,AC,0,0.10753218251522231,1.0,1
4,2018-07-26,AC,1,0.07034823397470569,0.0,1
4,2018-07-27,AC,2,0.07473080296635345,1.0,1
4,2018-07-28,AC,0,0.0,0.0,1
4,2018-07-29,AC,0,0.0,0.0,0
4,2018-07-30,AC,0,0.391134596972466,0.0,1
4,2018-07-31,AC,0,0.09201703480221918,0.0,1
4,2018-08-01,AC,0,0.09779357767542765,1.0,1
4,2018-08-02,AC,1,0.07176177515681244,0.0,1
4,2018-08-03,AC,0,0.07283129953234704,1.0,1
4,2018-08-04,AC,0,0.0,0.0,1
4,2018-08-05,AC,0,0.0,0.0,0
4,2018-08-06,AC,0,0.4019437730307497,0.0,1
4,2018-08-07,AC,0,0.16006475392433367,0.0,1
4,2018-08-08,AC,0,0.08602837772082153,1.0,1
4,2018-08-09,AC,1,0.08546375185051602,0.0,1
4,2018-08-10,AC,0,0.08735768938332605,1.0,1
4,2018-08-11,AC,0,7.201391331568097e-35,0.0,1
4,2018-08-12,AC,0,0.0,0.0,0
4,2018-08-13,AC,0,0.37934777625048827,0.0,1
4,2018-08-14,AC,0,0.13746875714407222,0.0,1
4,2018-08-15,AC,0,0.09677090415744835,1.0,1
4,2018-08-16,AC,0,0.09620627828714282,0.0,1
4,2018-08-17,AC,0,0.09810021581995282,1.0,1
4,2018-08-18,AC,0,0.0,0.0,1
4,2018-08-19,AC,0,0.0,0.0,0
4,2018-08-20,AC,0,0.38042668710174204,0.0,1
4,2018-08-21,AC,1,0.138547667995326,0.0,1
4,2018-08-22,AC,1,0.09677090415744835,1.0,1
4,2018-08-23,AC,0,0.09422016941289602,0.0,1
4,2018-08-24,AC,0,0.09611410694570599,1.0,1
4,2018-08-25,AC,0,4.232705803291898e-05,0.0,1
4,2018-08-26,AC,0,0.0,0.0,0
4,2018-08-27,AC,0,0.37752067047611026,0.0,1
4,2018-08-28,AC,0,0.13564165136969425,0.0,1
4,2018-08-29,AC,0,0.09285311983951477,1.0,1
4,2018-08-30,AC,0,0.0922884939692093,0.0,1
4,2018-08-31,AC,0,0.036335082451995834,1.0,1
4,2018-07-01,AL,0,0.0,0.0,0
4,2018-07-02,AL,1,1.6687042058412649,2.0,1
4,2018-07-03,AL,0,1.16846467967574,0.0,1
4,2018-07-04,AL,1,1.2124321922798713,2.0,1
4,2018-07-05,AL,0,0.8739431779084385,3.0,1
4,2018-07-06,AL,0,0.8473232245932553,0.0,1
4,2018-07-07,AL,1,0.0,0.0,1
4,2018-07-08,AL,0,0.0,0.0,0
4,2018-07-09,AL,0,1.6134338707143465,2.0,1
4,2018-07-10,AL,3,1.2637080767102964,0.0,1
4,2018-07-11,AL,1,1.2216903150776224,2.0,1
4,2018-07-12,AL,0,1.1564415372081107,3.0,1
4,2018-07-13,AL,2,1.0120001184814833,0.0,1
4,2018-07-14,AL,0,0.0,0.0,1
4,2018-07-15,AL,0,0.0,0.0,0
4,2018-07-16,AL,0,1.682089201170934,2.0,1
4,2018-07-17,AL,4,1.2847998592076615,0.0,1
4,2018-07-18,AL,1,1.1582934532518758,2.0,1
4,2018-07-19,AL,0,1.076317876583673,3.0,1
4,2018-07-20,AL,2,0.9575922531927188,0.0,1
4,2018-07-21,AL,0,0.0,0.0,1
4,2018-07-22,AL,0,0.0,0.0,0
4,2018-07-23,AL,2,1.6460922553044908,2.0,1
4,2018-07-24,AL,1,1.279048287470331,0.0,1
4,2018-07-25,AL,0,1.1853182191462817,2.0,1
4,2018-07-26,AL,0,1.0423858710588978,3.0,1
4,2018-07-27,AL,1,0.9261488791267813,0.0,1
4,2018-07-28,AL,0,0.0,0.0,1
4,2018-07-29,AL,0,0.0,0.0,0
4,2018-07-30,AL,1,1.6892932299117636,2.0,1
4,2018-07-31,AL,2,1.2384310379485755,0.0,1
4,2018-08-01,AL,0,0.9874647895762653,2.0,1
4,2018-08-02,AL,2,1.0498555976661,3.0,1
4,2018-08-03,AL,1,0.924071248941588,0.0,1
4,2018-08-04,AL,0,0.0,0.0,1
4,2018-08-05,AL,0,0.0,0.0,0
4,2018-08-06,AL,1,1.695570117126895,2.0,1
4,2018-08-07,AL,0,1.3285261492927354,0.0,1
4,2018-08-08,AL,3,1.166805220602981,2.0,1
4,2018-08-09,AL,3,1.060492195185808,3.0,1
4,2018-08-10,AL,2,0.941766571794854,0.0,1
4,2018-08-11,AL,0,0.0,0.0,1
4,2018-08-12,AL,0,0.0,0.0,0
4,2018-08-13,AL,1,1.6729741203466337,2.0,1
4,2018-08-14,AL,2,1.305930152512474,0.0,1
4,2018-08-15,AL,1,1.176468836188354,2.0,1
4,2018-08-16,AL,0,1.070155810771181,3.0,1
4,2018-08-17,AL,0,0.9514301873802271,0.0,1
4,2018-08-18,AL,0,0.0,0.0,1
4,2018-08-19,AL,0,0.0,0.0,0
4,2018-08-20,AL,0,1.6729741203466337,2.0,1
4,2018-08-21,AL,0,1.305930152512474,0.0,1
4,2018-08-22,AL,1,1.176468836188354,2.0,1
4,2018-08-23,AL,0,1.0681697018969343,3.0,1
4,2018-08-24,AL,0,0.9494440785059802,0.0,1
4,2018-08-25,AL,0,0.0,0.0,1
4,2018-08-26,AL,0,0.0,0.0,0
4,2018-08-27,AL,0,1.705130461502022,2.0,1
4,2018-08-28,AL,0,1.3380864936678623,0.0,1
4,2018-08-29,AL,0,1.2086251773437435,2.0,1
4,2018-08-30,AL,0,1.10231215192657,3.0,1
4,2018-08-31,AL,0,0.9037500880708619,0.0,1
4,2018-07-01,AM,0,0.0,0.0,0
4,2018-07-02,AM,0,0.0350742341187161,0.0,1
4,2018-07-03,AM,1,0.11415942059669176,0.0,1
4,2018-07-04,AM,0,0.10801775217176568,0.0,1
4,2018-07-05,AM,1,0.10443945429556206,0.0,1
4,2018-07-06,AM,0,0.09706301897069894,0.0,1
4,2018-07-07,AM,0,0.0,0.0,1
4,2018-07-08,AM,0,0.0,0.0,0
4,2018-07-09,AM,0,0.6122354681621517,0.0,1
4,2018-07-10,AM,1,0.3533497300692431,0.0,1
4,2018-07-11,AM,0,0.3362123316503043,0.0,1
4,2018-07-12,AM,0,0.3504868647509165,0.0,1
4,2018-07-13,AM,1,0.32734291982311053,0.0,1
4,2018-07-14,AM,0,0.0,0.0,1
4,2018-07-15,AM,0,0.0,0.0,0
4,2018-07-16,AM,0,0.6447192414050262,0.0,1
4,2018-07-17,AM,3,0.3747049544715584,0.0,1
4,2018-07-18,AM,1,0.3185171935502663,0.0,1
4,2018-07-19,AM,0,0.3156674102518876,0.0,1
4,2018-07-20,AM,0,0.29131248802322335,0.0,1
4,2018-07-21,AM,0,0.0,0.0,1
4,2018-07-22,AM,0,0.0,0.0,0
4,2018-07-23,AM,2,0.6144738672759131,0.0,1
4,2018-07-24,AM,1,0.3747049544715584,0.0,1
4,2018-07-25,AM,1,0.3414083361708183,0.0,1
4,2018-07-26,AM,0,0.2874869764644428,0.0,1
4,2018-07-27,AM,1,0.2656206856946164,0.0,1
4,2018-07-28,AM,0,0.0,0.0,1
4,2018-07-29,AM,0,0.0,0.0,0
4,2018-07-30,AM,3,0.6426903012728701,0.0,1
4,2018-07-31,AM,1,0.3409149729077314,0.0,1
4,2018-08-01,AM,0,0.2622505950508912,0.0,1
4,2018-08-02,AM,1,0.2889005176465496,0.0,1
4,2018-08-03,AM,0,0.2652794728183499,0.0,1
4,2018-08-04,AM,0,0.0,0.0,1
4,2018-08-05,AM,0,0.0,0.0,0
4,2018-08-06,AM,1,0.6526340183937728,0.0,1
4,2018-08-07,AM,2,0.41286510558941847,0.0,1
4,2018-08-08,AM,0,0.3214628219341575,0.0,1
4,2018-08-09,AM,0,0.30416078489799314,0.0,1
4,2018-08-10,AM,0,0.28234562887362297,0.0,1
4,2018-08-11,AM,0,0.0,0.0,1
4,2018-08-12,AM,0,0.0,0.0,0
4,2018-08-13,AM,0,0.6325777878178057,0.0,1
4,2018-08-14,AM,0,0.39280887501345113,0.0,1
4,2018-08-15,AM,0,0.3376056297608165,0.0,1
4,2018-08-16,AM,1,0.32030359272465214,0.0,1
4,2018-08-17,AM,0,0.2959486704959879,0.0,1
4,2018-08-18,AM,0,0.0,0.0,1
4,2018-08-19,AM,0,0.0,0.0,0
4,2018-08-20,AM,0,0.6365172138547975,0.0,1
4,2018-08-21,AM,0,0.39674830105044295,0.0,1
4,2018-08-22,AM,0,0.3376056297608165,0.0,1
4,2018-08-23,AM,0,0.31831748385040526,0.0,1
4,2018-08-24,AM,0,0.293962561621741,0.0,1
4,2018-08-25,AM,0,0.0,0.0,1
4,2018-08-26,AM,0,0.0,0.0,0
4,2018-08-27,AM,0,0.6686735550101859,0.0,1
4,2018-08-28,AM,0,0.4289046422058312,0.0,1
4,2018-08-29,AM,0,0.36875020322390273,0.0,1
4,2018-08-30,AM,0,0.35144816618773855,0.0,1
4,2018-08-31,AM,0,0.2690686120625653,0.0,1
4,2018-07-01,AP,0,0.0,0.0,0
4,2018-07-02,AP,0,0.3053041042595896,0.0,1
4,2018-07-03,AP,0,0.05904680190905996,0.0,1
4,2018-07-04,AP,0,0.05287409910467232,0.0,1
4,2018-07-05,AP,0,0.09510129566199743,1.0,1
4,2018-07-06,AP,0,0.07123058862230174,0.0,1
4,2018-07-07,AP,0,7.201391331568097e-35,0.0,1
4,2018-07-08,AP,0,0.0,0.0,0
4,2018-07-09,AP,0,0.3361039063452669,0.0,1
4,2018-07-10,AP,0,0.07863770407003887,0.0,1
4,2018-07-11,AP,2,0.0795303670811896,0.0,1
4,2018-07-12,AP,0,0.1254493936643509,1.0,1
4,2018-07-13,AP,0,0.1282775000854054,0.0,1
4,2018-07-14,AP,0,0.0,0.0,1
4,2018-07-15,AP,0,0.0,0.0,0
4,2018-07-16,AP,0,0.39082528150785395,0.0,1
4,2018-07-17,AP,2,0.12112463776744545,0.0,1
4,2018-07-18,AP,1,0.08230278429790189,0.0,1
4,2018-07-19,AP,0,0.09619041216538202,1.0,1
4,2018-07-20,AP,0,0.10045009471795785,0.0,1
4,2018-07-21,AP,0,0.0025405785872614404,0.0,1
4,2018-07-22,AP,0,0.0,0.0,0
4,2018-07-23,AP,0,0.36057990737874085,0.0,1
4,2018-07-24,AP,0,0.12112463776744545,0.0,1
4,2018-07-25,AP,1,0.10519392691845386,0.0,1
4,2018-07-26,AP,0,0.06800997837793721,1.0,1
4,2018-07-27,AP,0,0.07475829238935086,0.0,1
4,2018-07-28,AP,0,0.0,0.0,1
4,2018-07-29,AP,0,0.0,0.0,0
4,2018-07-30,AP,0,0.38879634137569774,0.0,1
4,2018-07-31,AP,0,0.0896787792054507,0.0,1
4,2018-08-01,AP,0,0.09545532207865917,0.0,1
4,2018-08-02,AP,0,0.06942351956004394,1.0,1
4,2018-08-03,AP,0,0.07285878895534442,0.0,1
4,2018-08-04,AP,0,0.0,0.0,1
4,2018-08-05,AP,0,0.0,0.0,0
4,2018-08-06,AP,0,0.3996055174339813,0.0,1
4,2018-08-07,AP,0,0.15772649832756522,0.0,1
4,2018-08-08,AP,0,0.08369012212405308,0.0,1
4,2018-08-09,AP,0,0.08312549625374754,1.0,1
4,2018-08-10,AP,0,0.08738517880632335,0.0,1
4,2018-08-11,AP,0,7.201391331568097e-35,0.0,1
4,2018-08-12,AP,0,0.0,0.0,0
4,2018-08-13,AP,0,0.3770095206537199,0.0,1
4,2018-08-14,AP,0,0.13513050154730377,0.0,1
4,2018-08-15,AP,0,0.09443264856067993,0.0,1
4,2018-08-16,AP,2,0.09386802269037431,1.0,1
4,2018-08-17,AP,0,0.0981277052429502,0.0,1
4,2018-08-18,AP,0,0.0,0.0,1
4,2018-08-19,AP,0,0.0,0.0,0
4,2018-08-20,AP,0,0.3780884315049737,0.0,1
4,2018-08-21,AP,0,0.13620941239855755,0.0,1
4,2018-08-22,AP,0,0.09443264856067993,0.0,1
4,2018-08-23,AP,0,0.09188191381612751,1.0,1
4,2018-08-24,AP,0,0.09614159636870337,0.0,1
4,2018-08-25,AP,0,4.232705803291898e-05,0.0,1
4,2018-08-26,AP,0,0.0,0.0,0
4,2018-08-27,AP,0,0.37343552939514546,0.0,1
4,2018-08-28,AP,0,0.1315565102887294,0.0,1
4,2018-08-29,AP,0,0.08876797875854989,0.0,1
4,2018-08-30,AP,0,0.08820335288824441,1.0,1
4,2018-08-31,AP,0,0.0363625718749932,0.0,1
4,2018-07-01,BA,0,0.0,0.0,0
4,2018-07-02,BA,8,9.214057275727992,7.0,1
4,2018-07-03,BA,18,8.770779331570951,8.0,1
4,2018-07-04,BA,4,9.062230396523255,6.0,1
4,2018-07-05,BA,8,7.669179584384043,8.0,1
4,2018-07-06,BA,5,7.3928462999898015,5.0,1
4,2018-07-07,BA,0,0.01752600839060748,0.0,1
4,2018-07-08,BA,0,0.0,0.0,0
4,2018-07-09,BA,1,9.659625747331303,7.0,1
4,2018-07-10,BA,10,9.513395401419704,8.0,1
4,2018-07-11,BA,9,8.489083241827922,6.0,1
4,2018-07-12,BA,7,7.681628526419815,8.0,1
4,2018-07-13,BA,10,7.110298916812782,5.0,1
4,2018-07-14,BA,0,0.0008610583058727997,0.0,1
4,2018-07-15,BA,0,0.0,0.0,0
4,2018-07-16,BA,14,10.211007632248052,7.0,1
4,2018-07-17,BA,14,10.582528408831955,8.0,1
4,2018-07-18,BA,10,9.033262021248133,6.0,1
4,2018-07-19,BA,12,8.207157287808428,8.0,1
4,2018-07-20,BA,8,8.004215333497694,5.0,1
4,2018-07-21,BA,0,0.0,0.0,1
4,2018-07-22,BA,0,0.0,0.0,0
4,2018-07-23,BA,14,10.949006090675871,7.0,1
4,2018-07-24,BA,19,10.588351323099188,8.0,1
4,2018-07-25,BA,20,8.585151701700658,6.0,1
4,2018-07-26,BA,6,8.037348401821255,8.0,1
4,2018-07-27,BA,16,7.7386140234975285,5.0,1
4,2018-07-28,BA,0,0.005416631539882657,0.0,1
4,2018-07-29,BA,0,0.0,0.0,0
4,2018-07-30,BA,13,10.852890186720826,7.0,1
4,2018-07-31,BA,13,10.057577079645137,8.0,1
4,2018-08-01,BA,16,8.011521427915884,6.0,1
4,2018-08-02,BA,11,8.041378130328535,8.0,1
4,2018-08-03,BA,14,7.662005279368689,5.0,1
4,2018-08-04,BA,0,0.0,0.0,1
4,2018-08-05,BA,0,0.0,0.0,0
4,2018-08-06,BA,16,10.921890383950515,7.0,1
4,2018-08-07,BA,14,10.697112496836228,8.0,1
4,2018-08-08,BA,11,8.877368431814421,6.0,1
4,2018-08-09,BA,13,7.987201395407029,8.0,1
4,2018-08-10,BA,9,7.597218858360516,5.0,1
4,2018-08-11,BA,0,0.0,0.0,1
4,2018-08-12,BA,0,0.0,0.0,0
4,2018-08-13,BA,17,10.816812643308813,7.0,1
4,2018-08-14,BA,8,10.546979857600203,8.0,1
4,2018-08-15,BA,12,8.508048988201601,6.0,1
4,2018-08-16,BA,13,7.974922842877735,8.0,1
4,2018-08-17,BA,10,7.584940305831224,5.0,1
4,2018-08-18,BA,1,0.0018687587439835912,0.0,1
4,2018-08-19,BA,0,0.0,0.0,0
4,2018-08-20,BA,6,10.794870475194147,7.0,1
4,2018-08-21,BA,10,10.57009258807986,8.0,1
4,2018-08-22,BA,6,8.882766857721277,6.0,1
4,2018-08-23,BA,3,7.972936734003486,8.0,1
4,2018-08-24,BA,1,7.582954196956977,5.0,1
4,2018-08-25,BA,0,0.0,0.0,1
4,2018-08-26,BA,0,0.0,0.0,0
4,2018-08-27,BA,0,10.871502754990265,7.0,1
4,2018-08-28,BA,0,10.646724867875978,8.0,1
4,2018-08-29,BA,0,8.959399137517396,6.0,1
4,2018-08-30,BA,0,8.051555122673864,8.0,1
4,2018-08-31,BA,0,7.107632061570081,5.0,1
4,2018-07-01,CE,0,0.0,0.0,0
4,2018-07-02,CE,2,3.765229412838353,2.0,1
4,2018-07-03,CE,6,3.8367338735001884,6.0,1
4,2018-07-04,CE,6,3.2576025161298032,4.0,1
4,2018-07-05,CE,3,3.2051420265538533,6.0,1
4,2018-07-06,CE,2,3.039855167544197,2.0,1
4,2018-07-07,CE,0,0.004224396324153791,0.0,1
4,2018-07-08,CE,0,0.0,0.0,0
4,2018-07-09,CE,2,3.953218459385496,2.0,1
4,2018-07-10,CE,9,3.7475318802585322,6.0,1
4,2018-07-11,CE,3,3.5284408284058744,4.0,1
4,2018-07-12,CE,3,3.1225059829106647,6.0,1
4,2018-07-13,CE,3,2.7886977876207033,2.0,1
4,2018-07-14,CE,1,0.0,0.0,1
4,2018-07-15,CE,0,0.0,0.0,0
4,2018-07-16,CE,5,4.127066804941231,2.0,1
4,2018-07-17,CE,9,3.8633072471480405,6.0,1
4,2018-07-18,CE,3,3.642349509642356,4.0,1
4,2018-07-19,CE,4,3.0572540952845384,6.0,1
4,2018-07-20,CE,2,2.871926909347506,2.0,1
4,2018-07-21,CE,0,0.0036268819095654097,0.0,1
4,2018-07-22,CE,0,0.0,0.0,0
4,2018-07-23,CE,3,4.07320385001332,2.0,1
4,2018-07-24,CE,4,3.849703245645326,6.0,1
4,2018-07-25,CE,3,3.6319983209172073,4.0,1
4,2018-07-26,CE,4,3.023322089759763,6.0,1
4,2018-07-27,CE,2,2.8379949038227306,2.0,1
4,2018-07-28,CE,0,0.0,0.0,1
4,2018-07-29,CE,0,0.0,0.0,0
4,2018-07-30,CE,9,4.1129648265206695,2.0,1
4,2018-07-31,CE,4,3.724999633011759,6.0,1
4,2018-08-01,CE,1,3.2636421532229716,4.0,1
4,2018-08-02,CE,1,3.0379260115875266,6.0,1
4,2018-08-03,CE,8,2.863208511737171,2.0,1
4,2018-08-04,CE,0,0.0030762203366742117,0.0,1
4,2018-08-05,CE,0,0.0,0.0,0
4,2018-08-06,CE,6,4.14476255492142,2.0,1
4,2018-08-07,CE,7,3.9212619505534243,6.0,1
4,2018-08-08,CE,2,3.5428161026763703,4.0,1
4,2018-08-09,CE,5,3.0583785907620844,6.0,1
4,2018-08-10,CE,8,2.873051404825052,2.0,1
4,2018-08-11,CE,0,0.0,0.0,1
4,2018-08-12,CE,0,0.0,0.0,0
4,2018-08-13,CE,3,4.0559995776087305,2.0,1
4,2018-08-14,CE,3,3.8324989732407397,6.0,1
4,2018-08-15,CE,2,3.6270129484525895,4.0,1
4,2018-08-16,CE,2,3.0758946361128423,6.0,1
4,2018-08-17,CE,3,2.882715020410425,2.0,1
4,2018-08-18,CE,0,0.003518288313107175,0.0,1
4,2018-08-19,CE,0,0.0,0.0,0
4,2018-08-20,CE,1,4.0559995776087305,2.0,1
4,2018-08-21,CE,3,3.8324989732407397,6.0,1
4,2018-08-22,CE,1,3.579062800512551,4.0,1
4,2018-08-23,CE,1,3.0739085272385958,6.0,1
4,2018-08-24,CE,0,2.8885813413015633,2.0,1
4,2018-08-25,CE,0,0.0,0.0,1
4,2018-08-26,CE,0,0.0,0.0,0
4,2018-08-27,CE,0,4.0969282562808935,2.0,1
4,2018-08-28,CE,0,3.865575222147513,6.0,1
4,2018-08-29,CE,0,3.612139049419325,4.0,1
4,2018-08-30,CE,0,3.1011184552542317,6.0,1
4,2018-08-31,CE,0,2.812976274674744,2.0,1
4,2018-07-01,DF,0,0.0,0.0,0
4,2018-07-02,DF,3,8.629594187610218,8.0,1
4,2018-07-03,DF,4,8.096045345229307,12.0,1
4,2018-07-04,DF,11,6.599159751911313,5.0,1
4,2018-07-05,DF,7,5.950109928151236,6.0,1
4,2018-07-06,DF,5,5.4140909697896005,8.0,1
4,2018-07-07,DF,0,0.0036725244592155453,0.0,1
4,2018-07-08,DF,0,0.0,0.0,0
4,2018-07-09,DF,1,7.473237048426979,8.0,1
4,2018-07-10,DF,3,7.536295624331364,12.0,1
4,2018-07-11,DF,2,5.571031747479001,5.0,1
4,2018-07-12,DF,4,5.489999892306836,6.0,1
4,2018-07-13,DF,3,5.222169086745951,8.0,1
4,2018-07-14,DF,0,0.0,0.0,1
4,2018-07-15,DF,0,0.0,0.0,0
4,2018-07-16,DF,8,7.144416521050607,8.0,1
4,2018-07-17,DF,9,6.4627143066895965,12.0,1
4,2018-07-18,DF,7,6.198750462374259,5.0,1
4,2018-07-19,DF,12,5.556784228246312,6.0,1
4,2018-07-20,DF,5,4.927917588369917,8.0,1
4,2018-07-21,DF,0,0.012449985233980406,0.0,1
4,2018-07-22,DF,0,0.0,0.0,0
4,2018-07-23,DF,6,6.863974502832851,8.0,1
4,2018-07-24,DF,12,6.578815637216882,12.0,1
4,2018-07-25,DF,4,6.019280993689963,5.0,1
4,2018-07-26,DF,10,5.043119138302294,6.0,1
4,2018-07-27,DF,19,4.442068515931836,8.0,1
4,2018-07-28,DF,0,0.0,0.0,1
4,2018-07-29,DF,0,0.0,0.0,0
4,2018-07-30,DF,13,6.463251340272563,8.0,1
4,2018-07-31,DF,12,5.7834469789886676,12.0,1
4,2018-08-01,DF,7,5.223230597223421,5.0,1
4,2018-08-02,DF,4,5.2363214536563145,6.0,1
4,2018-08-03,DF,9,4.851035633352966,8.0,1
4,2018-08-04,DF,1,0.014874402057168737,0.0,1
4,2018-08-05,DF,0,0.0,0.0,0
4,2018-08-06,DF,14,6.90096141104495,8.0,1
4,2018-08-07,DF,11,6.553450336079734,12.0,1
4,2018-08-08,DF,7,5.3999210513557685,5.0,1
4,2018-08-09,DF,5,4.824492833393375,6.0,1
4,2018-08-10,DF,13,4.572263772243355,8.0,1
4,2018-08-11,DF,0,0.0,0.0,1
4,2018-08-12,DF,0,0.0,0.0,0
4,2018-08-13,DF,14,6.386792737721921,8.0,1
4,2018-08-14,DF,4,6.100682134481086,12.0,1
4,2018-08-15,DF,12,5.598868572647,5.0,1
4,2018-08-16,DF,7,5.079537350696108,6.0,1
4,2018-08-17,DF,6,4.633457719959414,8.0,1
4,2018-08-18,DF,1,0.014021326486720533,0.0,1
4,2018-08-19,DF,0,0.0,0.0,0
4,2018-08-20,DF,9,6.7616518509053325,8.0,1
4,2018-08-21,DF,15,6.4264304273233686,12.0,1
4,2018-08-22,DF,8,5.521946705090627,5.0,1
4,2018-08-23,DF,4,4.985681112469178,6.0,1
4,2018-08-24,DF,5,4.561451427866487,8.0,1
4,2018-08-25,DF,0,0.0,0.0,1
4,2018-08-26,DF,0,0.0,0.0,0
4,2018-08-27,DF,3,6.405960416780824,8.0,1
4,2018-08-28,DF,0,6.296568472540786,12.0,1
4,2018-08-29,DF,0,5.886568840088383,5.0,1
4,2018-08-30,DF,0,5.028777068516994,6.0,1
4,2018-08-31,DF,0,4.537254821894397,8.0,1
4,2018-07-01,ES,0,0.0,0.0,0
4,2018-07-02,ES,6,8.216442456584547,11.0,1
4,2018-07-03,ES,7,6.253037783173722,7.0,1
4,2018-07-04,ES,5,5.440526034717342,4.0,1
4,2018-07-05,ES,5,4.790563578432158,8.0,1
4,2018-07-06,ES,1,4.918318150392763,3.0,1
4,2018-07-07,ES,1,0.008192903617088484,1.0,1
4,2018-07-08,ES,0,0.0,0.0,0
4,2018-07-09,ES,0,7.091352508272805,11.0,1
4,2018-07-10,ES,1,6.264574874643168,7.0,1
4,2018-07-11,ES,1,5.461569503566111,4.0,1
4,2018-07-12,ES,6,5.076232602024937,8.0,1
4,2018-07-13,ES,6,4.596533919283452,3.0,1
4,2018-07-14,ES,0,0.006748351613208039,1.0,1
4,2018-07-15,ES,0,0.0,0.0,0
4,2018-07-16,ES,5,6.593855191745118,11.0,1
4,2018-07-17,ES,7,6.282418904778133,7.0,1
4,2018-07-18,ES,9,5.514971464958903,4.0,1
4,2018-07-19,ES,7,5.041919859871645,8.0,1
4,2018-07-20,ES,9,4.653212607891503,3.0,1
4,2018-07-21,ES,0,0.006753175735064895,1.0,1
4,2018-07-22,ES,0,0.0,0.0,0
4,2018-07-23,ES,8,6.603570392682839,11.0,1
4,2018-07-24,ES,7,6.276667333040803,7.0,1
4,2018-07-25,ES,4,5.7543396012436245,4.0,1
4,2018-07-26,ES,5,5.00798785434687,8.0,1
4,2018-07-27,ES,10,4.619280602366728,3.0,1
4,2018-07-28,ES,0,0.006552982358344619,1.0,1
4,2018-07-29,ES,0,0.0,0.0,0
4,2018-07-30,ES,7,6.643331369190188,11.0,1
4,2018-07-31,ES,6,6.151963720407236,7.0,1
4,2018-08-01,ES,4,5.146627920687226,4.0,1
4,2018-08-02,ES,3,5.0665386979823825,8.0,1
4,2018-08-03,ES,10,4.688441132088918,3.0,1
4,2018-08-04,ES,1,0.014042776920203701,1.0,1
4,2018-08-05,ES,0,0.0,0.0,0
4,2018-08-06,ES,5,6.721797782953788,11.0,1
4,2018-08-07,ES,10,6.394894723311752,7.0,1
4,2018-08-08,ES,6,5.533269065895046,4.0,1
4,2018-08-09,ES,7,4.957840847932652,8.0,1
4,2018-08-10,ES,8,4.56913359595251,3.0,1
4,2018-08-11,ES,0,0.014076619449565729,1.0,1
4,2018-08-12,ES,0,0.0,0.0,0
4,2018-08-13,ES,7,6.562198927183854,11.0,1
4,2018-08-14,ES,7,6.235295867541818,7.0,1
4,2018-08-15,ES,3,5.677236887744569,4.0,1
4,2018-08-16,ES,8,4.94556229540336,8.0,1
4,2018-08-17,ES,4,4.5568550434232185,3.0,1
4,2018-08-18,ES,1,0.013722439953909189,1.0,1
4,2018-08-19,ES,0,0.0,0.0,0
4,2018-08-20,ES,5,6.540256759069188,11.0,1
4,2018-08-21,ES,11,6.213353699427152,7.0,1
4,2018-08-22,ES,6,5.73333388375607,4.0,1
4,2018-08-23,ES,4,4.943576186529113,8.0,1
4,2018-08-24,ES,4,4.5548689345489715,3.0,1
4,2018-08-25,ES,0,0.013727289831961175,1.0,1
4,2018-08-26,ES,0,0.0,0.0,0
4,2018-08-27,ES,1,6.616889038865306,11.0,1
4,2018-08-28,ES,0,6.28998597922327,7.0,1
4,2018-08-29,ES,0,5.809966163552188,4.0,1
4,2018-08-30,ES,0,5.022194575199478,8.0,1
4,2018-08-31,ES,0,4.530672328576881,3.0,1
4,2018-07-01,GO,0,0.0,0.0,0
4,2018-07-02,GO,2,6.14237337420968,3.0,1
4,2018-07-03,GO,11,6.16072240715555,10.0,1
4,2018-07-04,GO,8,5.191276933649655,5.0,1
4,2018-07-05,GO,8,5.054829092672777,6.0,1
4,2018-07-06,GO,3,4.769368764674507,5.0,1
4,2018-07-07,GO,0,0.008862664417340134,0.0,1
4,2018-07-08,GO,0,0.0,0.0,0
4,2018-07-09,GO,2,6.545055103147829,3.0,1
4,2018-07-10,GO,2,6.621229631108347,10.0,1
4,2018-07-11,GO,2,5.298743549640084,5.0,1
4,2018-07-12,GO,0,4.934638763073125,6.0,1
4,2018-07-13,GO,4,4.663503910491219,5.0,1
4,2018-07-14,GO,1,0.0,0.0,1
4,2018-07-15,GO,0,0.0,0.0,0
4,2018-07-16,GO,10,6.242550327258414,3.0,1
4,2018-07-17,GO,6,5.974944407447187,10.0,1
4,2018-07-18,GO,5,5.472876339274243,5.0,1
4,2018-07-19,GO,9,4.999824734186986,6.0,1
4,2018-07-20,GO,4,4.747428102334062,5.0,1
4,2018-07-21,GO,0,0.008922450916996814,0.0,1
4,2018-07-22,GO,0,0.0,0.0,0
4,2018-07-23,GO,7,6.67656234666144,3.0,1
4,2018-07-24,GO,9,6.37140441179504,10.0,1
4,2018-07-25,GO,5,5.3757179599006095,5.0,1
4,2018-07-26,GO,4,4.841709583394172,6.0,1
4,2018-07-27,GO,7,4.589312951541248,5.0,1
4,2018-07-28,GO,0,0.0,0.0,1
4,2018-07-29,GO,0,0.0,0.0,0
4,2018-07-30,GO,8,6.236300778603237,3.0,1
4,2018-07-31,GO,3,6.097578943339324,10.0,1
4,2018-08-01,GO,3,5.120994393031096,5.0,1
4,2018-08-02,GO,3,4.969922457169489,6.0,1
4,2018-08-03,GO,8,4.728135511403242,5.0,1
4,2018-08-04,GO,0,0.008297055753399165,0.0,1
4,2018-08-05,GO,0,0.0,0.0,0
4,2018-08-06,GO,6,6.740268621804154,3.0,1
4,2018-08-07,GO,11,6.228616452359053,10.0,1
4,2018-08-08,GO,8,5.288951630816181,5.0,1
4,2018-08-09,GO,9,4.791562576979954,6.0,1
4,2018-08-10,GO,8,4.5391659451270305,5.0,1
4,2018-08-11,GO,0,0.0,0.0,1
4,2018-08-12,GO,0,0.0,0.0,0
4,2018-08-13,GO,8,6.155168336596903,3.0,1
4,2018-08-14,GO,7,6.193200741857158,10.0,1
4,2018-08-15,GO,10,5.422798391669593,5.0,1
4,2018-08-16,GO,7,4.903467169718701,6.0,1
4,2018-08-17,GO,6,4.6510705378657775,5.0,1
4,2018-08-18,GO,0,0.008019822747204098,0.0,1
4,2018-08-19,GO,0,0.0,0.0,0
4,2018-08-20,GO,10,6.613248713047789,3.0,1
4,2018-08-21,GO,9,6.101596543602688,10.0,1
4,2018-08-22,GO,7,5.331194193415123,5.0,1
4,2018-08-23,GO,3,4.83181903070465,6.0,1
4,2018-08-24,GO,0,4.579422398851726,5.0,1
4,2018-08-25,GO,1,0.0,0.0,1
4,2018-08-26,GO,0,0.0,0.0,0
4,2018-08-27,GO,0,6.321751942163142,3.0,1
4,2018-08-28,GO,0,6.24789085353861,10.0,1
4,2018-08-29,GO,0,5.465198851967793,5.0,1
4,2018-08-30,GO,0,4.967809798131567,6.0,1
4,2018-08-31,GO,0,4.555225792879636,5.0,1
4,2018-07-01,MA,0,0.0,0.0,0
4,2018-07-02,MA,0,2.892604917454307,4.0,1
4,2018-07-03,MA,2,2.882576108396764,4.0,1
4,2018-07-04,MA,2,1.6802204085012185,0.0,1
4,2018-07-05,MA,0,2.312643502440409,4.0,1
4,2018-07-06,MA,1,1.7788532215497734,1.0,1
4,2018-07-07,MA,0,0.0023290635459792806,0.0,1
4,2018-07-08,MA,0,0.0,0.0,0
4,2018-07-09,MA,0,3.2450609290705525,4.0,1
4,2018-07-10,MA,2,3.1579386441080524,4.0,1
4,2018-07-11,MA,0,2.8468973241838524,0.0,1
4,2018-07-12,MA,6,2.6322160899914024,4.0,1
4,2018-07-13,MA,4,2.2846512149539406,1.0,1
4,2018-07-14,MA,0,0.0,0.0,1
4,2018-07-15,MA,0,0.0,0.0,0
4,2018-07-16,MA,1,3.1303008952873728,4.0,1
4,2018-07-17,MA,0,2.901793612390941,4.0,1
4,2018-07-18,MA,0,2.502921600423129,0.0,1
4,2018-07-19,MA,2,2.237210414049547,4.0,1
4,2018-07-20,MA,4,2.1202465226367377,1.0,1
4,2018-07-21,MA,1,0.0008849112649766147,0.0,1
4,2018-07-22,MA,0,0.0,0.0,0
4,2018-07-23,MA,2,3.2984280725917015,4.0,1
4,2018-07-24,MA,1,3.069941252637295,4.0,1
4,2018-07-25,MA,2,2.790624472093126,0.0,1
4,2018-07-26,MA,5,2.2736446071081695,4.0,1
4,2018-07-27,MA,2,1.9569769162537511,1.0,1
4,2018-07-28,MA,0,0.0,0.0,1
4,2018-07-29,MA,0,0.0,0.0,0
4,2018-07-30,MA,3,3.3409108126541502,4.0,1
4,2018-07-31,MA,0,2.970087674382022,4.0,1
4,2018-08-01,MA,1,2.485648470919495,0.0,1
4,2018-08-02,MA,2,2.2783931951113696,4.0,1
4,2018-08-03,MA,5,2.103675695261018,1.0,1
4,2018-08-04,MA,0,0.0008617542987260505,0.0,1
4,2018-08-05,MA,0,0.0,0.0,0
4,2018-08-06,MA,4,3.3648561112895163,4.0,1
4,2018-08-07,MA,4,3.13636929133511,4.0,1
4,2018-08-08,MA,1,2.8574249449494578,0.0,1
4,2018-08-09,MA,2,2.240523615083576,4.0,1
4,2018-08-10,MA,3,2.0551964291465437,1.0,1
4,2018-08-11,MA,0,0.0,0.0,1
4,2018-08-12,MA,0,0.0,0.0,0
4,2018-08-13,MA,2,3.146076880766804,4.0,1
4,2018-08-14,MA,0,3.1137732945548486,4.0,1
4,2018-08-15,MA,1,2.667384761093226,0.0,1
4,2018-08-16,MA,3,2.3163618196366853,4.0,1
4,2018-08-17,MA,1,2.131034633699657,1.0,1
4,2018-08-18,MA,0,0.0008855621571096584,0.0,1
4,2018-08-19,MA,0,0.0,0.0,0
4,2018-08-20,MA,1,3.342260114509255,4.0,1
4,2018-08-21,MA,1,2.9398740825711642,4.0,1
4,2018-08-22,MA,0,2.7987252660106097,0.0,1
4,2018-08-23,MA,1,2.1850381099042346,4.0,1
4,2018-08-24,MA,1,2.1290485248254103,1.0,1
4,2018-08-25,MA,0,0.0,0.0,1
4,2018-08-26,MA,0,0.0,0.0,0
4,2018-08-27,MA,0,3.3753363634160287,4.0,1
4,2018-08-28,MA,0,3.1468495434616224,4.0,1
4,2018-08-29,MA,0,2.7656269259496438,0.0,1
4,2018-08-30,MA,0,2.283263479575723,4.0,1
4,2018-08-31,MA,0,1.9540865579289557,1.0,1
4,2018-07-01,MG,0,0.0,0.0,0
4,2018-07-02,MG,11,36.5688876867298,47.0,1
4,2018-07-03,MG,51,35.83660090432021,37.0,1
4,2018-07-04,MG,35,30.73569669613411,28.0,1
4,2018-07-05,MG,37,29.011858241232133,40.0,1
4,2018-07-06,MG,25,32.1444289706332,32.0,1
4,2018-07-07,MG,1,1.6209520136143716,1.0,1
4,2018-07-08,MG,0,0.0,0.0,0
4,2018-07-09,MG,13,34.01024610015999,47.0,1
4,2018-07-10,MG,19,31.821353071285476,37.0,1
4,2018-07-11,MG,12,24.91123860858354,28.0,1
4,2018-07-12,MG,2,24.198386942563314,40.0,1
4,2018-07-13,MG,8,26.361513506421016,32.0,1
4,2018-07-14,MG,0,1.2394972321293858,1.0,1
4,2018-07-15,MG,0,0.0,0.0,0
4,2018-07-16,MG,20,30.62032618638676,47.0,1
4,2018-07-17,MG,32,31.703423134526584,37.0,1
4,2018-07-18,MG,26,24.833794023856775,28.0,1
4,2018-07-19,MG,35,24.144021686018228,40.0,1
4,2018-07-20,MG,49,23.907568949051143,32.0,1
4,2018-07-21,MG,0,1.3826357817004016,1.0,1
4,2018-07-22,MG,0,0.0,0.0,0
4,2018-07-23,MG,37,26.890582293599486,47.0,1
4,2018-07-24,MG,52,31.188560740680455,37.0,1
4,2018-07-25,MG,45,25.572214693736463,28.0,1
4,2018-07-26,MG,26,24.77021033125258,40.0,1
4,2018-07-27,MG,23,24.831435304251915,32.0,1
4,2018-07-28,MG,0,1.3006622439334692,1.0,1
4,2018-07-29,MG,0,0.0,0.0,0
4,2018-07-30,MG,32,27.326174173937602,47.0,1
4,2018-07-31,MG,46,27.10668058135602,37.0,1
4,2018-08-01,MG,26,24.224706856467176,28.0,1
4,2018-08-02,MG,34,24.397022533909684,40.0,1
4,2018-08-03,MG,40,23.699983607416677,32.0,1
4,2018-08-04,MG,1,1.4341915191637937,1.0,1
4,2018-08-05,MG,0,0.0,0.0,0
4,2018-08-06,MG,61,27.72820839371484,47.0,1
4,2018-08-07,MG,57,27.92837247247115,37.0,1
4,2018-08-08,MG,48,25.013828611287003,28.0,1
4,2018-08-09,MG,42,24.56475848205387,40.0,1
4,2018-08-10,MG,35,24.100095059083536,32.0,1
4,2018-08-11,MG,3,1.3658579947793934,1.0,1
4,2018-08-12,MG,0,0.0,0.0,0
4,2018-08-13,MG,55,27.808542586518772,47.0,1
4,2018-08-14,MG,37,29.057996235604318,37.0,1
4,2018-08-15,MG,44,24.838408515157834,28.0,1
4,2018-08-16,MG,31,24.294936158409843,40.0,1
4,2018-08-17,MG,38,23.83027273543951,32.0,1
4,2018-08-18,MG,1,1.3647175506078197,1.0,1
4,2018-08-19,MG,0,0.0,0.0,0
4,2018-08-20,MG,38,26.709339750255324,47.0,1
4,2018-08-21,MG,49,27.308818534295618,37.0,1
4,2018-08-22,MG,38,24.932482520941598,28.0,1
4,2018-08-23,MG,32,24.38702405531936,40.0,1
4,2018-08-24,MG,26,23.64287469311963,32.0,1
4,2018-08-25,MG,3,1.4331082269374031,1.0,1
4,2018-08-26,MG,0,0.0,0.0,0
4,2018-08-27,MG,27,26.600560096605808,47.0,1
4,2018-08-28,MG,3,27.899927011625564,37.0,1
4,2018-08-29,MG,2,25.009114800737713,28.0,1
4,2018-08-30,MG,0,24.186156504760326,40.0,1
4,2018-08-31,MG,0,22.963651613271164,32.0,1
4,2018-07-01,MS,0,0.0,0.0,0
4,2018-07-02,MS,0,2.9852325222724105,4.0,1
4,2018-07-03,MS,0,2.01742647307812,1.0,1
4,2018-07-04,MS,2,2.088585534771629,2.0,1
4,2018-07-05,MS,0,1.9319250441165476,0.0,1
4,2018-07-06,MS,2,2.1171152785814256,2.0,1
4,2018-07-07,MS,0,0.0006492188832220062,0.0,1
4,2018-07-08,MS,0,0.0,0.0,0
4,2018-07-09,MS,1,3.1067242247291285,4.0,1
4,2018-07-10,MS,0,2.537492478376349,1.0,1
4,2018-07-11,MS,0,2.588111783966198,2.0,1
4,2018-07-12,MS,0,2.166743674698525,0.0,1
4,2018-07-13,MS,0,2.094826877403482,2.0,1
4,2018-07-14,MS,0,0.0,0.0,1
4,2018-07-15,MS,0,0.0,0.0,0
4,2018-07-16,MS,2,3.272707846783564,4.0,1
4,2018-07-17,MS,3,2.9553997123404465,1.0,1
4,2018-07-18,MS,5,2.643306594164542,2.0,1
4,2018-07-19,MS,0,2.316621101456971,0.0,1
4,2018-07-20,MS,1,2.162628805162057,2.0,1
4,2018-07-21,MS,0,0.0005992281421539981,0.0,1
4,2018-07-22,MS,0,0.0,0.0,0
4,2018-07-23,MS,7,3.309475465474906,4.0,1
4,2018-07-24,MS,4,3.0809886455205,1.0,1
4,2018-07-25,MS,1,2.6723342641181227,2.0,1
4,2018-07-26,MS,8,2.153351495073992,0.0,1
4,2018-07-27,MS,2,2.1286967996372814,2.0,1
4,2018-07-28,MS,0,0.0,0.0,1
4,2018-07-29,MS,0,0.0,0.0,0
4,2018-07-30,MS,3,3.3249949914783326,4.0,1
4,2018-07-31,MS,5,2.891008841315736,1.0,1
4,2018-08-01,MS,2,2.469732649743677,2.0,1
4,2018-08-02,MS,3,2.262477373935552,0.0,1
4,2018-08-03,MS,3,2.1190947637273148,2.0,1
4,2018-08-04,MS,0,0.0006002761800247746,0.0,1
4,2018-08-05,MS,0,0.0,0.0,0
4,2018-08-06,MS,1,3.3489402901136986,4.0,1
4,2018-08-07,MS,3,3.1204534701592923,1.0,1
4,2018-08-08,MS,5,2.84150912377364,2.0,1
4,2018-08-09,MS,6,2.2246077939077584,0.0,1
4,2018-08-10,MS,1,2.0706154976128404,2.0,1
4,2018-08-11,MS,0,0.0,0.0,1
4,2018-08-12,MS,0,0.0,0.0,0
4,2018-08-13,MS,5,3.130161059590986,4.0,1
4,2018-08-14,MS,0,3.097857473379031,1.0,1
4,2018-08-15,MS,3,2.6514689399174083,2.0,1
4,2018-08-16,MS,2,2.3004459984608676,0.0,1
4,2018-08-17,MS,0,2.1464537021659535,2.0,1
4,2018-08-18,MS,0,0.0006077847718617908,0.0,1
4,2018-08-19,MS,0,0.0,0.0,0
4,2018-08-20,MS,2,3.3263442933334373,4.0,1
4,2018-08-21,MS,2,2.860795249504878,1.0,1
4,2018-08-22,MS,1,2.782809444834792,2.0,1
4,2018-08-23,MS,1,2.298459889586621,0.0,1
4,2018-08-24,MS,0,2.144467593291707,2.0,1
4,2018-08-25,MS,0,0.0,0.0,1
4,2018-08-26,MS,0,0.0,0.0,0
4,2018-08-27,MS,0,3.359420542240211,4.0,1
4,2018-08-28,MS,0,3.1309337222858047,1.0,1
4,2018-08-29,MS,0,2.749711104773826,2.0,1
4,2018-08-30,MS,0,2.2673476583999044,0.0,1
4,2018-08-31,MS,0,1.9695056263952548,2.0,1
4,2018-07-01,MT,0,0.0,0.0,0
4,2018-07-02,MT,1,3.098139082740256,2.0,1
4,2018-07-03,MT,8,2.827046598725854,4.0,1
4,2018-07-04,MT,2,2.5226792706211305,3.0,1
4,2018-07-05,MT,3,1.9870832691334508,7.0,1
4,2018-07-06,MT,1,2.2014720835331127,1.0,1
4,2018-07-07,MT,0,0.002038099840152683,0.0,1
4,2018-07-08,MT,0,0.0,0.0,0
4,2018-07-09,MT,0,3.597033143291702,2.0,1
4,2018-07-10,MT,0,3.584092943056315,4.0,1
4,2018-07-11,MT,2,3.131082957303331,3.0,1
4,2018-07-12,MT,1,2.9784219994817493,7.0,1
4,2018-07-13,MT,1,2.463427897908465,1.0,1
4,2018-07-14,MT,0,0.0,0.0,1
4,2018-07-15,MT,0,0.0,0.0,0
4,2018-07-16,MT,3,3.7343085584082125,2.0,1
4,2018-07-17,MT,2,3.263770293983716,4.0,1
4,2018-07-18,MT,2,2.9544655819072916,3.0,1
4,2018-07-19,MT,0,2.2983390113373496,7.0,1
4,2018-07-20,MT,2,2.1813751199245393,1.0,1
4,2018-07-21,MT,0,7.157848334902665e-05,0.0,1
4,2018-07-22,MT,0,0.0,0.0,0
4,2018-07-23,MT,3,3.6987649488398677,2.0,1
4,2018-07-24,MT,4,3.3760271725693514,4.0,1
4,2018-07-25,MT,3,2.9315997120205894,3.0,1
4,2018-07-26,MT,3,2.564532334582628,7.0,1
4,2018-07-27,MT,1,2.147443114399764,1.0,1
4,2018-07-28,MT,0,0.0,0.0,1
4,2018-07-29,MT,0,0.0,0.0,0
4,2018-07-30,MT,4,3.6146832726373863,2.0,1
4,2018-07-31,MT,1,3.0435837622293493,4.0,1
4,2018-08-01,MT,1,2.840154143781874,3.0,1
4,2018-08-02,MT,3,2.489301602651181,7.0,1
4,2018-08-03,MT,2,2.382947397325047,1.0,1
4,2018-08-04,MT,0,0.000585356582928336,0.0,1
4,2018-08-05,MT,0,0.0,0.0,0
4,2018-08-06,MT,5,3.8106589088490863,2.0,1
4,2018-08-07,MT,4,3.2873414836944077,4.0,1
4,2018-08-08,MT,4,2.9300368903527,3.0,1
4,2018-08-09,MT,1,2.4991673062565005,7.0,1
4,2018-08-10,MT,3,2.1824996154020853,1.0,1
4,2018-08-11,MT,0,0.0,0.0,1
4,2018-08-12,MT,0,0.0,0.0,0
4,2018-08-13,MT,5,3.5577180237254518,2.0,1
4,2018-08-14,MT,5,3.3651670162425953,4.0,1
4,2018-08-15,MT,0,3.057422081385852,3.0,1
4,2018-08-16,MT,1,2.4009115403058705,7.0,1
4,2018-08-17,MT,5,2.2155843543688394,1.0,1
4,2018-08-18,MT,0,2.813964477808803e-05,0.0,1
4,2018-08-19,MT,0,0.0,0.0,0
4,2018-08-20,MT,2,3.5811391471068323,2.0,1
4,2018-08-21,MT,3,3.216557802047642,4.0,1
4,2018-08-22,MT,1,3.157843610714301,3.0,1
4,2018-08-23,MT,2,2.398925431431624,7.0,1
4,2018-08-24,MT,1,2.213598245494593,1.0,1
4,2018-08-25,MT,0,0.0,0.0,1
4,2018-08-26,MT,0,0.0,0.0,0
4,2018-08-27,MT,0,3.614215396013606,2.0,1
4,2018-08-28,MT,0,3.2496340509544157,4.0,1
4,2018-08-29,MT,0,2.9961978782262273,3.0,1
4,2018-08-30,MT,0,2.628709770607492,7.0,1
4,2018-08-31,MT,0,2.138685459810885,1.0,1
4,2018-07-01,PA,0,0.0,0.0,0
4,2018-07-02,PA,0,3.4145964559097917,4.0,1
4,2018-07-03,PA,5,2.634222162300687,4.0,1
4,2018-07-04,PA,1,2.2151787736877475,0.0,1
4,2018-07-05,PA,0,2.6371271561658434,3.0,1
4,2018-07-06,PA,2,2.218751360047522,0.0,1
4,2018-07-07,PA,0,0.004715213343986702,0.0,1
4,2018-07-08,PA,0,0.0,0.0,0
4,2018-07-09,PA,1,3.852554279340382,4.0,1
4,2018-07-10,PA,2,3.4699568861280006,4.0,1
4,2018-07-11,PA,4,3.4840562100044576,0.0,1
4,2018-07-12,PA,3,2.4107439250785117,3.0,1
4,2018-07-13,PA,1,2.6712889350258573,0.0,1
4,2018-07-14,PA,0,0.0,0.0,1
4,2018-07-15,PA,0,0.0,0.0,0
4,2018-07-16,PA,3,3.6262097706558327,4.0,1
4,2018-07-17,PA,1,3.271030507311795,4.0,1
4,2018-07-18,PA,3,2.83931810425345,0.0,1
4,2018-07-19,PA,2,2.5875475972049835,3.0,1
4,2018-07-20,PA,3,2.202516611826349,0.0,1
4,2018-07-21,PA,0,0.002977760278956318,0.0,1
4,2018-07-22,PA,0,0.0,0.0,0
4,2018-07-23,PA,8,3.7126147674225716,4.0,1
4,2018-07-24,PA,3,3.2388094231747377,4.0,1
4,2018-07-25,PA,5,3.0211044984466193,0.0,1
4,2018-07-26,PA,2,2.3304906688572236,3.0,1
4,2018-07-27,PA,1,2.3682884057431757,0.0,1
4,2018-07-28,PA,0,0.0,0.0,1
4,2018-07-29,PA,0,0.0,0.0,0
4,2018-07-30,PA,2,3.7041880590634153,4.0,1
4,2018-07-31,PA,3,3.1096674252739986,4.0,1
4,2018-08-01,PA,3,2.8058162774980744,0.0,1
4,2018-08-02,PA,7,2.7550890651374345,3.0,1
4,2018-08-03,PA,7,2.348609531041247,0.0,1
4,2018-08-04,PA,0,0.0029362055439144364,0.0,1
4,2018-08-05,PA,0,0.0,0.0,0
4,2018-08-06,PA,9,3.776321042565286,4.0,1
4,2018-08-07,PA,2,3.3052374618725526,4.0,1
4,2018-08-08,PA,4,2.996120553397349,0.0,1
4,2018-08-09,PA,3,2.365547169859545,3.0,1
4,2018-08-10,PA,2,2.2485832784467337,0.0,1
4,2018-08-11,PA,0,0.0,0.0,1
4,2018-08-12,PA,0,0.0,0.0,0
4,2018-08-13,PA,3,3.6238016867701,4.0,1
4,2018-08-14,PA,3,3.2826414650922913,4.0,1
4,2018-08-15,PA,3,3.029205292364103,0.0,1
4,2018-08-16,PA,2,2.5983357082679026,3.0,1
4,2018-08-17,PA,1,2.2816680174134873,0.0,1
4,2018-08-18,PA,0,0.0025507231557891073,0.0,1
4,2018-08-19,PA,0,0.0,0.0,0
4,2018-08-20,PA,0,3.6472228101514808,4.0,1
4,2018-08-21,PA,2,3.2592203417109107,4.0,1
4,2018-08-22,PA,0,3.029205292364103,0.0,1
4,2018-08-23,PA,0,2.396645799952052,3.0,1
4,2018-08-24,PA,0,2.279681908539241,0.0,1
4,2018-08-25,PA,0,0.0,0.0,1
4,2018-08-26,PA,0,0.0,0.0,0
4,2018-08-27,PA,0,3.6802990590582545,4.0,1
4,2018-08-28,PA,0,3.315717713999065,4.0,1
4,2018-08-29,PA,0,3.038860417889496,0.0,1
4,2018-08-30,PA,0,2.6079908337932958,3.0,1
4,2018-08-31,PA,0,2.181347999474153,0.0,1
4,2018-07-01,PB,0,0.0,0.0,0
4,2018-07-02,PB,1,2.0405426797627184,2.0,1
4,2018-07-03,PB,2,1.7388536591728352,2.0,1
4,2018-07-04,PB,2,1.4087413477787993,0.0,1
4,2018-07-05,PB,1,1.3475838692570685,1.0,1
4,2018-07-06,PB,3,1.495453725329342,2.0,1
4,2018-07-07,PB,0,0.0,0.0,1
4,2018-07-08,PB,0,0.0,0.0,0
4,2018-07-09,PB,1,2.1751312740917883,2.0,1
4,2018-07-10,PB,3,1.9181606705068326,2.0,1
4,2018-07-11,PB,2,1.6207456425276985,0.0,1
4,2018-07-12,PB,3,1.6675523312297937,1.0,1
4,2018-07-13,PB,4,1.5133696694391863,2.0,1
4,2018-07-14,PB,0,0.0,0.0,1
4,2018-07-15,PB,0,0.0,0.0,0
4,2018-07-16,PB,3,2.2450117674034042,2.0,1
4,2018-07-17,PB,2,1.9598484207136992,2.0,1
4,2018-07-18,PB,2,1.658363654154845,0.0,1
4,2018-07-19,PB,1,1.5549405402203276,1.0,1
4,2018-07-20,PB,2,1.4346054266796762,2.0,1
4,2018-07-21,PB,0,0.0018535391717245898,0.0,1
4,2018-07-22,PB,0,0.0,0.0,0
4,2018-07-23,PB,3,2.211067452561324,2.0,1
4,2018-07-24,PB,5,1.9520442179520072,2.0,1
4,2018-07-25,PB,3,1.7361393664635996,0.0,1
4,2018-07-26,PB,1,1.514117181805794,1.0,1
4,2018-07-27,PB,2,1.4512449208096596,2.0,1
4,2018-07-28,PB,0,0.03260614164027687,0.0,1
4,2018-07-29,PB,0,0.0,0.0,0
4,2018-07-30,PB,2,2.2497271646853965,2.0,1
4,2018-07-31,PB,1,1.8191773805557772,2.0,1
4,2018-08-01,PB,2,1.5565258830209827,0.0,1
4,2018-08-02,PB,0,1.5170456459297967,1.0,1
4,2018-08-03,PB,5,1.4945222348384246,2.0,1
4,2018-08-04,PB,0,0.05061582262865517,0.0,1
4,2018-08-05,PB,0,0.0,0.0,0
4,2018-08-06,PB,0,2.2685776862587472,2.0,1
4,2018-08-07,PB,3,2.0116070826737933,2.0,1
4,2018-08-08,PB,2,1.727711370819681,0.0,1
4,2018-08-09,PB,2,1.5423085088320865,1.0,1
4,2018-08-10,PB,2,1.5142701887160523,2.0,1
4,2018-08-11,PB,0,0.05360010510883242,0.0,1
4,2018-08-12,PB,0,0.0,0.0,0
4,2018-08-13,PB,4,2.2480343205028475,2.0,1
4,2018-08-14,PB,4,1.9910637169178937,2.0,1
4,2018-08-15,PB,0,1.7394276174294154,0.0,1
4,2018-08-16,PB,1,1.5519721244174594,1.0,1
4,2018-08-17,PB,3,1.4385283637665665,2.0,1
4,2018-08-18,PB,0,0.053604863134694106,0.0,1
4,2018-08-19,PB,0,0.0,0.0,0
4,2018-08-20,PB,1,2.2480343205028475,2.0,1
4,2018-08-21,PB,2,1.9910637169178937,2.0,1
4,2018-08-22,PB,0,1.7394276174294154,0.0,1
4,2018-08-23,PB,0,1.5499860155432126,1.0,1
4,2018-08-24,PB,3,1.4871137545470783,2.0,1
4,2018-08-25,PB,0,0.05359758817289631,0.0,1
4,2018-08-26,PB,0,0.0,0.0,0
4,2018-08-27,PB,0,2.2811105694096194,2.0,1
4,2018-08-28,PB,0,2.0241399658246673,2.0,1
4,2018-08-29,PB,0,1.7725038663361885,0.0,1
4,2018-08-30,PB,0,1.5850483733242324,1.0,1
4,2018-08-31,PB,0,1.4446803531454935,2.0,1
4,2018-07-01,PE,0,0.0,0.0,0
4,2018-07-02,PE,4,4.0861752280971615,1.0,1
4,2018-07-03,PE,9,4.524956211449345,3.0,1
4,2018-07-04,PE,6,4.178622191873945,2.0,1
4,2018-07-05,PE,2,3.547061531148845,5.0,1
4,2018-07-06,PE,3,3.4304592321680976,3.0,1
4,2018-07-07,PE,0,0.0,1.0,1
4,2018-07-08,PE,0,0.0,0.0,0
4,2018-07-09,PE,1,4.798797558065939,1.0,1
4,2018-07-10,PE,6,4.630994781290358,3.0,1
4,2018-07-11,PE,3,4.13076015766726,2.0,1
4,2018-07-12,PE,5,3.663308187795884,5.0,1
4,2018-07-13,PE,6,3.386775011724858,3.0,1
4,2018-07-14,PE,0,0.0,1.0,1
4,2018-07-15,PE,0,0.0,0.0,0
4,2018-07-16,PE,9,4.903740141212603,1.0,1
4,2018-07-17,PE,12,4.584838799089675,3.0,1
4,2018-07-18,PE,5,4.267594241133888,2.0,1
4,2018-07-19,PE,6,3.7945426360466326,5.0,1
4,2018-07-20,PE,5,3.3465160582996627,3.0,1
4,2018-07-21,PE,0,0.0,1.0,1
4,2018-07-22,PE,0,0.0,0.0,0
4,2018-07-23,PE,9,4.705669171284615,1.0,1
4,2018-07-24,PE,7,4.579087227352344,3.0,1
4,2018-07-25,PE,7,4.2946190070282935,2.0,1
4,2018-07-26,PE,7,3.760610630521857,5.0,1
4,2018-07-27,PE,4,3.3125840527748873,3.0,1
4,2018-07-28,PE,0,0.0,1.0,1
4,2018-07-29,PE,0,0.0,0.0,0
4,2018-07-30,PE,9,4.745430147791964,1.0,1
4,2018-07-31,PE,3,4.454383614718777,3.0,1
4,2018-08-01,PE,9,3.9477418291376214,2.0,1
4,2018-08-02,PE,7,3.799021061200863,5.0,1
4,2018-08-03,PE,8,3.364325933095671,3.0,1
4,2018-08-04,PE,0,0.0,1.0,1
4,2018-08-05,PE,0,0.0,0.0,0
4,2018-08-06,PE,6,4.8037561485990565,1.0,1
4,2018-08-07,PE,7,4.652789372767485,3.0,1
4,2018-08-08,PE,5,4.232019871038266,2.0,1
4,2018-08-09,PE,9,3.7346308172020386,5.0,1
4,2018-08-10,PE,3,3.3476405537772087,3.0,1
4,2018-08-11,PE,0,0.0,1.0,1
4,2018-08-12,PE,0,0.0,0.0,0
4,2018-08-13,PE,6,4.68846489888003,1.0,1
4,2018-08-14,PE,8,4.620690037214035,3.0,1
4,2018-08-15,PE,5,4.2416834866236375,2.0,1
4,2018-08-16,PE,6,3.7442944327874117,5.0,1
4,2018-08-17,PE,9,3.357304169362582,3.0,1
4,2018-08-18,PE,0,0.0,1.0,1
4,2018-08-19,PE,0,0.0,0.0,0
4,2018-08-20,PE,3,4.68846489888003,1.0,1
4,2018-08-21,PE,2,4.561882954947759,3.0,1
4,2018-08-22,PE,3,4.2416834866236375,2.0,1
4,2018-08-23,PE,5,3.742308323913165,5.0,1
4,2018-08-24,PE,0,3.3553180604883353,3.0,1
4,2018-08-25,PE,0,0.0,1.0,1
4,2018-08-26,PE,0,0.0,0.0,0
4,2018-08-27,PE,0,4.765097178676151,1.0,1
4,2018-08-28,PE,0,4.638515234743879,3.0,1
4,2018-08-29,PE,0,4.318315766419758,2.0,1
4,2018-08-30,PE,0,3.820926712583531,5.0,1
4,2018-08-31,PE,0,3.3311214545162464,3.0,1
4,2018-07-01,PI,0,0.0,0.0,0
4,2018-07-02,PI,1,1.8301126093042654,2.0,1
4,2018-07-03,PI,2,1.5374563643600434,0.0,1
4,2018-07-04,PI,1,1.398904966128704,0.0,1
4,2018-07-05,PI,0,1.3200847339356994,2.0,1
4,2018-07-06,PI,0,1.3703945629874694,2.0,1
4,2018-07-07,PI,0,0.0,0.0,1
4,2018-07-08,PI,0,0.0,0.0,0
4,2018-07-09,PI,0,2.030936701961746,2.0,1
4,2018-07-10,PI,1,1.8059702481387738,0.0,1
4,2018-07-11,PI,0,1.5637432356665555,0.0,1
4,2018-07-12,PI,2,1.4717302886440298,2.0,1
4,2018-07-13,PI,1,1.3244389797431808,2.0,1
4,2018-07-14,PI,0,0.0,0.0,1
4,2018-07-15,PI,0,0.0,0.0,0
4,2018-07-16,PI,4,2.178886993734634,2.0,1
4,2018-07-17,PI,1,1.8928961788755956,0.0,1
4,2018-07-18,PI,1,1.5914114123167409,0.0,1
4,2018-07-19,PI,0,1.4505878228898499,2.0,1
4,2018-07-20,PI,3,1.3302527093491985,2.0,1
4,2018-07-21,PI,0,0.0,0.0,1
4,2018-07-22,PI,0,0.0,0.0,0
4,2018-07-23,PI,2,2.1441152107232204,2.0,1
4,2018-07-24,PI,2,1.8871446071382652,0.0,1
4,2018-07-25,PI,1,1.6712397556498575,0.0,1
4,2018-07-26,PI,2,1.4166558173650747,2.0,1
4,2018-07-27,PI,0,1.2963207038244233,2.0,1
4,2018-07-28,PI,0,0.0,0.0,1
4,2018-07-29,PI,0,0.0,0.0,0
4,2018-07-30,PI,4,2.1848275538716546,2.0,1
4,2018-07-31,PI,1,1.8368822255229325,0.0,1
4,2018-08-01,PI,2,1.4916262722072406,0.0,1
4,2018-08-02,PI,3,1.4204117496584086,2.0,1
4,2018-08-03,PI,1,1.3055915451424192,2.0,1
4,2018-08-04,PI,0,0.0,0.0,1
4,2018-08-05,PI,0,0.0,0.0,0
4,2018-08-06,PI,3,2.2024529125899757,2.0,1
4,2018-08-07,PI,3,1.9467074718600514,0.0,1
4,2018-08-08,PI,2,1.6254112845135649,0.0,1
4,2018-08-09,PI,1,1.5676530604186,2.0,1
4,2018-08-10,PI,4,1.4473179468779482,2.0,1
4,2018-08-11,PI,0,0.0,0.0,1
4,2018-08-12,PI,0,0.0,0.0,0
4,2018-08-13,PI,1,2.181082078664745,2.0,1
4,2018-08-14,PI,0,1.92411147507979,0.0,1
4,2018-08-15,PI,2,1.619671798152601,0.0,1
4,2018-08-16,PI,1,1.4919112354691142,2.0,1
4,2018-08-17,PI,2,1.4569815624633211,2.0,1
4,2018-08-18,PI,0,0.0,0.0,1
4,2018-08-19,PI,0,0.0,0.0,0
4,2018-08-20,PI,0,2.181082078664745,2.0,1
4,2018-08-21,PI,0,1.92411147507979,0.0,1
4,2018-08-22,PI,0,1.6724753755913118,0.0,1
4,2018-08-23,PI,0,1.5684392142399672,2.0,1
4,2018-08-24,PI,1,1.4549954535890743,2.0,1
4,2018-08-25,PI,0,0.0,0.0,1
4,2018-08-26,PI,0,0.0,0.0,0
4,2018-08-27,PI,0,2.2132384198201316,2.0,1
4,2018-08-28,PI,0,1.9562678162351783,0.0,1
4,2018-08-29,PI,0,1.7076042555224464,0.0,1
4,2018-08-30,PI,0,1.5270401154002489,2.0,1
4,2018-08-31,PI,0,1.4644378291370108,2.0,1
4,2018-07-01,PR,0,0.0,0.0,0
4,2018-07-02,PR,7,18.59806052016384,19.0,1
4,2018-07-03,PR,19,17.016361357994324,16.0,1
4,2018-07-04,PR,16,14.66306103506576,15.0,1
4,2018-07-05,PR,12,14.545439802942953,13.0,1
4,2018-07-06,PR,7,13.835567141933208,16.0,1
4,2018-07-07,PR,0,0.6290590879027528,0.0,1
4,2018-07-08,PR,0,0.0,0.0,0
4,2018-07-09,PR,7,18.629421175186195,19.0,1
4,2018-07-10,PR,12,18.09883328670634,16.0,1
4,2018-07-11,PR,9,14.940295077801283,15.0,1
4,2018-07-12,PR,4,14.562788063057887,13.0,1
4,2018-07-13,PR,7,14.458662588718916,16.0,1
4,2018-07-14,PR,1,0.44818690759433494,0.0,1
4,2018-07-15,PR,0,0.0,0.0,0
4,2018-07-16,PR,17,18.754087885468266,19.0,1
4,2018-07-17,PR,20,18.19985190254792,16.0,1
4,2018-07-18,PR,25,14.990244722167402,15.0,1
4,2018-07-19,PR,15,14.501218278061586,13.0,1
4,2018-07-20,PR,11,14.09232483515248,16.0,1
4,2018-07-21,PR,0,0.4686326672333722,0.0,1
4,2018-07-22,PR,0,0.0,0.0,0
4,2018-07-23,PR,20,18.708077360305737,19.0,1
4,2018-07-24,PR,23,18.209755716530278,16.0,1
4,2018-07-25,PR,25,15.01726948806181,15.0,1
4,2018-07-26,PR,17,14.467286272536812,13.0,1
4,2018-07-27,PR,9,14.058392829627707,16.0,1
4,2018-07-28,PR,0,0.4684023667932285,0.0,1
4,2018-07-29,PR,0,0.0,0.0,0
4,2018-07-30,PR,17,18.73797243942774,19.0,1
4,2018-07-31,PR,18,17.420159732634996,16.0,1
4,2018-08-01,PR,9,14.037113279257339,15.0,1
4,2018-08-02,PR,7,14.60093782415174,13.0,1
4,2018-08-03,PR,19,14.00559309067259,16.0,1
4,2018-08-04,PR,0,0.4729676318933012,0.0,1
4,2018-08-05,PR,0,0.0,0.0,0
4,2018-08-06,PR,26,18.761917738063104,19.0,1
4,2018-08-07,PR,24,18.151066115928355,16.0,1
4,2018-08-08,PR,15,15.06012498208503,15.0,1
4,2018-08-09,PR,22,14.430311887541812,13.0,1
4,2018-08-10,PR,13,13.940806669664417,16.0,1
4,2018-08-11,PR,2,0.4730238061510486,0.0,1
4,2018-08-12,PR,0,0.0,0.0,0
4,2018-08-13,PR,22,18.656839997421404,19.0,1
4,2018-08-14,PR,21,18.142862967926256,16.0,1
4,2018-08-15,PR,21,15.010912652145695,15.0,1
4,2018-08-16,PR,18,14.498851448651894,13.0,1
4,2018-08-17,PR,22,13.95047028524979,16.0,1
4,2018-08-18,PR,3,0.47188336197947517,0.0,1
4,2018-08-19,PR,0,0.0,0.0,0
4,2018-08-20,PR,15,18.656839997421404,19.0,1
4,2018-08-21,PR,29,18.158518353645945,16.0,1
4,2018-08-22,PR,20,14.930300877177405,15.0,1
4,2018-08-23,PR,16,14.577477114745937,13.0,1
4,2018-08-24,PR,8,13.948484176375542,16.0,1
4,2018-08-25,PR,2,0.47188433966691107,0.0,1
4,2018-08-26,PR,0,0.0,0.0,0
4,2018-08-27,PR,7,18.73347227721752,19.0,1
4,2018-08-28,PR,4,18.23515063344206,16.0,1
4,2018-08-29,PR,2,15.00693315697352,15.0,1
4,2018-08-30,PR,0,14.516607782923304,13.0,1
4,2018-08-31,PR,0,13.269261096527089,16.0,1
4,2018-07-01,RJ,0,0.0,0.0,0
4,2018-07-02,RJ,19,35.372131917313894,44.0,1
4,2018-07-03,RJ,41,37.898112074013696,36.0,1
4,2018-07-04,RJ,41,31.476127308144775,21.0,1
4,2018-07-05,RJ,27,29.445680654872604,28.0,1
4,2018-07-06,RJ,23,33.44287105935112,32.0,1
4,2018-07-07,RJ,0,1.4588705568044416,0.0,1
4,2018-07-08,RJ,0,0.0,0.0,0
4,2018-07-09,RJ,8,37.34133983684126,44.0,1
4,2018-07-10,RJ,26,37.30574535962644,36.0,1
4,2018-07-11,RJ,8,31.189150914470897,21.0,1
4,2018-07-12,RJ,10,29.229610922893002,28.0,1
4,2018-07-13,RJ,11,31.515084970458926,32.0,1
4,2018-07-14,RJ,0,1.3486120896610483,0.0,1
4,2018-07-15,RJ,0,0.0,0.0,0
4,2018-07-16,RJ,38,36.11395553528698,44.0,1
4,2018-07-17,RJ,40,37.24398042652472,36.0,1
4,2018-07-18,RJ,26,30.356549239049635,21.0,1
4,2018-07-19,RJ,44,28.831024859369776,28.0,1
4,2018-07-20,RJ,34,31.701892656640123,32.0,1
4,2018-07-21,RJ,1,1.369057849300085,0.0,1
4,2018-07-22,RJ,0,0.0,0.0,0
4,2018-07-23,RJ,44,36.790295955403145,44.0,1
4,2018-07-24,RJ,50,37.238228854787394,36.0,1
4,2018-07-25,RJ,45,30.58923806561078,21.0,1
4,2018-07-26,RJ,29,28.73534943115823,28.0,1
4,2018-07-27,RJ,37,31.71057239173671,32.0,1
4,2018-07-28,RJ,1,1.36877480915816,0.0,1
4,2018-07-29,RJ,0,0.0,0.0,0
4,2018-07-30,RJ,41,36.35906871766443,44.0,1
4,2018-07-31,RJ,36,36.50420221391507,36.0,1
4,2018-08-01,RJ,38,29.45898713916257,21.0,1
4,2018-08-02,RJ,30,28.846826027989913,28.0,1
4,2018-08-03,RJ,44,31.507159248742443,32.0,1
4,2018-08-04,RJ,1,1.373325577557251,0.0,1
4,2018-08-05,RJ,0,0.0,0.0,0
4,2018-08-06,RJ,55,36.736134669742704,44.0,1
4,2018-08-07,RJ,58,37.18406756912695,36.0,1
4,2018-08-08,RJ,44,30.52544403587561,21.0,1
4,2018-08-09,RJ,45,28.57150503046392,28.0,1
4,2018-08-10,RJ,30,31.442372827734275,32.0,1
4,2018-08-11,RJ,0,1.3733817518149982,0.0,1
4,2018-08-12,RJ,0,0.0,0.0,0
4,2018-08-13,RJ,61,36.11436526921731,44.0,1
4,2018-08-14,RJ,45,37.07898982848525,36.0,1
4,2018-08-15,RJ,50,30.18860373064184,21.0,1
4,2018-08-16,RJ,35,28.581168646049292,28.0,1
4,2018-08-17,RJ,43,27.948790174058043,32.0,1
4,2018-08-18,RJ,1,1.3722413076434246,0.0,1
4,2018-08-19,RJ,0,0.0,0.0,0
4,2018-08-20,RJ,58,36.631056929101,44.0,1
4,2018-08-21,RJ,57,37.07898982848525,36.0,1
4,2018-08-22,RJ,42,30.35165605068721,21.0,1
4,2018-08-23,RJ,26,28.579182537175043,28.0,1
4,2018-08-24,RJ,22,28.94328285104819,32.0,1
4,2018-08-25,RJ,2,1.3722422853308605,0.0,1
4,2018-08-26,RJ,0,0.0,0.0,0
4,2018-08-27,RJ,27,36.190997549013424,44.0,1
4,2018-08-28,RJ,4,37.43569597154918,36.0,1
4,2018-08-29,RJ,4,30.70836219375113,21.0,1
4,2018-08-30,RJ,0,28.93787478911322,28.0,1
4,2018-08-31,RJ,0,27.894158769422283,32.0,1
4,2018-07-01,RN,0,0.0,0.0,0
4,2018-07-02,RN,0,2.1306526969494937,3.0,1
4,2018-07-03,RN,1,1.6509972330619405,1.0,1
4,2018-07-04,RN,2,1.5802994874096206,1.0,1
4,2018-07-05,RN,2,1.3603434793179012,4.0,1
4,2018-07-06,RN,1,1.2376059242725412,0.0,1
4,2018-07-07,RN,0,0.0,0.0,1
4,2018-07-08,RN,0,0.0,0.0,0
4,2018-07-09,RN,0,2.22289839988625,3.0,1
4,2018-07-10,RN,0,1.8004574822543797,1.0,1
4,2018-07-11,RN,0,1.5874595684800195,1.0,1
4,2018-07-12,RN,0,1.7233243595835968,4.0,1
4,2018-07-13,RN,2,1.4984378897101984,0.0,1
4,2018-07-14,RN,0,0.0,0.0,1
4,2018-07-15,RN,0,0.0,0.0,0
4,2018-07-16,RN,3,2.1801121565896646,3.0,1
4,2018-07-17,RN,2,1.8928961788755956,1.0,1
4,2018-07-18,RN,1,1.6442149897554517,1.0,1
4,2018-07-19,RN,1,1.487988298382224,4.0,1
4,2018-07-20,RN,1,1.4530586253764308,0.0,1
4,2018-07-21,RN,0,0.0,0.0,1
4,2018-07-22,RN,0,0.0,0.0,0
4,2018-07-23,RN,1,2.1441152107232204,3.0,1
4,2018-07-24,RN,2,1.8871446071382652,1.0,1
4,2018-07-25,RN,2,1.6712397556498575,1.0,1
4,2018-07-26,RN,1,1.5325703805025486,4.0,1
4,2018-07-27,RN,2,1.4191266198516557,0.0,1
4,2018-07-28,RN,0,0.0,0.0,1
4,2018-07-29,RN,0,0.0,0.0,0
4,2018-07-30,RN,4,2.1848275538716546,3.0,1
4,2018-07-31,RN,0,1.8368822255229325,1.0,1
4,2018-08-01,RN,2,1.4916262722072406,1.0,1
4,2018-08-02,RN,0,1.4590373880058132,4.0,1
4,2018-08-03,RN,0,1.3068167079974498,0.0,1
4,2018-08-04,RN,0,0.0,0.0,1
4,2018-08-05,RN,0,0.0,0.0,0
4,2018-08-06,RN,4,2.2024529125899757,3.0,1
4,2018-08-07,RN,3,1.9467074718600514,1.0,1
4,2018-08-08,RN,0,1.6254112845135649,1.0,1
4,2018-08-09,RN,0,1.5607617075288411,4.0,1
4,2018-08-10,RN,3,1.4473179468779482,0.0,1
4,2018-08-11,RN,0,0.0,0.0,1
4,2018-08-12,RN,0,0.0,0.0,0
4,2018-08-13,RN,1,2.181082078664745,3.0,1
4,2018-08-14,RN,1,1.92411147507979,1.0,1
4,2018-08-15,RN,0,1.619671798152601,1.0,1
4,2018-08-16,RN,2,1.4919112354691142,4.0,1
4,2018-08-17,RN,2,1.4569815624633211,0.0,1
4,2018-08-18,RN,0,0.0,0.0,1
4,2018-08-19,RN,0,0.0,0.0,0
4,2018-08-20,RN,2,2.181082078664745,3.0,1
4,2018-08-21,RN,3,1.92411147507979,1.0,1
4,2018-08-22,RN,1,1.6724753755913118,1.0,1
4,2018-08-23,RN,1,1.5684392142399672,4.0,1
4,2018-08-24,RN,0,1.4549954535890743,0.0,1
4,2018-08-25,RN,0,0.0,0.0,1
4,2018-08-26,RN,0,0.0,0.0,0
4,2018-08-27,RN,0,2.2132384198201316,3.0,1
4,2018-08-28,RN,0,1.9562678162351783,1.0,1
4,2018-08-29,RN,0,1.7076042555224464,1.0,1
4,2018-08-30,RN,0,1.5270401154002489,4.0,1
4,2018-08-31,RN,0,1.4644378291370108,0.0,1
4,2018-07-01,RO,0,0.0,0.0,0
4,2018-07-02,RO,0,0.9251924051343811,0.0,1
4,2018-07-03,RO,1,0.73483787644947,0.0,1
4,2018-07-04,RO,0,0.6896803851940915,1.0,1
4,2018-07-05,RO,1,0.5287637355079619,0.0,1
4,2018-07-06,RO,1,0.47353237466304043,1.0,1
4,2018-07-07,RO,0,0.0,0.0,1
4,2018-07-08,RO,0,0.0,0.0,0
4,2018-07-09,RO,0,0.9847668541506058,0.0,1
4,2018-07-10,RO,1,0.7326559655448803,0.0,1
4,2018-07-11,RO,1,0.9810141415692986,1.0,1
4,2018-07-12,RO,0,0.6575289453977475,0.0,1
4,2018-07-13,RO,1,0.5149450979958812,1.0,1
4,2018-07-14,RO,0,7.201391331568097e-35,0.0,1
4,2018-07-15,RO,0,0.0,0.0,0
4,2018-07-16,RO,2,0.9731903238646381,0.0,1
4,2018-07-17,RO,1,0.7119812877661592,0.0,1
4,2018-07-18,RO,0,0.6202307480405345,1.0,1
4,2018-07-19,RO,0,0.9849642888022588,0.0,1
4,2018-07-20,RO,1,0.48469972386676796,1.0,1
4,2018-07-21,RO,0,0.0799831611502814,0.0,1
4,2018-07-22,RO,0,0.0,0.0,0
4,2018-07-23,RO,0,0.9429449497355249,0.0,1
4,2018-07-24,RO,0,0.7119812877661592,0.0,1
4,2018-07-25,RO,1,0.6530070856722708,1.0,1
4,2018-07-26,RO,0,0.5761516236223966,0.0,1
4,2018-07-27,RO,1,0.8999784823921395,1.0,1
4,2018-07-28,RO,0,0.24078692841629634,0.0,1
4,2018-07-29,RO,0,0.0,0.0,0
4,2018-07-30,RO,2,1.2942905241318365,0.0,1
4,2018-07-31,RO,1,0.66745337126634,0.0,1
4,2018-08-01,RO,1,0.4538633116787093,1.0,1
4,2018-08-02,RO,0,0.5823310058060537,0.0,1
4,2018-08-03,RO,1,0.4556399469294223,1.0,1
4,2018-08-04,RO,0,0.10058631801172874,0.0,1
4,2018-08-05,RO,0,0.0,0.0,0
4,2018-08-06,RO,0,0.9911324671343842,0.0,1
4,2018-08-07,RO,1,1.0924169848505947,0.0,1
4,2018-08-08,RO,1,0.6332037427054249,1.0,1
4,2018-08-09,RO,1,0.5929676033257618,0.0,1
4,2018-08-10,RO,2,0.47587503598698244,1.0,1
4,2018-08-11,RO,0,0.10058631801172874,0.0,1
4,2018-08-12,RO,0,0.0,0.0,0
4,2018-08-13,RO,0,0.9710762365584169,0.0,1
4,2018-08-14,RO,0,0.7401125745890512,0.0,1
4,2018-08-15,RO,1,0.9891615016033038,1.0,1
4,2018-08-16,RO,0,0.605170985115429,0.0,1
4,2018-08-17,RO,1,0.4855386515723555,1.0,1
4,2018-08-18,RO,0,0.10058631801172874,0.0,1
4,2018-08-19,RO,0,0.0,0.0,0
4,2018-08-20,RO,0,0.9710762365584169,0.0,1
4,2018-08-21,RO,0,0.7401125745890512,0.0,1
4,2018-08-22,RO,0,0.6454071244950921,1.0,1
4,2018-08-23,RO,0,0.9665629479449191,0.0,1
4,2018-08-24,RO,0,0.48355254269810843,1.0,1
4,2018-08-25,RO,0,0.10058631801172874,0.0,1
4,2018-08-26,RO,0,0.0,0.0,0
4,2018-08-27,RO,0,1.0032325777138054,0.0,1
4,2018-08-28,RO,0,0.7722689157444395,0.0,1
4,2018-08-29,RO,0,0.6775634656504804,1.0,1
4,2018-08-30,RO,0,0.6373273262708172,0.0,1
4,2018-08-31,RO,0,0.8586128115073467,1.0,1
4,2018-07-01,RR,0,0.0,0.0,0
4,2018-07-02,RR,0,0.004508064380318705,0.0,1
4,2018-07-03,RR,0,0.06714987489619477,0.0,1
4,2018-07-04,RR,0,0.060977172091807114,0.0,1
4,2018-07-05,RR,0,0.07413628538146226,0.0,1
4,2018-07-06,RR,0,0.077579628156969,0.0,1
4,2018-07-07,RR,0,7.201391331568097e-35,0.0,1
4,2018-07-08,RR,0,0.0,0.0,0
4,2018-07-09,RR,0,0.3442069793324018,0.0,1
4,2018-07-10,RR,0,0.08674077705717374,0.0,1
4,2018-07-11,RR,0,0.08763344006832448,0.0,1
4,2018-07-12,RR,1,0.13090991321910606,0.0,1
4,2018-07-13,RR,0,0.13462653962007246,0.0,1
4,2018-07-14,RR,0,0.0,0.0,1
4,2018-07-15,RR,0,0.0,0.0,0
4,2018-07-16,RR,1,0.39892835449498887,0.0,1
4,2018-07-17,RR,1,0.12922771075458012,0.0,1
4,2018-07-18,RR,0,0.09040585728503679,0.0,1
4,2018-07-19,RR,0,0.10429348515251693,0.0,1
4,2018-07-20,RR,1,0.10679913425262509,0.0,1
4,2018-07-21,RR,0,0.0025405785872614404,0.0,1
4,2018-07-22,RR,0,0.0,0.0,0
4,2018-07-23,RR,0,0.36868298036587577,0.0,1
4,2018-07-24,RR,1,0.12922771075458012,0.0,1
4,2018-07-25,RR,0,0.11329699990558877,0.0,1
4,2018-07-26,RR,0,0.07611305136507213,0.0,1
4,2018-07-27,RR,0,0.08110733192401814,0.0,1
4,2018-07-28,RR,0,0.0,0.0,1
4,2018-07-29,RR,0,0.0,0.0,0
4,2018-07-30,RR,0,0.39689941436283266,0.0,1
4,2018-07-31,RR,0,0.09778185219258555,0.0,1
4,2018-08-01,RR,0,0.10355839506579402,0.0,1
4,2018-08-02,RR,0,0.07752659254717886,0.0,1
4,2018-08-03,RR,0,0.07920782849001162,0.0,1
4,2018-08-04,RR,0,0.0,0.0,1
4,2018-08-05,RR,0,0.0,0.0,0
4,2018-08-06,RR,0,0.40770859042111623,0.0,1
4,2018-08-07,RR,0,0.16582957131470016,0.0,1
4,2018-08-08,RR,0,0.09179319511118796,0.0,1
4,2018-08-09,RR,0,0.09122856924088246,0.0,1
4,2018-08-10,RR,0,0.09373421834099063,0.0,1
4,2018-08-11,RR,0,7.201391331568097e-35,0.0,1
4,2018-08-12,RR,0,0.0,0.0,0
4,2018-08-13,RR,0,0.3851125936408548,0.0,1
4,2018-08-14,RR,0,0.14323357453443872,0.0,1
4,2018-08-15,RR,0,0.10253572154781475,0.0,1
4,2018-08-16,RR,0,0.10197109567750931,0.0,1
4,2018-08-17,RR,0,0.10447674477761745,0.0,1
4,2018-08-18,RR,0,0.0,0.0,1
4,2018-08-19,RR,0,0.0,0.0,0
4,2018-08-20,RR,0,0.3861915044921086,0.0,1
4,2018-08-21,RR,0,0.14431248538569255,0.0,1
4,2018-08-22,RR,0,0.10253572154781475,0.0,1
4,2018-08-23,RR,0,0.09998498680326243,0.0,1
4,2018-08-24,RR,0,0.10249063590337057,0.0,1
4,2018-08-25,RR,0,4.232705803291898e-05,0.0,1
4,2018-08-26,RR,0,0.0,0.0,0
4,2018-08-27,RR,0,0.3815386023822804,0.0,1
4,2018-08-28,RR,0,0.13965958327586436,0.0,1
4,2018-08-29,RR,0,0.09687105174568478,0.0,1
4,2018-08-30,RR,0,0.09630642587537928,0.0,1
4,2018-08-31,RR,0,0.0427116114096604,0.0,1
4,2018-07-01,RS,0,0.0,0.0,0
4,2018-07-02,RS,9,18.114762389357853,23.0,1
4,2018-07-03,RS,31,17.95049471085241,16.0,1
4,2018-07-04,RS,14,13.946194599018371,14.0,1
4,2018-07-05,RS,18,14.731980312497848,14.0,1
4,2018-07-06,RS,8,14.700043792330069,17.0,1
4,2018-07-07,RS,0,0.5677454474587768,0.0,1
4,2018-07-08,RS,0,0.0,0.0,0
4,2018-07-09,RS,6,17.683727069419337,23.0,1
4,2018-07-10,RS,6,18.51923783411528,16.0,1
4,2018-07-11,RS,4,15.564188261686791,14.0,1
4,2018-07-12,RS,6,14.96658175148211,14.0,1
4,2018-07-13,RS,6,14.722968556650144,17.0,1
4,2018-07-14,RS,0,0.4044562662831183,0.0,1
4,2018-07-15,RS,0,0.0,0.0,0
4,2018-07-16,RS,25,18.60515016380677,23.0,1
4,2018-07-17,RS,20,19.063216051786107,16.0,1
4,2018-07-18,RS,14,15.47465018555991,14.0,1
4,2018-07-19,RS,13,14.905011966485809,14.0,1
4,2018-07-20,RS,13,14.27601902811542,17.0,1
4,2018-07-21,RS,0,0.5412970810269102,0.0,1
4,2018-07-22,RS,0,0.0,0.0,0
4,2018-07-23,RS,22,19.308395108147405,23.0,1
4,2018-07-24,RS,17,18.972285535954484,16.0,1
4,2018-07-25,RS,17,15.827753751595557,14.0,1
4,2018-07-26,RS,12,14.785901016866745,14.0,1
4,2018-07-27,RS,14,14.296395798989355,17.0,1
4,2018-07-28,RS,0,0.5590099916127765,0.0,1
4,2018-07-29,RS,0,0.0,0.0,0
4,2018-07-30,RS,17,19.253111243175116,23.0,1
4,2018-07-31,RS,26,18.182689552059202,16.0,1
4,2018-08-01,RS,7,14.44090696768157,14.0,1
4,2018-08-02,RS,15,14.865243792082964,14.0,1
4,2018-08-03,RS,14,14.409386779096819,17.0,1
4,2018-08-04,RS,0,0.5456320456868391,0.0,1
4,2018-08-05,RS,0,0.0,0.0,0
4,2018-08-06,RS,24,19.207582626757286,23.0,1
4,2018-08-07,RS,19,18.66738978271188,16.0,1
4,2018-08-08,RS,15,15.870609245618793,14.0,1
4,2018-08-09,RS,19,14.668314856903455,14.0,1
4,2018-08-10,RS,20,14.344600358088645,17.0,1
4,2018-08-11,RS,3,0.5456882199445865,0.0,1
4,2018-08-12,RS,0,0.0,0.0,0
4,2018-08-13,RS,24,19.257157745263072,23.0,1
4,2018-08-14,RS,22,19.006227117164443,16.0,1
4,2018-08-15,RS,22,15.329527396475621,14.0,1
4,2018-08-16,RS,14,14.763157416583118,14.0,1
4,2018-08-17,RS,28,14.354263973674017,17.0,1
4,2018-08-18,RS,0,0.544547775773013,0.0,1
4,2018-08-19,RS,0,0.0,0.0,0
4,2018-08-20,RS,22,19.257157745263072,23.0,1
4,2018-08-21,RS,16,19.006227117164443,16.0,1
4,2018-08-22,RS,18,15.740785140711148,14.0,1
4,2018-08-23,RS,10,14.675992363614581,14.0,1
4,2018-08-24,RS,2,14.26709892070548,17.0,1
4,2018-08-25,RS,0,0.544548753460449,0.0,1
4,2018-08-26,RS,0,0.0,0.0,0
4,2018-08-27,RS,4,19.333790025059187,23.0,1
4,2018-08-28,RS,2,18.997680452866266,16.0,1
4,2018-08-29,RS,1,15.325547901303457,14.0,1
4,2018-08-30,RS,0,14.839789696379237,14.0,1
4,2018-08-31,RS,0,13.673054784951317,17.0,1
4,2018-07-01,SC,0,0.0,0.0,0
4,2018-07-02,SC,8,12.272272381359146,13.0,1
4,2018-07-03,SC,18,11.956791997267693,12.0,1
4,2018-07-04,SC,5,10.712655554048036,9.0,1
4,2018-07-05,SC,12,10.12440407085879,8.0,1
4,2018-07-06,SC,9,9.722900083941257,8.0,1
4,2018-07-07,SC,1,0.014264074467349678,0.0,1
4,2018-07-08,SC,0,0.0,0.0,0
4,2018-07-09,SC,7,12.183362206950891,13.0,1
4,2018-07-10,SC,10,12.208598471720762,12.0,1
4,2018-07-11,SC,2,10.74542473917804,9.0,1
4,2018-07-12,SC,0,10.15426325591355,8.0,1
4,2018-07-13,SC,6,9.823581662264218,8.0,1
4,2018-07-14,SC,0,0.1666670374520709,0.0,1
4,2018-07-15,SC,0,0.0,0.0,0
4,2018-07-16,SC,10,12.450307229938101,13.0,1
4,2018-07-17,SC,5,12.073270528712795,12.0,1
4,2018-07-18,SC,18,10.896849935956537,9.0,1
4,2018-07-19,SC,10,10.171356512062811,8.0,1
4,2018-07-20,SC,8,9.575139566286067,8.0,1
4,2018-07-21,SC,1,0.018025409534999752,0.0,1
4,2018-07-22,SC,0,0.0,0.0,0
4,2018-07-23,SC,9,12.404296704775577,13.0,1
4,2018-07-24,SC,14,12.287254656840306,12.0,1
4,2018-07-25,SC,6,10.923874701850945,9.0,1
4,2018-07-26,SC,6,10.357160206402877,8.0,1
4,2018-07-27,SC,9,9.541207560761293,8.0,1
4,2018-07-28,SC,1,0.1747773314862618,0.0,1
4,2018-07-29,SC,0,0.0,0.0,0
4,2018-07-30,SC,9,12.214456084032738,13.0,1
4,2018-07-31,SC,13,11.609121053715658,12.0,1
4,2018-08-01,SC,9,9.943718493046477,9.0,1
4,2018-08-02,SC,7,10.351324037524806,8.0,1
4,2018-08-03,SC,14,9.793162314766743,8.0,1
4,2018-08-04,SC,1,0.028895396449330528,0.0,1
4,2018-08-05,SC,0,0.0,0.0,0
4,2018-08-06,SC,9,12.458137082532945,13.0,1
4,2018-08-07,SC,9,12.341095034597672,12.0,1
4,2018-08-08,SC,14,10.827242475381167,9.0,1
4,2018-08-09,SC,12,10.077411602738469,8.0,1
4,2018-08-10,SC,15,9.481194656961724,8.0,1
4,2018-08-11,SC,0,0.19148446152213222,0.0,1
4,2018-08-12,SC,0,0.0,0.0,0
4,2018-08-13,SC,16,12.353059341891242,13.0,1
4,2018-08-14,SC,19,12.23601729395597,12.0,1
4,2018-08-15,SC,12,10.791851192372217,9.0,1
4,2018-08-16,SC,12,10.284868750074015,8.0,1
4,2018-08-17,SC,14,9.712839866064634,8.0,1
4,2018-08-18,SC,0,0.009190413603052078,0.0,1
4,2018-08-19,SC,0,0.0,0.0,0
4,2018-08-20,SC,13,12.331117173776576,13.0,1
4,2018-08-21,SC,16,12.214075125841303,12.0,1
4,2018-08-22,SC,9,10.814963922851874,9.0,1
4,2018-08-23,SC,8,10.282882641199768,8.0,1
4,2018-08-24,SC,6,9.657690578536974,8.0,1
4,2018-08-25,SC,0,0.19034499503799462,0.0,1
4,2018-08-26,SC,0,0.0,0.0,0
4,2018-08-27,SC,3,12.407749453572695,13.0,1
4,2018-08-28,SC,1,12.070971705772582,12.0,1
4,2018-08-29,SC,0,10.891596202647992,9.0,1
4,2018-08-30,SC,0,10.141765330005294,8.0,1
4,2018-08-31,SC,0,9.146350533277205,8.0,1
4,2018-07-01,SE,0,0.0,0.0,0
4,2018-07-02,SE,0,1.1211773839811123,1.0,1
4,2018-07-03,SE,2,0.7233551824929043,1.0,1
4,2018-07-04,SE,1,0.5062355578575681,0.0,1
4,2018-07-05,SE,1,0.4461325776557821,0.0,1
4,2018-07-06,SE,0,0.6156475090196318,0.0,1
4,2018-07-07,SE,0,7.201391331568097e-35,0.0,1
4,2018-07-08,SE,0,0.0,0.0,0
4,2018-07-09,SE,0,1.0471201303763646,1.0,1
4,2018-07-10,SE,1,0.8204202507141931,1.0,1
4,2018-07-11,SE,1,0.7869384561226846,0.0,1
4,2018-07-12,SE,1,0.7944354627084399,0.0,1
4,2018-07-13,SE,0,0.6764161956629827,0.0,1
4,2018-07-14,SE,0,0.0799831611502814,0.0,1
4,2018-07-15,SE,0,0.0,0.0,0
4,2018-07-16,SE,1,1.1143720405319226,1.0,1
4,2018-07-17,SE,1,0.8574267867406384,1.0,1
4,2018-07-18,SE,0,0.7571372653512268,0.0,1
4,2018-07-19,SE,1,0.7412385747205338,0.0,1
4,2018-07-20,SE,2,0.6220083303742183,0.0,1
4,2018-07-21,SE,0,0.10058631801172874,0.0,1
4,2018-07-22,SE,0,0.0,0.0,0
4,2018-07-23,SE,1,1.0841266664028095,1.0,1
4,2018-07-24,SE,0,0.8574267867406384,1.0,1
4,2018-07-25,SE,3,0.7899136029829632,0.0,1
4,2018-07-26,SE,5,0.713058140933089,0.0,1
4,2018-07-27,SE,3,0.5963165280456113,0.0,1
4,2018-07-28,SE,0,0.10058631801172874,0.0,1
4,2018-07-29,SE,0,0.0,0.0,0
4,2018-07-30,SE,0,1.1273276410100823,1.0,1
4,2018-07-31,SE,2,0.816809537218883,1.0,1
4,2018-08-01,SE,2,0.5920601734129473,0.0,1
4,2018-08-02,SE,0,0.7205278675402913,0.0,1
4,2018-08-03,SE,1,0.594238897860418,0.0,1
4,2018-08-04,SE,0,0.10058631801172874,0.0,1
4,2018-08-05,SE,0,0.0,0.0,0
4,2018-08-06,SE,2,1.1336045282252138,1.0,1
4,2018-08-07,SE,2,0.906904648563043,1.0,1
4,2018-08-08,SE,2,0.7714006044396625,0.0,1
4,2018-08-09,SE,3,0.7311644650599994,0.0,1
4,2018-08-10,SE,2,0.614473986917978,0.0,1
4,2018-08-11,SE,0,0.10058631801172874,0.0,1
4,2018-08-12,SE,0,0.0,0.0,0
4,2018-08-13,SE,1,1.1135482976492466,1.0,1
4,2018-08-14,SE,0,0.8868484179870757,1.0,1
4,2018-08-15,SE,4,0.7836039862293297,0.0,1
4,2018-08-16,SE,2,0.7433678468496666,0.0,1
4,2018-08-17,SE,4,0.6241376025033512,0.0,1
4,2018-08-18,SE,0,0.10058631801172874,0.0,1
4,2018-08-19,SE,0,0.0,0.0,0
4,2018-08-20,SE,0,1.1135482976492466,1.0,1
4,2018-08-21,SE,0,0.8868484179870757,1.0,1
4,2018-08-22,SE,0,0.7836039862293297,0.0,1
4,2018-08-23,SE,1,0.7413817379754197,0.0,1
4,2018-08-24,SE,0,0.6221514936291043,0.0,1
4,2018-08-25,SE,0,0.10058631801172874,0.0,1
4,2018-08-26,SE,0,0.0,0.0,0
4,2018-08-27,SE,0,1.145704638804635,1.0,1
4,2018-08-28,SE,0,0.9190047591424639,1.0,1
4,2018-08-29,SE,0,0.815760327384718,0.0,1
4,2018-08-30,SE,0,0.7755241880050548,0.0,1
4,2018-08-31,SE,0,0.5764575031939858,0.0,1
4,2018-07-01,SP,0,0.0,0.0,0
4,2018-07-02,SP,72,142.28068519706508,185.0,1
4,2018-07-03,SP,191,123.14735059895129,142.0,1
4,2018-07-04,SP,130,105.66985263140566,90.0,1
4,2018-07-05,SP,128,103.32329827446853,124.0,1
4,2018-07-06,SP,89,90.53603137044877,120.0,1
4,2018-07-07,SP,7,2.12727790386385,3.0,1
4,2018-07-08,SP,0,0.0,0.0,0
4,2018-07-09,SP,28,119.3382734106479,185.0,1
4,2018-07-10,SP,188,108.784327399508,142.0,1
4,2018-07-11,SP,92,99.95622978843323,90.0,1
4,2018-07-12,SP,60,87.03978846341083,124.0,1
4,2018-07-13,SP,36,80.78800680958273,120.0,1
4,2018-07-14,SP,1,2.6202255664386067,3.0,1
4,2018-07-15,SP,0,0.0,0.0,0
4,2018-07-16,SP,39,106.92904013308929,185.0,1
4,2018-07-17,SP,98,104.99261600371396,142.0,1
4,2018-07-18,SP,82,100.59505443809361,90.0,1
4,2018-07-19,SP,116,83.29048097499091,124.0,1
4,2018-07-20,SP,122,69.0595985590339,120.0,1
4,2018-07-21,SP,3,2.091859357666633,3.0,1
4,2018-07-22,SP,0,0.0,0.0,0
4,2018-07-23,SP,184,88.75809319984278,185.0,1
4,2018-07-24,SP,195,94.02521718469183,142.0,1
4,2018-07-25,SP,137,83.81411077886895,90.0,1
4,2018-07-26,SP,138,68.98151794414821,124.0,1
4,2018-07-27,SP,132,64.50560718193339,120.0,1
4,2018-07-28,SP,5,2.6199318196551715,3.0,1
4,2018-07-29,SP,0,0.0,0.0,0
4,2018-07-30,SP,181,79.23763051842323,185.0,1
4,2018-07-31,SP,178,77.40133217379777,142.0,1
4,2018-08-01,SP,151,76.37351173365637,90.0,1
4,2018-08-02,SP,102,67.46582998913108,124.0,1
4,2018-08-03,SP,187,71.1711954504153,120.0,1
4,2018-08-04,SP,3,2.096127085923798,3.0,1
4,2018-08-05,SP,0,0.0,0.0,0
4,2018-08-06,SP,251,82.47534902028038,185.0,1
4,2018-08-07,SP,165,84.01378501176205,142.0,1
4,2018-08-08,SP,134,76.85831078264223,90.0,1
4,2018-08-09,SP,179,67.98566676964776,124.0,1
4,2018-08-10,SP,212,69.03630979346951,120.0,1
4,2018-08-11,SP,5,2.6245387623120093,3.0,1
4,2018-08-12,SP,0,0.0,0.0,0
4,2018-08-13,SP,215,79.71356659894576,185.0,1
4,2018-08-14,SP,195,83.01182808795792,142.0,1
4,2018-08-15,SP,162,80.75249994301659,90.0,1
4,2018-08-16,SP,151,68.20915372388367,124.0,1
4,2018-08-17,SP,180,68.747905077571,120.0,1
4,2018-08-18,SP,2,2.0950428160099723,3.0,1
4,2018-08-19,SP,0,0.0,0.0,0
4,2018-08-20,SP,206,80.62952276371334,185.0,1
4,2018-08-21,SP,208,82.36604968237563,142.0,1
4,2018-08-22,SP,163,76.89570369114583,90.0,1
4,2018-08-23,SP,148,71.52465263258945,124.0,1
4,2018-08-24,SP,119,68.23708088125974,120.0,1
4,2018-08-25,SP,7,2.623399295827872,3.0,1
4,2018-08-26,SP,0,0.0,0.0,0
4,2018-08-27,SP,176,78.66181075655294,185.0,1
4,2018-08-28,SP,104,82.06666222738448,142.0,1
4,2018-08-29,SP,65,77.94025289031254,90.0,1
4,2018-08-30,SP,2,70.65076226333892,124.0,1
4,2018-08-31,SP,3,68.55284137862051,120.0,1
4,2018-07-01,TO,0,0.0,0.0,0
4,2018-07-02,TO,2,0.8378602276951409,1.0,1
4,2018-07-03,TO,2,0.5422975283829032,1.0,1
4,2018-07-04,TO,0,0.6920262987849918,0.0,1
4,2018-07-05,TO,1,0.4279907609901414,0.0,1
4,2018-07-06,TO,0,0.4615039362729474,0.0,1
4,2018-07-07,TO,0,0.0,0.0,1
4,2018-07-08,TO,0,0.0,0.0,0
4,2018-07-09,TO,0,1.2455258662150184,1.0,1
4,2018-07-10,TO,0,0.6968008613907245,1.0,1
4,2018-07-11,TO,0,0.6535039386799735,0.0,1
4,2018-07-12,TO,0,0.6806312015042139,0.0,1
4,2018-07-13,TO,0,0.552394717142756,0.0,1
4,2018-07-14,TO,0,7.201391331568097e-35,0.0,1
4,2018-07-15,TO,0,0.0,0.0,0
4,2018-07-16,TO,1,0.9907526512084546,1.0,1
4,2018-07-17,TO,3,1.0489695280382705,1.0,1
4,2018-07-18,TO,4,0.6335178760277582,0.0,1
4,2018-07-19,TO,1,0.6176191853970652,0.0,1
4,2018-07-20,TO,0,0.4979868518539918,0.0,1
4,2018-07-21,TO,0,0.0799831611502814,0.0,1
4,2018-07-22,TO,0,0.0,0.0,0
4,2018-07-23,TO,0,0.9605072770793411,1.0,1
4,2018-07-24,TO,1,0.7338073974171698,1.0,1
4,2018-07-25,TO,1,1.017684107498739,0.0,1
4,2018-07-26,TO,1,0.5894387516096203,0.0,1
4,2018-07-27,TO,0,0.4722950495253848,0.0,1
4,2018-07-28,TO,0,0.10058631801172874,0.0,1
4,2018-07-29,TO,0,0.0,0.0,0
4,2018-07-30,TO,3,1.0037082516866143,1.0,1
4,2018-07-31,TO,2,0.6931901478954144,1.0,1
4,2018-08-01,TO,0,0.4684407840894785,0.0,1
4,2018-08-02,TO,2,0.9741600323903532,0.0,1
4,2018-08-03,TO,1,0.4702174193401917,0.0,1
4,2018-08-04,TO,0,0.10058631801172874,0.0,1
4,2018-08-05,TO,0,0.0,0.0,0
4,2018-08-06,TO,1,1.0099851389017456,1.0,1
4,2018-08-07,TO,3,0.7832852592395744,1.0,1
4,2018-08-08,TO,2,0.6477812151161939,0.0,1
4,2018-08-09,TO,2,0.6075450757365308,0.0,1
4,2018-08-10,TO,0,0.9148972879054015,0.0,1
4,2018-08-11,TO,0,0.10058631801172874,0.0,1
4,2018-08-12,TO,0,0.0,0.0,0
4,2018-08-13,TO,1,0.9899289083257783,1.0,1
4,2018-08-14,TO,2,0.7632290286636071,1.0,1
4,2018-08-15,TO,1,0.6599845969058611,0.0,1
4,2018-08-16,TO,0,0.619748457526198,0.0,1
4,2018-08-17,TO,1,0.5001161239831249,0.0,1
4,2018-08-18,TO,0,0.23828867688706784,0.0,1
4,2018-08-19,TO,0,0.0,0.0,0
4,2018-08-20,TO,0,1.304623188765456,1.0,1
4,2018-08-21,TO,0,0.7632290286636071,1.0,1
4,2018-08-22,TO,0,0.6599845969058611,0.0,1
4,2018-08-23,TO,0,0.6177623486519511,0.0,1
4,2018-08-24,TO,0,0.49813001510887794,0.0,1
4,2018-08-25,TO,0,0.10058631801172874,0.0,1
4,2018-08-26,TO,0,0.0,0.0,0
4,2018-08-27,TO,0,1.0220852494811672,1.0,1
4,2018-08-28,TO,0,1.1080492489108684,1.0,1
4,2018-08-29,TO,0,0.6921409380612494,0.0,1
4,2018-08-30,TO,0,0.6519047986815862,0.0,1
4,2018-08-31,TO,0,0.4524360246737592,0.0,1
